college,Private,Apps,Accept,Enroll,Top10perc,Top25perc,F.Undergrad,P.Undergrad,Outstate,Room.Board,Books,Personal,PhD,Terminal,S.F.Ratio,perc.alumni,Expend,Grad.Rate,Apps_trans,Accept_trans,Enroll_trans,Top10perc_trans,F.Undergrad_trans,P.Undergrad_trans,Outstate_trans,Books_trans,Personal_trans,PhD_trans,Terminal_trans,S.F.Ratio_trans,perc.alumni_trans,Expend_trans,Accept_Rate,Outstate_Tier,Outstate_Tier_encoded,Private_encoded,Apps_trans_scaled,Accept_trans_scaled,Enroll_trans_scaled,Top10perc_trans_scaled,F.Undergrad_trans_scaled,P.Undergrad_trans_scaled,Outstate_trans_scaled,Books_trans_scaled,Personal_trans_scaled,PhD_trans_scaled,Terminal_trans_scaled,S.F.Ratio_trans_scaled,perc.alumni_trans_scaled,Expend_trans_scaled,Accept_Rate_scaled,Outstate_Tier_encoded_scaled,Private_encoded_scaled,Top25perc_trans,Room.Board_trans
Abilene Christian University,Yes,1660,1232,721,23,52,2885,537,7440,3300,450,2200,70.0,78,18.1,12,7041,60,0.0277941705422539,0.04102778809106515,0.49337479126560313,-0.053119072030679164,0.4335994064806973,0.3001555111149251,-0.6934490715406573,-0.6142542943018506,1.2713984995422554,-0.27913443822970246,-0.28237352323745246,1.0179463813154224,-0.8347120424139982,-0.49118269843375684,0.7421686746987952,Low,0,1,0.027794170542254523,0.041027788091066816,0.4933747912656024,-0.053119072030679226,0.43359940648069784,0.3001555111149254,-0.6934490715406575,-0.6142542943018524,1.2713984995422556,-0.27913443822970246,-0.2823735232374524,1.0179463813154224,-0.8347120424139983,-0.491182698433797,-0.032372339112454566,-1.2845558233198398,0.6125530498969481,3.970291913552122,8.101980731853192
Adelphi University,Yes,2186,1924,512,16,29,2683,1227,12280,6450,750,1500,29.0,30,12.2,16,10527,56,0.2829202044206763,0.48582101119642335,0.14221363903731324,-0.5849046607537621,0.36538161940562885,0.8682389489526622,0.5562683365380878,1.302364971752549,0.45655088669276045,-2.1547374751669635,-2.2481293668347866,-0.43508339525120426,-0.43232901744623836,0.5523622369819019,0.8801463860933212,High,2,1,0.2829202044206769,0.485821011196425,0.14221363903731254,-0.5849046607537622,0.3653816194056294,0.8682389489526624,0.5562683365380876,1.3023649717525472,0.4565508866927608,-2.1547374751669635,-2.2481293668347866,-0.43508339525120465,-0.4323290174462384,0.5523622369818617,0.9061926295687938,0.5915717607393999,0.6125530498969481,3.4011973816621555,8.771990436532242
Adrian College,Yes,1428,1097,336,22,50,1036,99,11250,3750,400,1165,53.0,66,12.9,30,8735,54,-0.11391602631457125,-0.07704594452120472,-0.31597748023315525,-0.12094221917214974,-0.6367744332943974,-0.7272538841097259,0.32201070401890103,-1.0385747647777013,-0.06865514322540396,-1.236939816910309,-1.0407110988557453,-0.2502164766951095,0.6744919461391042,0.09639280596058719,0.7682072829131653,High,2,1,-0.11391602631457062,-0.07704594452120306,-0.31597748023315597,-0.12094221917214981,-0.6367744332943969,-0.7272538841097257,0.32201070401890075,-1.038574764777703,-0.06865514322540363,-1.236939816910309,-1.0407110988557453,-0.2502164766951098,0.6744919461391043,0.09639280596054699,0.14474993126166572,0.5915717607393999,0.6125530498969481,3.9318256327243257,8.229777750081887
Agnes Scott College,Yes,417,349,137,60,89,510,63,12960,5450,450,875,92.0,97,7.7,37,19016,59,-1.3327694509817885,-1.2944460591988176,-1.3963882439476925,1.6144757210802636,-1.5312067984905091,-0.9740319705249559,0.7039260224445798,-0.6142542943018506,-0.6517337339065565,1.3330771206617404,1.3645882269351624,-1.7418719033014816,1.1257980950091877,1.726997292492287,0.8369304556354916,High,2,1,-1.3327694509817878,-1.294446059198816,-1.3963882439476931,1.6144757210802636,-1.5312067984905084,-0.9740319705249557,0.7039260224445796,-0.6142542943018524,-0.6517337339065562,1.3330771206617404,1.3645882269351624,-1.7418719033014822,1.125798095009188,1.7269972924922468,0.6122251618760879,0.5915717607393999,0.6125530498969481,4.499809670330265,8.603554357064281
Alaska Pacific University,Yes,193,146,55,16,44,249,869,7560,4120,800,1500,76.0,72,11.9,2,10922,15,-2.1530495876645794,-2.2876081768570704,-2.65921245857165,-0.5849046607537621,-2.5889009383551747,0.6254175275588529,-0.6567761844143083,1.5536080205663902,0.45655088669276045,0.11906038882416063,-0.6870519494859656,-0.5155706906011422,-2.3293571320628965,0.6370436045066592,0.7564766839378239,Medium,1,1,-2.153049587664579,-2.2876081768570686,-2.659212458571651,-0.5849046607537622,-2.588900938355174,0.6254175275588532,-0.6567761844143085,1.5536080205663885,0.4565508866927608,0.11906038882416065,-0.6870519494859656,-0.5155706906011426,-2.329357132062897,0.637043604506619,0.06495494735718245,-0.34649203129021994,0.6125530498969481,3.8066624897703196,8.323851131338817
Albertson College,Yes,587,479,158,38,62,678,41,13500,3335,500,675,,73,9.4,11,9727,55,-0.9831669114228404,-0.9481727219266437,-1.2145441688060648,0.7690207208177242,-1.1550990508649248,-1.198570026058043,0.817596785733177,-0.2291945977334828,-1.1697588647170762,,-0.6232192944825511,-1.2201811501799786,-0.9453261392418362,0.3648514210769269,0.8160136286201022,High,2,1,-0.9831669114228397,-0.948172721926642,-1.2145441688060654,0.7690207208177241,-1.1550990508649241,-1.1985700260580427,0.8175967857331767,-0.22919459773348455,-1.169758864717076,,-0.6232192944825511,-1.220181150179979,-0.9453261392418363,0.36485142107688673,0.4699427534045053,0.5915717607393999,0.6125530498969481,4.143134726391533,8.112527763478637
Albertus Magnus College,Yes,353,340,103,17,45,416,230,13290,5720,500,1500,90.0,93,11.5,26,8861,63,-1.5063000160279125,-1.3233585872439582,-1.7722654599603764,-0.4994689411839057,-1.8150655120615597,-0.2364992154928749,0.7737527961030578,-0.2291945977334828,0.45655088669276045,1.1692659029158703,0.9692990979140862,-0.6241261598571867,0.3918121720690085,0.13304593063730483,0.9631728045325779,High,2,1,-1.5063000160279119,-1.3233585872439566,-1.772265459960377,-0.4994689411839058,-1.815065512061559,-0.23649921549287464,0.7737527961030576,-0.22919459773348455,0.4565508866927608,1.1692659029158703,0.9692990979140862,-0.624126159857187,0.39181217206900854,0.1330459306372646,1.4709627437747088,0.5915717607393999,0.6125530498969481,3.828641396489095,8.651898894268529
Albion College,Yes,1899,1720,489,37,68,1594,32,13868,4826,450,850,89.0,100,13.7,37,11487,73,0.15310561817763538,0.37527117760558687,0.09364363716824842,0.7226458157909562,-0.15706162447411603,-1.323847012672887,0.893359908024116,-0.6142542943018506,-0.7100928489390356,1.0886494052534617,1.6789026453905742,-0.043655140683840785,1.1257980950091877,0.7502823344555293,0.9057398630858347,High,2,1,0.153105618177636,0.37527117760558854,0.09364363716824772,0.7226458157909561,-0.15706162447411548,-1.3238470126728867,0.8933599080241158,-0.6142542943018524,-0.7100928489390352,1.0886494052534617,1.6789026453905742,-0.04365514068384104,1.125798095009188,0.7502823344554891,1.0802869864699451,0.5915717607393999,0.6125530498969481,4.23410650459726,8.481980435660493
Albright College,Yes,1038,839,227,30,63,973,306,15595,4400,300,500,79.0,84,11.3,23,11644,80,-0.4193589015912839,-0.3534741603692539,-0.7700207143202807,0.3687770077049723,-0.7104745655794537,-0.06079782059427027,1.2322935057020183,-2.0483080694901465,-1.7565250573930093,0.32985855535977965,0.17590711389826053,-0.6789541266546215,0.16480222734879074,0.7802351502105349,0.8082851637764933,Very High,3,1,-0.4193589015912833,-0.3534741603692522,-0.7700207143202814,0.36877700770497224,-0.7104745655794531,-0.06079782059427001,1.2322935057020181,-2.0483080694901483,-1.7565250573930091,0.32985855535977965,0.17590711389826055,-0.6789541266546218,0.1648022273487908,0.7802351502104947,0.4173714627910875,1.5296355527690197,0.6125530498969481,4.1588830833596715,8.38958706681109
Alderson-Broaddus College,Yes,582,498,172,21,44,799,78,10468,3380,660,1800,40.0,41,11.5,15,8991,52,-0.9918073458047851,-0.906151921765511,-1.1081651194371072,-0.1910995085854955,-0.9486144612853745,-0.8587961830100914,0.13456411411234906,0.8108422001480808,0.8415717373291548,-1.797821922239352,-2.0259049331637793,-0.6241261598571867,-0.5277223848834107,0.17002953770072857,0.8556701030927835,Medium,1,1,-0.9918073458047845,-0.9061519217655093,-1.1081651194371078,-0.19109950858549554,-0.948614461285374,-0.8587961830100912,0.13456411411234878,0.8108422001480791,0.8415717373291551,-1.797821922239352,-2.0259049331637793,-0.624126159857187,-0.5277223848834108,0.17002953770068835,0.7396977547397244,-0.34649203129021994,0.6125530498969481,3.8066624897703196,8.125926802707886
Alfred University,Yes,1732,1425,472,37,75,1830,110,16548,5406,500,600,82.0,88,11.3,31,10932,73,0.0674823836685033,0.1877530872682031,0.056018465230557216,0.7226458157909562,-0.012674055439693757,-0.6681269626758217,1.4088462913452764,-0.2291945977334828,-1.4016057553649468,0.5484387369161905,0.5124477851823425,-0.6789541266546215,0.7420738904172537,0.6391260070100195,0.8227482678983834,Very High,3,1,0.06748238366850393,0.18775308726820478,0.05601846523055652,0.7226458157909561,-0.01267405543969319,-0.6681269626758215,1.4088462913452762,-0.22919459773348455,-1.4016057553649466,0.5484387369161905,0.5124477851823425,-0.6789541266546218,0.7420738904172538,0.6391260070099793,0.5157537502634537,1.5296355527690197,0.6125530498969481,4.330733340286331,8.595449689382004
Allegheny College,Yes,2652,1900,484,44,77,1707,44,17080,4440,400,600,73.0,91,9.9,41,11711,76,0.45900038268130033,0.47348271719466084,0.08273597384868624,1.0296888476949617,-0.08489100248516802,-1.162308797216759,1.5045123674303469,-1.0385747647777013,-1.4016057553649468,-0.08394204211030992,0.7816568116943878,-1.07392177987466,1.3638859737288738,0.7928286551963845,0.7164404223227753,Very High,3,1,0.45900038268130094,0.4734827171946625,0.08273597384868554,1.0296888476949617,-0.08489100248516745,-1.1623087972167587,1.5045123674303467,-1.038574764777703,-1.4016057553649466,-0.08394204211030991,0.7816568116943878,-1.0739217798746605,1.363885973728874,0.7928286551963443,-0.20738347780626848,1.5296355527690197,0.6125530498969481,4.356708826689592,8.398634855292102
Allentown Coll. of St. Francis de Sales,Yes,1179,780,290,38,64,1130,638,9690,4785,600,1000,60.0,84,13.3,21,7940,74,-0.296542260396559,-0.42954023088868243,-0.48324564741642817,0.7690207208177242,-0.5364055790483299,0.4148380667121805,-0.061289944401662744,0.44960144391101303,-0.38127720198738435,-0.8731730296610826,0.17590711389826053,-0.1463314798823474,0.004942005820180814,-0.15522989657869318,0.6615776081424937,Medium,1,1,-0.2965422603965584,-0.42954023088868076,-0.4832456474164289,0.7690207208177241,-0.5364055790483293,0.41483806671218076,-0.06128994440166302,0.4496014439110113,-0.381277201987384,-0.8731730296610826,0.17590711389826055,-0.14633147988234768,0.004942005820180843,-0.1552298965787334,-0.5805764736347528,-0.34649203129021994,0.6125530498969481,4.174387269895637,8.47345026846832
Alma College,Yes,1267,1080,385,44,73,1306,28,12572,4552,400,400,79.0,87,15.3,32,9305,68,-0.22763264605805184,-0.09300759405504756,-0.16464391628379804,1.0296888476949617,-0.3733069128542516,-1.3900837948934839,0.6203160478629941,-1.0385747647777013,-2.184436019568784,0.32985855535977965,0.4259346495311623,0.35589122960456665,0.8085395078716484,0.2560513072365705,0.8524072612470402,High,2,1,-0.22763264605805122,-0.0930075940550459,-0.16464391628379874,1.0296888476949617,-0.37330691285425105,-1.3900837948934837,0.6203160478629939,-1.038574764777703,-2.1844360195687837,0.32985855535977965,0.42593464953116233,0.35589122960456643,0.8085395078716485,0.2560513072365303,0.7175029449852314,0.5915717607393999,0.6125530498969481,4.30406509320417,8.423541635334782
Alverno College,Yes,494,313,157,23,46,1317,1235,8352,3640,650,2449,36.0,69,11.1,26,8127,55,-1.1584349762053057,-1.4152705388377889,-1.2225555821189287,-0.053119072030679164,-0.36401391094908286,0.872893115472483,-0.4238386292670067,0.7526774094232582,1.503697003901486,-1.9401726631853233,-0.8700943318940553,-0.7341609541828268,0.3918121720690085,-0.09264109665666519,0.6336032388663968,Medium,1,1,-1.158434976205305,-1.4152705388377873,-1.2225555821189293,-0.053119072030679226,-0.3640139109490823,0.8728931154724833,-0.423838629267007,0.7526774094232564,1.5036970039014863,-1.9401726631853233,-0.8700943318940553,-0.7341609541828271,0.39181217206900854,-0.09264109665670539,-0.7708663600093951,-0.34649203129021994,0.6125530498969481,3.8501476017100584,8.200013648175434
American International College,Yes,1420,1093,220,9,22,1018,287,8700,4780,450,1400,78.0,84,14.7,19,7355,69,-0.11923450915941824,-0.08077771636275002,-0.8074776554826101,-1.3330274833513371,-0.6572622589402508,-0.10067963175366583,-0.3260722857638828,-0.6142542943018506,0.31220519593736024,0.25872716535248275,0.17590711389826053,0.20805977145654062,-0.16286737272235163,-0.3666623052432123,0.7697183098591549,Medium,1,1,-0.11923450915941762,-0.08077771636274836,-0.8074776554826107,-1.3330274833513371,-0.6572622589402503,-0.10067963175366558,-0.3260722857638831,-0.6142542943018524,0.31220519593736057,0.25872716535248275,0.17590711389826055,0.20805977145654042,-0.16286737272235163,-0.3666623052432525,0.15502838090331927,-0.34649203129021994,0.6125530498969481,3.1354942159291497,8.472405008626103
Amherst College,Yes,4302,992,418,83,96,1593,5,19760,5300,660,1598,,98,8.4,63,21424,100,0.8890995965125371,-0.18017304949311616,-0.07474233594180844,2.2780860366648286,-0.15772790585019517,-2.1706909080364514,1.958821970010619,0.8108422001480808,0.5896109059810114,,1.467641878959388,-1.5221214719855227,2.4973679938601347,1.921528660450019,0.23059042305904232,Very High,3,1,0.8890995965125378,-0.1801730494931145,-0.07474233594180914,2.2780860366648286,-0.1577279058501946,-2.170690908036451,1.9588219700106189,0.8108422001480791,0.5896109059810117,,1.467641878959388,-1.5221214719855234,2.497367993860135,1.9215286604499788,-3.512278049067009,1.5296355527690197,0.6125530498969481,4.574710978503383,8.575650760987806
Anderson University,Yes,1216,908,423,19,40,1819,281,10100,3520,550,1100,48.0,61,12.1,14,7994,59,-0.26691812656526814,-0.2714591144498635,-0.06183714060491797,-0.3392340437249904,-0.018888304447196087,-0.11376894624033462,0.04316040253595542,0.12366360639712475,-0.1865912069727965,-1.470371731296988,-1.2983753500580535,-0.4618260365186871,-0.6263490666426472,-0.13692440314021118,0.7467105263157895,Medium,1,1,-0.26691812656526753,-0.2714591144498618,-0.06183714060491866,-0.33923404372499044,-0.018888304447195522,-0.11376894624033437,0.04316040253595514,0.123663606397123,-0.18659120697279616,-1.470371731296988,-1.2983753500580535,-0.4618260365186875,-0.6263490666426473,-0.1369244031402514,-0.0014773287692968597,-0.34649203129021994,0.6125530498969481,3.713572066704308,8.166500319155052
Andrews University,Yes,1130,704,322,14,23,1586,326,9996,3090,900,1320,62.0,66,11.5,18,10908,46,-0.33734706741628917,-0.5371343560895901,-0.3639418028883701,-0.7684736752694478,-0.1624061960324376,-0.02115914000686885,0.016933326759192444,2.0175449708765014,0.18968183135002825,-0.7613493814819632,-1.0407110988557453,-0.6241261598571867,-0.2501326836602141,0.6341232956603398,0.6230088495575221,Medium,1,1,-0.33734706741628856,-0.5371343560895885,-0.3639418028883708,-0.7684736752694479,-0.16240619603243706,-0.021159140006868592,0.01693332675919217,2.0175449708764996,0.18968183135002858,-0.7613493814819632,-1.0407110988557453,-0.624126159857187,-0.25013268366021413,0.6341232956602996,-0.8429325116318768,-0.34649203129021994,0.6125530498969481,3.1780538303479458,8.036249942132116
Angelo State University,No,3540,2001,1016,24,54,4190,1512,5130,3592,500,2000,60.0,62,23.1,5,4010,34,0.7175926868986051,0.5243231691436656,0.8272088611281935,0.012544204192919739,0.7676884667409246,1.0193220410253423,-1.4912463226655415,-0.2291945977334828,1.0664517667212474,-0.8731730296610826,-1.2494530951634284,2.108250746221951,-1.7484034481882336,-2.3924526873218346,0.5652542372881356,Low,0,0,0.7175926868986058,0.5243231691436673,0.8272088611281928,0.012544204192919675,0.7676884667409252,1.0193220410253425,-1.4912463226655417,-0.22919459773348455,1.0664517667212476,-0.8731730296610826,-1.2494530951634284,2.108250746221951,-1.7484034481882338,-2.392452687321875,-1.2357963684675608,-1.2845558233198398,-1.6325116659989423,4.007333185232471,8.186742787113518
Antioch University,Yes,713,661,252,25,44,712,23,15476,3336,400,1100,69.0,82,11.3,35,42926,48,-0.7881977335472874,-0.603660750149363,-0.6463731763978171,0.07620224590010687,-1.092794678079059,-1.4860814376784817,1.209754325500277,-1.0385747647777013,-0.1865912069727965,-0.34246044604151626,0.01703484187169807,-0.6789541266546215,1.001734296309972,2.8359956859131503,0.9270687237026648,Very High,3,1,-0.7881977335472867,-0.6036607501493614,-0.6463731763978178,0.0762022459001068,-1.0927946780790583,-1.4860814376784814,1.2097543255002767,-1.038574764777703,-0.18659120697279616,-0.34246044604151626,0.017034841871698108,-0.6789541266546218,1.0017342963099722,2.83599568591311,1.2253721686672496,1.5296355527690197,0.6125530498969481,3.8066624897703196,8.112827478751374
Appalachian State University,No,7313,4664,1910,20,63,9940,1035,6806,2540,96,2000,83.0,96,18.3,14,5854,70,1.3437272780440979,1.3296974156331665,1.3975044645046737,-0.2637884142137955,1.4439439767799103,0.7474276315958315,-0.8939510962294311,-5.6995563698426635,1.0664517667212474,0.6230258404135154,1.2632379969775114,1.0636508725674954,-0.6263490666426472,-1.0519687050520372,0.6377683577191303,Low,0,0,1.3437272780440985,1.329697415633168,1.397504464504673,-0.26378841421379556,1.443943976779911,0.7474276315958317,-0.8939510962294314,-5.699556369842665,1.0664517667212476,0.6230258404135154,1.2632379969775114,1.0636508725674954,-0.6263490666426473,-1.0519687050520774,-0.7425339967163727,-1.2845558233198398,-1.6325116659989423,4.1588830833596715,7.840312983320164
Aquinas College,Yes,619,516,219,20,51,1251,767,11208,4124,350,1615,55.0,65,12.7,25,6584,65,-0.9296724983030672,-0.8678947239971704,-0.8129407337877209,-0.2637884142137955,-0.42124755421152005,0.5395560299649554,0.31216472861049205,-1.5119094126371275,0.611920335577368,-1.1373980419630705,-1.094880026424442,-0.3026284411960633,0.3177088594568356,-0.6885530095696396,0.8336025848142165,High,2,1,-0.9296724983030665,-0.8678947239971687,-0.8129407337877216,-0.26378841421379556,-0.4212475542115195,0.5395560299649557,0.31216472861049177,-1.5119094126371293,0.6119203355773684,-1.1373980419630705,-1.094880026424442,-0.30262844119606364,0.31770885945683564,-0.6885530095696798,0.5895880059066398,0.5915717607393999,0.6125530498969481,3.9512437185814275,8.324821298768782
Arizona State University Main campus,No,12809,10308,3761,24,49,22593,7585,7434,4850,700,2100,88.0,93,18.9,5,4602,48,1.805304875038238,2.0428491746878157,1.9512314890631361,0.012544204192919739,1.9783596156465513,2.297115337082717,-0.6952928841954168,1.036080707406721,1.1711850671596715,1.0088928960519896,0.9692990979140862,1.1996123627079116,-1.7484034481882336,-1.8724588424063098,0.8047466625029276,Low,0,0,1.8053048750382388,2.0428491746878175,1.9512314890631355,0.012544204192919675,1.978359615646552,2.2971153370827175,-0.695292884195417,1.0360807074067193,1.1711850671596717,1.0088928960519896,0.9692990979140862,1.1996123627079116,-1.7484034481882338,-1.87245884240635,0.39330153654403927,-1.2845558233198398,-1.6325116659989423,3.912023005428146,8.486940148245216
Arkansas College (Lyon College),Yes,708,334,166,46,74,530,182,8644,3922,500,800,79.0,88,12.6,24,14579,54,-0.7952056021137316,-1.3430919308200022,-1.1524865054486442,1.1106782881401172,-1.4790166841604393,-0.37689610893187386,-0.34162914293415475,-0.2291945977334828,-0.8317407991744724,0.32985855535977965,0.5124477851823425,-0.3289547743612044,0.2420706033059415,1.2454681517793549,0.4717514124293785,Medium,1,1,-0.7952056021137309,-1.3430919308200007,-1.1524865054486448,1.1106782881401172,-1.4790166841604386,-0.3768961089318736,-0.34162914293415503,-0.22919459773348455,-0.8317407991744721,0.32985855535977965,0.5124477851823425,-0.32895477436120474,0.24207060330594155,1.2454681517793147,-1.871830079986632,-0.34649203129021994,0.6125530498969481,4.31748811353631,8.274611946209552
Arkansas Tech University,No,1734,1729,951,12,52,3602,939,3460,2650,450,1000,57.0,60,19.6,5,4739,48,0.06855942366930086,0.3804377936630486,0.7642184544263523,-0.9727316677869278,0.6355953858538823,0.6792289379186931,-2.2324617327877823,-0.6142542943018506,-0.38127720198738435,-1.0343401508981573,-1.3460179845367914,1.356129441000271,-1.7484034481882336,-1.7666101753091932,0.9971164936562861,Low,0,0,0.06855942366930148,0.38043779366305025,0.7642184544263516,-0.9727316677869279,0.6355953858538829,0.6792289379186933,-2.2324617327877827,-0.6142542943018524,-0.381277201987384,-1.0343401508981573,-1.3460179845367914,1.356129441000271,-1.7484034481882338,-1.7666101753092334,1.7018576991796808,-1.2845558233198398,-1.6325116659989423,3.970291913552122,7.8826922062890254
Assumption College,Yes,2135,1700,491,23,59,1708,689,12000,5920,500,500,93.0,93,13.8,30,7100,88,0.26123962574723714,0.36368557075564245,0.09797073617634125,-0.053119072030679164,-0.08427854063618628,0.4666461901064971,0.49390607097335004,-0.2291945977334828,-1.7565250573930093,1.4162709817701533,0.9692990979140862,-0.018169120424499485,0.6744919461391042,-0.4671388486143458,0.7962529274004684,High,2,1,0.26123962574723775,0.3636855707556441,0.09797073617634056,-0.053119072030679226,-0.08427854063618571,0.4666461901064974,0.49390607097334976,-0.22919459773348455,-1.7565250573930091,1.4162709817701533,0.9692990979140862,-0.018169120424499738,0.6744919461391043,-0.467138848614386,0.3355246525831801,0.5915717607393999,0.6125530498969481,4.0943445622221,8.686260632531775
Auburn University-Main Campus,No,7548,6791,3070,25,57,16262,1716,6300,3933,600,1908,85.0,91,16.7,18,6642,69,1.370278593404718,1.6724482606612392,1.7913283718185165,0.07620224590010687,1.7758025973961926,1.1124020592964763,-1.0629709897256059,0.44960144391101303,0.9657230697348619,0.7747877474272864,0.7816568116943878,0.6923240948584863,-0.2501326836602141,-0.6623477640253405,0.8997085320614733,Low,0,0,1.3702785934047186,1.6724482606612407,1.7913283718185158,0.0762022459001068,1.7758025973961933,1.1124020592964765,-1.062970989725606,0.4496014439110113,0.9657230697348622,0.7747877474272864,0.7816568116943878,0.6923240948584862,-0.25013268366021413,-0.6623477640253806,1.0392600991794334,-1.2845558233198398,-1.6325116659989423,4.060443010546419,8.277411998949004
Augsburg College,Yes,662,513,257,12,30,2074,726,11902,4372,540,950,65.0,65,12.8,31,7836,58,-0.8622838786335933,-0.8741708879650142,-0.623342191668465,-0.9727316677869278,0.11449793484123197,0.502111266263199,0.4718535875829905,0.05539421178077269,-0.4854840928742669,-0.5870586132298377,-1.094880026424442,-0.27638263282096814,0.7420738904172537,-0.19103172876789828,0.7749244712990937,High,2,1,-0.8622838786335927,-0.8741708879650125,-0.6233421916684657,-0.9727316677869279,0.11449793484123254,0.5021112662631992,0.47185358758299023,0.05539421178077094,-0.4854840928742666,-0.5870586132298377,-1.094880026424442,-0.2763826328209685,0.7420738904172538,-0.1910317287679385,0.19044222201896147,0.5915717607393999,0.6125530498969481,3.4339872044851463,8.38320455141292
Augustana College IL,Yes,1879,1658,497,36,69,1950,38,13353,4173,540,821,78.0,83,12.7,40,9220,71,0.14328635277136292,0.33887409351368114,0.11083104433542443,0.675328745331237,0.05229420487314884,-1.2373062479710122,0.7869534898148401,0.05539421178077269,-0.7798144880006043,0.25872716535248275,0.09569733284866454,-0.3026284411960633,1.3055390298726273,0.23321172569719256,0.8823842469398616,High,2,1,0.14328635277136353,0.3388740935136828,0.11083104433542373,0.6753287453312369,0.05229420487314941,-1.237306247971012,0.7869534898148399,0.05539421178077094,-0.7798144880006039,0.25872716535248275,0.09569733284866458,-0.30262844119606364,1.3055390298726275,0.23321172569715234,0.9214152171455692,0.5915717607393999,0.6125530498969481,4.248495242049359,8.336630087637147
Augustana College,Yes,761,725,306,21,58,1337,300,10990,3244,600,1021,66.0,70,10.4,30,6871,69,-0.7234886416365363,-0.5062068797315574,-0.42179417873863634,-0.1910995085854955,-0.3473575074707333,-0.07314506384833197,0.26066610660468426,0.44960144391101303,-0.33894274659695206,-0.5272161250696584,-0.8104772611976783,-0.9305096229230176,0.6744919461391042,-0.5622343980249318,0.9526938239159002,High,2,1,-0.7234886416365356,-0.5062068797315558,-0.42179417873863706,-0.19109950858549554,-0.34735750747073274,-0.07314506384833172,0.260666106604684,0.4496014439110113,-0.3389427465969517,-0.5272161250696584,-0.8104772611976783,-0.9305096229230181,0.6744919461391043,-0.562234398024972,1.3996816360153455,0.5915717607393999,0.6125530498969481,4.07753744390572,8.08487062913819
Austin College,Yes,948,798,295,42,74,1120,15,11280,4342,400,1150,81.0,95,13.0,33,11361,71,-0.5075090324304669,-0.40569893405393226,-0.4636302335001798,0.9459121453121655,-0.5465906523231704,-1.6883580068917192,0.32902876832268085,-1.0385747647777013,-0.09532026063319256,0.474714832564546,1.1635803366973685,-0.22412911641303207,0.8739402524684261,0.7257832507645184,0.8417721518987342,High,2,1,-0.5075090324304662,-0.4056989340539306,-0.4636302335001805,0.9459121453121654,-0.5465906523231698,-1.688358006891719,0.3290287683226806,-1.038574764777703,-0.09532026063319222,0.474714832564546,1.1635803366973685,-0.22412911641303238,0.8739402524684262,0.7257832507644782,0.6451598036797981,0.5915717607393999,0.6125530498969481,4.31748811353631,8.376320632534823
Averett College,Yes,627,556,172,16,40,777,538,9925,4135,750,1350,59.0,67,22.4,11,6523,48,-0.9167620943759426,-0.7877554130475282,-1.1081651194371072,-0.5849046607537621,-0.9832004951644471,0.3013831459239031,-0.001074826464552071,1.302364971752549,0.23641393758197868,-0.9277718533150182,-0.9851988400469104,1.9615837480874563,-0.9453261392418362,-0.7165006291979146,0.886762360446571,Medium,1,1,-0.9167620943759419,-0.7877554130475265,-1.1081651194371078,-0.5849046607537622,-0.9832004951644465,0.30138314592390336,-0.0010748264645523452,1.3023649717525472,0.236413937581979,-0.9277718533150182,-0.9851988400469104,1.9615837480874565,-0.9453261392418363,-0.7165006291979548,0.9511964327113076,-0.34649203129021994,0.6125530498969481,3.713572066704308,8.327484416188264
Baker University,Yes,602,483,206,21,47,958,466,8620,4100,400,2250,58.0,68,11.0,21,6136,65,-0.9577117377063573,-0.9391798759192604,-0.8866943418530147,-0.1910995085854955,-0.7288823297174306,0.20724118805424357,-0.3483166376790663,-1.0385747647777013,1.3199334200026576,-0.9814944542822377,-0.9283307329438812,-0.761909398547313,0.004942005820180814,-0.9036897818932241,0.8023255813953488,Medium,1,1,-0.9577117377063566,-0.9391798759192588,-0.8866943418530153,-0.19109950858549554,-0.72888232971743,0.20724118805424382,-0.34831663767906657,-1.038574764777703,1.3199334200026578,-0.9814944542822377,-0.9283307329438812,-0.7619093985473134,0.004942005820180843,-0.9036897818932643,0.3768326308712091,-0.34649203129021994,0.6125530498969481,3.871201010907891,8.31898612539206
Baldwin-Wallace College,Yes,1690,1366,662,30,61,2718,1460,10995,4410,1000,1000,68.0,74,17.6,20,8086,85,0.04455113927364251,0.14527370676799706,0.4075134570631678,0.3687770077049723,0.3776414704782418,0.9937885450977617,0.2618547522692284,2.4385555837110098,-0.38127720198738435,-0.4049164499282882,-0.5579571392876599,0.9028169702793557,-0.07789767130558382,-0.10617250445471191,0.808284023668639,High,2,1,0.04455113927364313,0.14527370676799872,0.4075134570631671,0.36877700770497224,0.37764147047824237,0.9937885450977619,0.2618547522692281,2.438555583711008,-0.381277201987384,-0.4049164499282882,-0.5579571392876599,0.9028169702793557,-0.07789767130558381,-0.10617250445475211,0.4173637074421859,0.5915717607393999,0.6125530498969481,4.127134385045092,8.39185670010494
Barat College,Yes,261,192,111,15,36,453,266,9690,4300,500,500,57.0,77,9.7,35,9337,71,-1.826185983809296,-1.968997671696466,-1.6721029692823495,-0.6744109272506593,-1.6948013186411106,-0.14762845649391362,-0.061289944401662744,-0.2291945977334828,-1.7565250573930093,-1.0343401508981573,-0.35347352257287784,-1.132072536195713,1.001734296309972,0.2645665459976302,0.735632183908046,Medium,1,1,-1.8261859838092953,-1.9689976716964643,-1.6721029692823501,-0.6744109272506594,-1.69480131864111,-0.14762845649391337,-0.06128994440166302,-0.22919459773348455,-1.7565250573930091,-1.0343401508981573,-0.3534735225728778,-1.1320725361957134,1.0017342963099722,0.26456654599759,-0.07683547168872246,-0.34649203129021994,0.6125530498969481,3.6109179126442243,8.366602832783736
Bard College,Yes,1910,838,285,50,85,1004,15,19264,6206,750,750,98.0,98,10.4,30,13894,79,0.1584590373676201,-0.3547151917027906,-0.503255081738839,1.2651043449994013,-0.6735049516794012,-1.6883580068917192,1.87793808381642,1.302364971752549,-0.9606431574931019,1.845106060829401,1.467641878959388,-0.9305096229230176,0.6744919461391042,1.150582615517194,0.4387434554973822,Very High,3,1,0.1584590373676207,-0.3547151917027889,-0.5032550817388397,1.2651043449994013,-0.6735049516794006,-1.688358006891719,1.8779380838164197,1.3023649717525472,-0.9606431574931016,1.845106060829401,1.467641878959388,-0.9305096229230181,0.6744919461391043,1.150582615517154,-2.09635990984827,1.5296355527690197,0.6125530498969481,4.454347296253507,8.733432966413652
Barnard College,Yes,2496,1402,531,53,95,2121,69,17926,8124,600,850,83.0,93,10.3,33,12580,91,0.40402576072111746,0.17142098541467574,0.1804758188519211,1.3749937779595973,0.1369006235566917,-0.9252445141562533,1.6526907612293125,0.44960144391101303,-0.7100928489390356,0.6230258404135154,0.9692990979140862,-0.9589736427194986,0.8739402524684261,0.9466907792604569,0.561698717948718,Very High,3,1,0.40402576072111807,0.1714209854146774,0.1804758188519204,1.3749937779595973,0.13690062355669225,-0.9252445141562531,1.6526907612293122,0.4496014439110113,-0.7100928489390352,0.6230258404135154,0.9692990979140862,-0.958973642719499,0.8739402524684262,0.9466907792604167,-1.2599820566031195,1.5296355527690197,0.6125530498969481,4.564348191467836,9.002701007197938
Barry University,Yes,990,784,279,18,45,1811,3144,11290,5360,600,1800,76.0,78,12.6,11,9084,72,-0.4653031322549058,-0.4241916876518922,-0.5278077443510664,-0.41769469988544683,-0.02343660070007725,1.5741815572673292,0.33136539791935343,0.44960144391101303,0.8415717373291548,0.11906038882416063,-0.28237352323745246,-0.3289547743612044,-0.9453261392418362,0.19598482610711043,0.7919191919191919,High,2,1,-0.4653031322549052,-0.4241916876518905,-0.527807744351067,-0.4176946998854469,-0.023436600700076686,1.5741815572673294,0.33136539791935316,0.4496014439110113,0.8415717373291551,0.11906038882416065,-0.2823735232374524,-0.32895477436120474,-0.9453261392418363,0.19598482610707021,0.30604530939689767,0.5915717607393999,0.6125530498969481,3.828641396489095,8.586905803827538
Baylor University,Yes,6075,5349,2367,34,66,9919,484,6450,3920,600,1346,71.0,76,18.5,38,7503,72,1.1867954473128404,1.455740281153326,1.579078362955058,0.5776799288914052,1.4424396563129227,0.23194512481235613,-1.0119640772693326,0.44960144391101303,0.2302388757233268,-0.21493899577553588,-0.4230962065588109,1.1091614415162454,1.1865255105248433,-0.3107758058606938,0.8804938271604938,Low,0,1,1.186795447312841,1.4557402811533275,1.5790783629550573,0.5776799288914051,1.4424396563129234,0.23194512481235638,-1.0119640772693328,0.4496014439110113,0.23023887572332713,-0.21493899577553588,-0.42309620655881086,1.1091614415162454,1.1865255105248436,-0.310775805860734,0.9085560258813842,-1.2845558233198398,0.6125530498969481,4.204692619390966,8.27410200229233
Beaver College,Yes,1163,850,348,23,56,878,519,12850,5400,400,800,78.0,89,12.2,30,8954,73,-0.30966301556478515,-0.33992627846697143,-0.2766647616636491,-0.053119072030679164,-0.833370321592488,0.2776982439626942,0.6803911120003983,-1.0385747647777013,-0.8317407991744724,0.25872716535248275,0.6005650532112241,-0.43508339525120426,0.6744919461391042,0.15958778625130116,0.7308684436801376,High,2,1,-0.30966301556478454,-0.33992627846696977,-0.27666476166364984,-0.053119072030679226,-0.8333703215924875,0.2776982439626945,0.680391112000398,-1.038574764777703,-0.8317407991744721,0.25872716535248275,0.6005650532112241,-0.43508339525120465,0.6744919461391043,0.15958778625126094,-0.1092398336151793,0.5915717607393999,0.6125530498969481,4.04305126783455,8.594339400592892
Bellarmine College,Yes,807,707,308,39,63,1198,605,8840,2950,750,1290,74.0,82,13.1,31,6668,84,-0.6654593239812808,-0.5326562067768549,-0.4143740765445859,0.8144962912549331,-0.46994019984940544,0.3792880943109691,-0.2874658280935898,1.302364971752549,0.14195578645591098,-0.01714162821819213,0.01703484187169807,-0.19811971128459815,0.7420738904172537,-0.6507148514205461,0.8760842627013631,Medium,1,1,-0.6654593239812802,-0.5326562067768532,-0.41437407654458663,0.814496291254933,-0.4699401998494049,0.3792880943109694,-0.28746582809359006,1.3023649717525472,0.1419557864559113,-0.01714162821819212,0.017034841871698108,-0.19811971128459846,0.7420738904172538,-0.6507148514205863,0.8785608716883411,-0.34649203129021994,0.6125530498969481,4.1588830833596715,7.989899374942939
Belmont Abbey College,Yes,632,494,129,17,36,709,131,9000,4850,300,2480,78.0,85,13.2,10,7550,52,-0.9087825139784366,-0.9148542999972104,-1.474309288976423,-0.4994689411839057,-1.098144853736447,-0.5687111330584822,-0.2438328726773592,-2.0483080694901465,1.5310702285049795,0.25872716535248275,0.25767565625110594,-0.17218743592901764,-1.060970528103861,-0.2933824340998798,0.7816455696202531,Medium,1,1,-0.9087825139784359,-0.9148542999972087,-1.4743092889764238,-0.4994689411839058,-1.0981448537364464,-0.568711133058482,-0.24383287267735948,-2.0483080694901483,1.5310702285049798,0.25872716535248275,0.257675656251106,-0.17218743592901792,-1.0609705281038613,-0.29338243409992,0.23616110930551232,-0.34649203129021994,0.6125530498969481,3.6109179126442243,8.486940148245216
Belmont University,Yes,1220,974,481,28,67,1964,623,7800,3664,650,900,61.0,61,11.1,19,7614,49,-0.26377358194706124,-0.19902004983444477,0.07612880200700002,0.2564541555541443,0.05955546209244588,0.398889570751312,-0.5845619581984869,0.7526774094232582,-0.5948985253355604,-0.8176986530101636,-1.2983753500580535,-0.7341609541828268,-0.16286737272235163,-0.2699645858179488,0.7983606557377049,Medium,1,1,-0.26377358194706063,-0.1990200498344431,0.07612880200699933,0.25645415555414425,0.05955546209244645,0.39888957075131226,-0.5845619581984871,0.7526774094232564,-0.5948985253355601,-0.8176986530101636,-1.2983753500580535,-0.7341609541828271,-0.16286737272235163,-0.269964585817989,0.3498620405629711,-0.34649203129021994,0.6125530498969481,4.219507705176107,8.206583614320753
Beloit College,Yes,1320,923,284,26,54,1085,81,16304,3616,355,715,,95,11.1,26,12957,69,-0.18856465956975316,-0.25451221026725024,-0.5073055598220004,0.13799295441079093,-0.5831309871770871,-0.8381790084362992,1.3642928024927294,-1.4620140140883577,-1.0556986655152063,,1.1635803366973685,-0.7341609541828268,0.3918121720690085,1.0084419148859107,0.6992424242424242,Very High,3,1,-0.18856465956975255,-0.2545122102672486,-0.5073055598220011,0.13799295441079087,-0.5831309871770866,-0.838179008436299,1.3642928024927292,-1.4620140140883595,-1.055698665515206,,1.1635803366973685,-0.7341609541828271,0.39181217206900854,1.0084419148858705,-0.32436931824763443,1.5296355527690197,0.6125530498969481,4.007333185232471,8.193400231952097
Bemidji State University,No,1208,877,546,12,36,3796,824,4425,2700,660,1800,57.0,62,19.6,16,3752,46,-0.2732406406363967,-0.3074516779460022,0.20958391161450185,-0.9727316677869278,0.6819176384241512,0.5887221256003545,-1.781279641101148,0.8108422001480808,0.8415717373291548,-1.0343401508981573,-1.2494530951634284,1.356129441000271,-0.43232901744623836,-2.6578353535574277,0.7259933774834437,Low,0,0,-0.2732406406363961,-0.30745167794600053,0.20958391161450116,-0.9727316677869279,0.6819176384241518,0.5887221256003548,-1.7812796411011482,0.8108422001480791,0.8415717373291551,-1.0343401508981573,-1.2494530951634284,1.356129441000271,-0.4323290174462384,-2.657835353557468,-0.14240146751948335,-1.2845558233198398,-1.6325116659989423,3.6109179126442243,7.901377353792616
Benedictine College,Yes,632,620,222,14,24,702,501,9550,3850,350,250,,84,14.1,18,5922,58,-0.9087825139784366,-0.6715507608397938,-0.796636923018889,-0.7684736752694478,-1.1107366395715648,0.25452777986226477,-0.09761998875753103,-1.5119094126371275,-3.0629205945941593,,0.17590711389826053,0.0578612960059782,-0.2501326836602141,-1.0152189069534967,0.9810126582278481,Medium,1,1,-0.9087825139784359,-0.6715507608397921,-0.7966369230188897,-0.7684736752694479,-1.110736639571564,0.25452777986226505,-0.0976199887575313,-1.5119094126371293,-3.062920594594159,,0.17590711389826055,0.05786129600597796,-0.25013268366021413,-1.015218906953537,1.5923146748623527,-0.34649203129021994,0.6125530498969481,3.2188758248682006,8.25608813381491
Bennington College,Yes,519,327,114,25,53,457,2,21700,4100,600,500,35.0,59,10.1,33,16364,55,-1.1080463869533936,-1.366598876706171,-1.6366699370331954,0.07620224590010687,-1.6825201948308235,-2.5348043450754973,2.2629566246673223,0.44960144391101303,-1.7565250573930093,-1.973522754977013,-1.392393977623881,-1.0162263075553521,0.8739402524684261,1.4633422065399033,0.630057803468208,Very High,3,1,-1.108046386953393,-1.3665988767061694,-1.636669937033196,0.0762022459001068,-1.6825201948308228,-2.534804345075497,2.262956624667322,0.4496014439110113,-1.7565250573930091,-1.973522754977013,-1.392393977623881,-1.0162263075553526,0.8739402524684262,1.4633422065398631,-0.794983454211281,1.5296355527690197,0.6125530498969481,3.9889840465642745,8.31898612539206
Bentley College,Yes,3466,2330,640,20,60,3095,1533,13800,5510,630,850,87.0,87,17.5,20,10941,82,0.6988613218762794,0.672694413439469,0.37321103157508523,-0.2637884142137955,0.49860637000018987,1.029409853917204,0.8794605502331131,0.6339700115112425,-0.7100928489390356,0.9299968174778829,0.4259346495311623,0.8796391420415897,-0.07789767130558382,0.6409976588717751,0.6722446624350836,High,2,1,0.69886132187628,0.6726944134394707,0.3732110315750845,-0.26378841421379556,0.4986063700001904,1.0294098539172043,0.8794605502331129,0.6339700115112408,-0.7100928489390352,0.9299968174778829,0.42593464953116233,0.8796391420415897,-0.07789767130558381,0.6409976588717349,-0.5080160334240953,0.5915717607393999,0.6125530498969481,4.110873864173311,8.614501373883236
Berry College,Yes,1858,1221,480,37,68,1620,49,8050,3940,350,2375,80.0,80,16.3,17,10511,63,0.1328547136242795,0.03193723354616848,0.07391584234241172,0.7226458157909562,-0.13991503047067838,-1.1065527913653308,-0.5108746975091973,-1.5119094126371275,1.4370347751940067,0.4018546093085536,-0.1356944211524122,0.5973594431689156,-0.33988160333066747,0.5488289868373689,0.6571582346609257,Medium,1,1,0.1328547136242801,0.031937233546170146,0.07391584234241103,0.7226458157909561,-0.13991503047067783,-1.1065527913653306,-0.5108746975091976,-1.5119094126371293,1.437034775194007,0.4018546093085536,-0.13569442115241218,0.5973594431689155,-0.3398816033306675,0.5488289868373287,-0.6106383516830006,-0.34649203129021994,0.6125530498969481,4.23410650459726,8.279189777195004
Bethany College,Yes,878,816,200,16,41,706,62,8740,3363,550,1700,62.0,68,11.6,29,7718,48,-0.5825186966500814,-0.38242580169939144,-0.9225677402831564,-0.5849046607537621,-1.1035226954130717,-0.9825675695179341,-0.3150004769714215,0.12366360639712475,0.7203062078785692,-0.7613493814819632,-0.9283307329438812,-0.5968513837520442,0.6057379786639013,-0.23255110106695637,0.929384965831435,Medium,1,1,-0.5825186966500807,-0.3824258016993898,-0.922567740283157,-0.5849046607537622,-1.103522695413071,-0.9825675695179339,-0.31500047697142175,0.123663606397123,0.7203062078785696,-0.7613493814819632,-0.9283307329438812,-0.5968513837520445,0.6057379786639014,-0.23255110106699659,1.2411279287757164,-0.34649203129021994,0.6125530498969481,3.7376696182833684,8.120886021092838
Bethel College KS,Yes,202,184,122,19,42,537,101,8540,3580,500,1400,61.0,80,8.8,32,8324,56,-2.1032305933244047,-2.0181113967731115,-1.5472072638375063,-0.3392340437249904,-1.4613146071722953,-0.7160770609235252,-0.3706970294107873,-0.2291945977334828,0.31220519593736024,-0.8176986530101636,-0.1356944211524122,-1.3997522525012307,0.8085395078716484,-0.02906368632803433,0.9108910891089109,Medium,1,1,-2.103230593324404,-2.0181113967731097,-1.547207263837507,-0.33923404372499044,-1.4613146071722947,-0.716077060923525,-0.3706970294107876,-0.22919459773348455,0.31220519593736057,-0.8176986530101636,-0.13569442115241218,-1.3997522525012311,0.8085395078716485,-0.029063686328074535,1.1153271407249636,-0.34649203129021994,0.6125530498969481,3.7612001156935624,8.183397369998433
Bethel College,Yes,502,384,104,11,28,347,74,6200,2900,600,800,63.0,63,11.7,13,7623,35,-1.1420185183626734,-1.1891273621254719,-1.7592629458791422,-1.0845174670653988,-2.078637735883977,-0.8874268200608986,-1.097420398630377,0.44960144391101303,-0.8317407991744724,-0.7041258620108916,-1.199238322126377,-0.5696679314881975,-0.7285459157740776,-0.26669579069769817,0.7649402390438247,Low,0,1,-1.1420185183626728,-1.1891273621254703,-1.759262945879143,-1.0845174670653988,-2.0786377358839765,-0.8874268200608983,-1.0974203986303772,0.4496014439110113,-0.8317407991744721,-0.7041258620108916,-1.199238322126377,-0.5696679314881978,-0.7285459157740777,-0.26669579069773836,0.12252653810695363,-1.2845558233198398,0.6125530498969481,3.367295829986474,7.972810784121404
Bethune Cookman College,Yes,1646,1150,542,12,30,2128,82,5188,3396,650,2500,48.0,48,13.8,9,6817,58,0.01986273136073493,-0.028930028137018123,0.2019127744541784,-0.9727316677869278,0.1401853966530453,-0.8314593967701951,-1.468582119341377,0.7526774094232582,1.5485627324170848,-1.470371731296988,-1.8227310098814986,-0.018169120424499485,-1.1823654119674138,-0.585373912788788,0.6986634264884569,Low,0,1,0.01986273136073555,-0.028930028137016457,0.2019127744541777,-0.9727316677869279,0.14018539665304586,-0.8314593967701949,-1.4685821193413773,0.7526774094232564,1.548562732417085,-1.470371731296988,-1.8227310098814986,-0.018169120424499738,-1.182365411967414,-0.5853739127888282,-0.3283078312388014,-1.2845558233198398,0.6125530498969481,3.4339872044851463,8.130647968160584
Birmingham-Southern College,Yes,805,588,287,67,88,1376,207,11660,4325,400,900,74.0,79,14.0,34,8649,72,-0.6679077542812651,-0.7279619144104494,-0.49520308156545995,1.8339863950842885,-0.3157343147978096,-0.30009653988082174,0.4168816091088187,-1.0385747647777013,-0.5948985253355604,-0.01714162821819213,-0.20978440474634713,0.032588388009415346,0.9383237733786066,0.07090393487116542,0.7304347826086957,High,2,1,-0.6679077542812645,-0.7279619144104478,-0.49520308156546067,1.8339863950842885,-0.31573431479780906,-0.30009653988082147,0.41688160910881844,-1.038574764777703,-0.5948985253355601,-0.01714162821819212,-0.2097844047463471,0.032588388009415103,0.9383237733786067,0.07090393487112522,-0.11218972375194472,0.5915717607393999,0.6125530498969481,4.48863636973214,8.372398606513004
Blackburn College,Yes,500,336,156,25,55,421,27,6500,2700,500,1000,76.0,76,14.3,53,8377,51,-1.14609618329,-1.3364723261573157,-1.2306260699097216,0.07620224590010687,-1.7980667168378366,-1.407972650027876,-0.9951351141622933,-0.2291945977334828,-0.38127720198738435,0.11906038882416063,-0.4230962065588109,0.10819887934799702,2.0131861287551445,-0.012353858488955588,0.672,Low,0,1,-1.1460961832899994,-1.3364723261573141,-1.2306260699097222,0.0762022459001068,-1.798066716837836,-1.4079726500278757,-0.9951351141622935,-0.22919459773348455,-0.381277201987384,0.11906038882416065,-0.42309620655881086,0.1081988793479968,2.013186128755145,-0.012353858488995792,-0.5096802992566043,-1.2845558233198398,0.6125530498969481,4.02535169073515,7.901377353792616
Bloomsburg Univ. of Pennsylvania,No,6773,3028,1025,15,55,5847,946,7844,2948,500,1680,,68,18.0,19,7041,75,1.2790783538152786,0.9244705087214945,0.8355631841537732,-0.6744109272506593,1.0437985490156891,0.6844093815412561,-0.5714816336528199,-0.2291945977334828,0.6952627028221406,,-0.9283307329438812,0.9950204857321487,-0.16286737272235163,-0.49118269843375684,0.4470692455337369,Medium,1,0,1.2790783538152792,0.9244705087214962,0.8355631841537725,-0.6744109272506594,1.0437985490156898,0.6844093815412563,-0.5714816336528201,-0.22919459773348455,0.695262702822141,,-0.9283307329438812,0.9950204857321487,-0.16286737272235163,-0.491182698433797,-2.039725437615475,-0.34649203129021994,-1.6325116659989423,4.02535169073515,7.989221408815276
Bluefield College,Yes,377,358,181,15,30,653,129,7150,4350,450,1500,61.0,67,17.8,3,6259,53,-1.4375425749292863,-1.2663199388144046,-1.0449219639106846,-0.6744109272506593,-1.2033929563374504,-0.577534394661858,-0.7837089911468502,-0.6142542943018506,0.45655088669276045,-0.8176986530101636,-0.9851988400469104,0.949019493150806,-2.110816243643385,-0.842263487325053,0.9496021220159151,Low,0,1,-1.4375425749292856,-1.266319938814403,-1.0449219639106853,-0.6744109272506594,-1.2033929563374497,-0.5775343946618577,-0.7837089911468504,-0.6142542943018524,0.4565508866927608,-0.8176986530101636,-0.9851988400469104,0.949019493150806,-2.1108162436433853,-0.8422634873250932,1.3786509704998542,-1.2845558233198398,0.6125530498969481,3.4339872044851463,8.37816098272068
Bluffton College,Yes,692,514,209,20,50,760,81,9900,3990,400,900,76.0,71,13.3,19,9073,58,-0.8179928307605432,-0.8720744829558998,-0.8692067638980328,-0.2637884142137955,-1.0107540532780923,-0.8381790084362992,-0.007435867506012867,-1.0385747647777013,-0.5948985253355604,0.11906038882416063,-0.7494672137091747,-0.1463314798823474,-0.16286737272235163,0.19293625552656662,0.7427745664739884,Medium,1,1,-0.8179928307605425,-0.8720744829558982,-0.8692067638980334,-0.26378841421379556,-1.0107540532780916,-0.838179008436299,-0.007435867506013141,-1.038574764777703,-0.5948985253355601,0.11906038882416065,-0.7494672137091747,-0.14633147988234768,-0.16286737272235163,0.1929362555265264,-0.02825088508005347,-0.34649203129021994,0.6125530498969481,3.9318256327243257,8.291797105048733
Boston University,Yes,20192,13007,3810,45,80,14971,3113,18420,6810,475,1025,80.0,81,11.9,16,16836,72,2.166513908461582,2.244675723379831,1.9612594360226996,1.0705183742130722,1.7225095835120228,1.566400034084339,1.7371004827258412,-0.417308161549658,-0.33097055812576986,0.4018546093085536,-0.060091883356808096,-0.5155706906011422,-0.43232901744623836,1.5149199449563813,0.6441660063391442,Very High,3,1,2.1665139084615825,2.244675723379833,1.961259436022699,1.0705183742130722,1.7225095835120234,1.5664000340843391,1.737100482725841,-0.4173081615496597,-0.33097055812576953,0.4018546093085536,-0.06009188335680806,-0.5155706906011426,-0.4323290174462384,1.514919944956341,-0.699015309415438,1.5296355527690197,0.6125530498969481,4.394449154672439,8.826294231241318
Bowdoin College,Yes,3356,1019,418,76,100,1490,8,19030,5885,1495,875,93.0,96,11.2,52,20447,96,0.670209399278762,-0.15257740226054733,-0.07474233594180844,2.092417481864056,-0.2292230589851523,-1.9707317600173162,1.839303693574466,4.098958882920753,-0.6517337339065565,1.4162709817701533,1.2632379969775114,-0.7065095975671861,1.9622255291248631,1.8468697924441353,0.3036352800953516,Very High,3,1,0.6702093992787627,-0.15257740226054567,-0.07474233594180914,2.092417481864056,-0.22922305898515175,-1.970731760017316,1.8393036935744658,4.098958882920751,-0.6517337339065562,1.4162709817701533,1.2632379969775114,-0.7065095975671865,1.9622255291248634,1.846869792444095,-3.0154054508501797,1.5296355527690197,0.6125530498969481,4.61512051684126,8.680331928793418
Bowling Green State University,No,9251,7333,3076,14,45,13699,1213,7452,3352,600,1700,81.0,89,21.1,14,6918,67,1.5396129266227727,1.7414064042828803,1.792890133744915,-0.7684736752694478,1.6642175111317756,0.8600279544133582,-0.6897643746874383,0.44960144391101303,0.7203062078785692,0.474714832564546,0.6005650532112241,1.6843804184779831,-0.6263490666426472,-0.5423215742328643,0.7926710625878284,Low,0,0,1.5396129266227734,1.7414064042828818,1.7928901337449143,-0.7684736752694479,1.6642175111317763,0.8600279544133584,-0.6897643746874386,0.4496014439110113,0.7203062078785696,0.474714832564546,0.6005650532112241,1.6843804184779834,-0.6263490666426473,-0.5423215742329045,0.3111597547912219,-1.2845558233198398,-1.6325116659989423,3.828641396489095,8.117610746466228
Bradford College,Yes,443,330,151,5,36,453,42,14080,6270,500,900,57.0,80,10.2,21,15387,46,-1.270295331664833,-1.3564592207598076,-1.2718938680769172,-1.9916231295773121,-1.6948013186411106,-1.186224667229641,0.9364079032146706,-0.2291945977334828,-0.5948985253355604,-1.0343401508981573,-0.1356944211524122,-0.9875453810067325,0.004942005820180814,1.348917944145591,0.744920993227991,Very High,3,1,-1.2702953316648324,-1.356459220759806,-1.2718938680769178,-1.9916231295773121,-1.69480131864111,-1.1862246672296408,0.9364079032146704,-0.22919459773348455,-0.5948985253355601,-1.0343401508981573,-0.13569442115241218,-0.987545381006733,0.004942005820180843,1.3489179441455508,-0.013650259089188311,1.5296355527690197,0.6125530498969481,3.6109179126442243,8.74369111054302
Bradley University,Yes,3767,3414,1061,30,58,4531,643,10870,4440,2000,1522,75.0,81,14.4,21,7671,85,0.7725344589798298,1.0382415189173113,0.8681541233453204,0.3687770077049723,0.83434025099358,0.4200791863579125,0.23203139392723884,5.355378997817398,0.48710779820140937,0.05052602522539324,-0.060091883356808096,0.1332649038957073,0.004942005820180814,-0.24936222050965934,0.9062914786302098,High,2,1,0.7725344589798304,1.0382415189173129,0.8681541233453197,0.36877700770497224,0.8343402509935806,0.4200791863579128,0.23203139392723857,5.355378997817396,0.4871077982014097,0.05052602522539325,-0.06009188335680806,0.13326490389570708,0.004942005820180843,-0.24936222050969956,1.0840392376190466,0.5915717607393999,0.6125530498969481,4.07753744390572,8.398634855292102
Brandeis University,Yes,4186,2743,740,48,77,2819,62,19380,6750,410,1000,90.0,97,9.8,24,17150,84,0.865199010283176,0.8300257269157785,0.5193117054244474,1.1890885687490678,0.4119680489873813,-0.9825675695179341,1.896975944257963,-0.9501505496096633,-0.38127720198738435,1.1692659029158703,1.3645882269351624,-1.1029394441433198,0.2420706033059415,1.5480135052741835,0.65527950310559,Very High,3,1,0.8651990102831767,0.8300257269157801,0.5193117054244467,1.1890885687490678,0.4119680489873819,-0.9825675695179339,1.8969759442579628,-0.950150549609665,-0.381277201987384,1.1692659029158703,1.3645882269351624,-1.1029394441433202,0.24207060330594155,1.5480135052741433,-0.6234180362101066,1.5296355527690197,0.6125530498969481,4.356708826689592,8.81744592104187
Brenau University,Yes,367,274,158,12,41,917,479,9592,5879,500,700,71.0,80,13.7,12,5935,49,-1.4656042175278035,-1.5642007549171844,-1.2145441688060648,-0.9727316677869278,-0.7810443837135085,0.2251671013717651,-0.0866844460919116,-0.2291945977334828,-1.0977621251583494,-0.21493899577553588,-0.1356944211524122,-0.043655140683840785,-0.8347120424139982,-1.0082672446913603,0.7465940054495913,Medium,1,1,-1.4656042175278028,-1.5642007549171828,-1.2145441688060654,-0.9727316677869279,-0.7810443837135079,0.22516710137176535,-0.08668444609191188,-0.22919459773348455,-1.0977621251583491,-0.21493899577553588,-0.13569442115241218,-0.04365514068384104,-0.8347120424139983,-1.0082672446914005,-0.0022699379670338736,-0.34649203129021994,0.6125530498969481,3.7376696182833684,8.679312040892672
Brewton-Parker College,Yes,1436,1228,1202,10,26,1320,822,4371,2370,500,2000,62.0,62,12.6,10,4900,18,-0.10862941139826778,0.03773220906053065,0.9845297828283764,-1.204141438433242,-0.36149586633264524,0.5870496469262879,-1.8047132906922128,-0.2291945977334828,1.0664517667212474,-0.7613493814819632,-1.2494530951634284,-0.3289547743612044,-1.060970528103861,-1.6480951708121516,0.8551532033426184,Low,0,1,-0.10862941139826715,0.03773220906053232,0.9845297828283758,-1.204141438433242,-0.3614958663326447,0.5870496469262881,-1.804713290692213,-0.22919459773348455,1.0664517667212476,-0.7613493814819632,-1.2494530951634284,-0.32895477436120474,-1.0609705281038613,-1.6480951708121918,0.7361816506318815,-1.2845558233198398,0.6125530498969481,3.295836866004329,7.771067086065406
Briar Cliff College,Yes,392,351,155,16,44,738,430,10260,3597,600,1500,39.0,66,13.1,26,8355,58,-1.3969133379514644,-1.2881293201088462,-1.2387564506763804,-0.5849046607537621,-1.0475479310975058,0.15513897741571556,0.08316552390396748,0.44960144391101303,0.45655088669276045,-1.8347499920542811,-1.0407110988557453,-0.19811971128459815,0.3918121720690085,-0.019270165157907596,0.8954081632653061,Medium,1,1,-1.3969133379514638,-1.2881293201088446,-1.238756450676381,-0.5849046607537622,-1.047547931097505,0.1551389774157158,0.0831655239039672,0.4496014439110113,0.4565508866927608,-1.8347499920542811,-1.0407110988557453,-0.19811971128459846,0.39181217206900854,-0.0192701651579478,1.0100077259975677,-0.34649203129021994,0.6125530498969481,3.8066624897703196,8.188133414510478
Bridgewater College,Yes,838,673,292,22,53,881,55,10265,4725,560,875,,73,13.2,24,8655,82,-0.6283199062642019,-0.5846400003929318,-0.47535301422902143,-0.12094221917214974,-0.8292454849789069,-1.0460501389834258,0.084409058563265,0.19086001795353422,-0.6517337339065565,,-0.6232192944825511,-0.17218743592901764,0.2420706033059415,0.072694895888684,0.8031026252983293,Medium,1,1,-0.6283199062642012,-0.5846400003929302,-0.47535301422902215,-0.12094221917214981,-0.8292454849789064,-1.0460501389834256,0.08440905856326472,0.19086001795353247,-0.6517337339065562,,-0.6232192944825511,-0.17218743592901792,0.24207060330594155,0.07269489588864379,0.3821183120083568,-0.34649203129021994,0.6125530498969481,3.9889840465642745,8.460834457746854
Brigham Young University at Provo,Yes,7365,5402,4615,48,82,27378,1253,2340,3580,860,1220,76.0,76,20.5,40,7916,33,1.3496805539388919,1.4647629637876447,2.1074482879146994,1.1890885687490678,2.090124047935184,0.8832664435062872,-2.87582633994978,1.837638372269765,0.02647090129809088,0.11906038882416063,-0.4230962065588109,1.5542060532416024,1.3055390298726273,-0.16342743253500772,0.73346911065852,Low,0,1,1.3496805539388925,1.4647629637876463,2.1074482879146985,1.1890885687490678,2.0901240479351846,0.8832664435062875,-2.8758263399497803,1.8376383722697631,0.02647090129809121,0.11906038882416065,-0.42309620655881086,1.5542060532416027,1.3055390298726275,-0.16342743253504793,-0.09154933203745326,-1.2845558233198398,0.6125530498969481,4.418840607796598,8.183397369998433
Brown University,Yes,12586,3239,1462,87,95,5643,349,19528,5926,720,1100,99.0,100,7.6,39,20440,97,1.7911253315794533,0.9884617984708626,1.1627337138457048,2.379000709104455,1.015322642227296,0.021801912305271596,1.9211572534797512,1.144523065525412,-0.1865912069727965,1.9334433724427944,1.6789026453905742,-1.7738881726046976,1.2464286943453444,1.846315090312397,0.2573494358811378,Very High,3,1,1.791125331579454,0.9884617984708642,1.1627337138457041,2.379000709104455,1.0153226422272967,0.021801912305271853,1.921157253479751,1.1445230655254102,-0.18659120697279616,1.9334433724427944,1.6789026453905742,-1.7738881726046982,1.2464286943453446,1.8463150903123569,-3.330255374698259,1.5296355527690197,0.6125530498969481,4.564348191467836,8.687273461787838
Bryn Mawr College,Yes,1465,810,313,71,95,1088,16,18165,6750,500,1200,100.0,100,12.3,49,17449,89,-0.08972687212285936,-0.39012200142349335,-0.39606438339421407,1.9518471386888567,-0.579943006792985,-1.658361763019646,1.6937169402895762,-0.2291945977334828,-0.007652220075795025,2.022636516832633,1.6789026453905742,-0.4084258992712101,1.8061919062938572,1.578668975404604,0.552901023890785,Very High,3,1,-0.08972687212285874,-0.3901220014234917,-0.3960643833942148,1.9518471386888567,-0.5799430067929845,-1.6583617630196459,1.693716940289576,-0.22919459773348455,-0.0076522200757946955,2.022636516832633,1.6789026453905742,-0.4084258992712105,1.8061919062938574,1.5786689754045637,-1.3198265587657974,1.5296355527690197,0.6125530498969481,4.564348191467836,8.81744592104187
Bucknell University,Yes,6548,3813,862,49,85,3316,31,18550,4750,800,1200,95.0,97,14.2,36,13675,93,1.2504909446247758,1.142218890796677,0.6694143417456774,1.2273850455284772,0.5614530302964561,-1.3396748933878242,1.759065856055431,1.5536080205663902,-0.007652220075795025,1.5852330973790323,1.3645882269351624,0.08306456636014142,1.0642129571506758,1.1187099133306053,0.5823152107513745,Very High,3,1,1.2504909446247765,1.1422188907966786,0.6694143417456767,1.2273850455284772,0.5614530302964567,-1.339674893387824,1.7590658560554309,1.5536080205663885,-0.0076522200757946955,1.5852330973790323,1.3645882269351624,0.08306456636014119,1.064212957150676,1.1187099133305651,-1.1197426097672865,1.5296355527690197,0.6125530498969481,4.454347296253507,8.46611040118692
Buena Vista College,Yes,860,688,285,32,70,1928,442,13306,3797,450,950,62.0,69,8.8,10,6333,78,-0.6028462066853549,-0.5613676663504984,-0.503255081738839,0.4756588429698257,0.04075430941373802,0.1729293238518454,0.7771092410121854,-0.6142542943018506,-0.4854840928742669,-0.7613493814819632,-0.8700943318940553,-1.3997522525012307,-1.060970528103861,-0.806197279148967,0.8,High,2,1,-0.6028462066853543,-0.5613676663504967,-0.5032550817388397,0.47565884296982563,0.04075430941373859,0.17292932385184565,0.7771092410121851,-0.6142542943018524,-0.4854840928742666,-0.7613493814819632,-0.8700943318940553,-1.3997522525012311,-1.0609705281038613,-0.8061972791490072,0.36101334232503157,0.5915717607393999,0.6125530498969481,4.2626798770413155,8.242229891372231
Butler University,Yes,2362,2037,700,40,68,2607,148,13130,4650,500,1600,77.0,81,10.9,29,9511,83,0.35377640975641483,0.5417841525873195,0.4637743140020278,0.8591123720558882,0.33807575570227816,-0.4982584079537135,0.7400414030092266,-0.2291945977334828,0.5922469196218194,0.18846094051108306,-0.060091883356808096,-0.7897561588604067,0.6057379786639013,0.3100924077001191,0.8624047417442845,High,2,1,0.35377640975641544,0.5417841525873212,0.46377431400202707,0.8591123720558881,0.3380757557022787,-0.49825840795371323,0.7400414030092264,-0.22919459773348455,0.5922469196218197,0.18846094051108306,-0.06009188335680806,-0.7897561588604072,0.6057379786639014,0.3100924077000789,0.7855087473351297,0.5915717607393999,0.6125530498969481,4.23410650459726,8.444837529224097
Cabrini College,Yes,599,494,224,8,28,1035,446,10518,6250,300,300,59.0,76,16.5,36,7117,71,-0.9627479374787368,-0.9148542999972104,-0.785908258102905,-1.4730544512765091,-0.6379012285170879,0.1787627805838344,0.14681933353138032,-2.0483080694901465,-2.7257704653185493,-0.9277718533150182,-0.4230962065588109,0.6449537289305115,1.0642129571506758,-0.46026806871072845,0.8247078464106845,High,2,1,-0.9627479374787361,-0.9148542999972087,-0.7859082581029057,-1.4730544512765091,-0.6379012285170873,0.17876278058383466,0.14681933353138005,-2.0483080694901483,-2.725770465318549,-0.9277718533150182,-0.42309620655881086,0.6449537289305114,1.064212957150676,-0.46026806871076864,0.5290833795668957,0.5915717607393999,0.6125530498969481,3.367295829986474,8.740496729931813
Caldwell College,Yes,1011,604,213,17,42,693,868,8900,4600,425,1000,87.0,96,13.9,25,7922,55,-0.4449148326110549,-0.6993568696059663,-0.846335178583432,-0.4994689411839057,-1.1271528263354789,0.6246208735534577,-0.27104314076609054,-0.8209747597609685,-0.38127720198738435,0.9299968174778829,1.2632379969775114,0.007245150469287423,0.3177088594568356,-0.1613744579731098,0.5974282888229476,Medium,1,1,-0.4449148326110543,-0.6993568696059647,-0.8463351785834327,-0.4994689411839058,-1.1271528263354782,0.624620873553458,-0.2710431407660908,-0.8209747597609702,-0.381277201987384,0.9299968174778829,1.2632379969775114,0.007245150469287173,0.31770885945683564,-0.16137445797315,-1.0169390083481804,-0.34649203129021994,0.6125530498969481,3.7612001156935624,8.434028950155469
California Lutheran University,Yes,563,247,247,23,52,1427,432,12950,5300,612,576,72.0,74,12.4,17,8985,60,-1.0253830501368704,-1.6812550917724383,-0.6699373681777876,-0.053119072030679164,-0.2759914391812374,0.1581348585178636,0.7017919204959063,0.5242920941092779,-1.4814896981500036,-0.14987467952129907,-0.5579571392876599,-0.3818525885249732,-0.33988160333066747,0.16834078692165713,0.43872113676731794,High,2,1,-1.0253830501368697,-1.6812550917724367,-0.6699373681777883,-0.053119072030679226,-0.27599143918123686,0.15813485851786385,0.7017919204959061,0.5242920941092761,-1.4814896981500034,-0.14987467952129907,-0.5579571392876599,-0.3818525885249736,-0.3398816033306675,0.16834078692161691,-2.0965117284135446,0.5915717607393999,0.6125530498969481,3.970291913552122,8.575650760987806
California Polytechnic-San Luis,No,7811,3817,1650,47,73,12911,1404,7380,4877,612,2091,72.0,81,19.8,13,8453,59,1.3989615769398283,1.1432014093236373,1.2701763696759831,1.1501937769220463,1.6246892933412624,0.9653575739583252,-0.7119313609652208,0.5242920941092779,1.1619503469516503,-0.14987467952129907,-0.060091883356808096,1.400447168247116,-0.7285459157740776,0.011324884884015073,0.4886698246063244,Low,0,0,1.398961576939829,1.143201409323639,1.2701763696759825,1.1501937769220463,1.624689293341263,0.9653575739583254,-0.711931360965221,0.5242920941092761,1.1619503469516506,-0.14987467952129907,-0.06009188335680806,1.400447168247116,-0.7285459157740777,0.01132488488397487,-1.7567460650794124,-1.2845558233198398,-1.6325116659989423,4.30406509320417,8.492490578775866
California State University at Fresno,No,4540,3294,1483,5,60,13494,1254,7706,4368,600,1926,90.0,90,21.2,8,7268,61,0.9360433396990501,1.0044106431337705,1.1755045579130055,-1.9916231295773121,1.6542059610878723,0.88383879346298,-0.6126695683392136,0.44960144391101303,0.9857796287839332,1.1692659029158703,0.6902976719925955,1.7059353604304708,-1.3104191724516414,-0.40033092882002924,0.7255506607929515,Medium,1,0,0.9360433396990507,1.004410643133772,1.1755045579130048,-1.9916231295773121,1.654205961087873,0.8838387934629802,-0.6126695683392138,0.4496014439110113,0.9857796287839335,1.1692659029158703,0.6902976719925955,1.705935360430471,-1.3104191724516416,-0.40033092882006943,-0.14541295664005874,-0.34649203129021994,-1.6325116659989423,4.110873864173311,8.382289428951436
Calvin College,Yes,1784,1512,913,29,56,3401,136,10230,3710,400,1210,75.0,81,14.8,41,7786,81,0.09506067768965681,0.24707821498518667,0.7250474060118076,0.3133361961439693,0.5842787509954999,-0.5471730267600206,0.07569594286834247,-1.0385747647777013,0.00947461948303076,0.05052602522539324,-0.060091883356808096,0.23285911367621054,1.3638859737288738,-0.20850617036806604,0.8475336322869955,Medium,1,1,0.09506067768965744,0.24707821498518834,0.725047406011807,0.31333619614396924,0.5842787509955004,-0.5471730267600203,0.07569594286834219,-1.038574764777703,0.00947461948303109,0.05052602522539325,-0.06009188335680806,0.23285911367621034,1.363885973728874,-0.20850617036810626,0.6843510875872699,-0.34649203129021994,0.6125530498969481,4.04305126783455,8.219056661060598
Campbell University,Yes,2087,1339,657,20,54,3191,1204,7550,2790,600,500,77.0,77,21.8,34,3739,63,0.24032072688163741,0.12517505075356591,0.3998340936741343,-0.2637884142137955,0.5265573908214919,0.8547042417087158,-0.6598175891537094,0.44960144391101303,-1.7565250573930093,0.18846094051108306,-0.35347352257287784,1.834444004396392,0.9383237733786066,-2.671950574810418,0.6415908001916627,Medium,1,1,0.24032072688163802,0.12517505075356758,0.3998340936741336,-0.26378841421379556,0.5265573908214924,0.8547042417087161,-0.6598175891537096,0.4496014439110113,-1.7565250573930091,0.18846094051108306,-0.3534735225728778,1.8344440043963923,0.9383237733786067,-2.6719505748104586,-0.7165326189339857,-0.34649203129021994,0.6125530498969481,4.007333185232471,7.934155233536322
Campbellsville College,Yes,848,587,298,25,55,935,184,6060,3070,600,1300,62.0,66,17.7,13,5391,49,-0.6166530934911131,-0.7297772786840927,-0.4520441584320677,0.07620224590010687,-0.7578008556512423,-0.3704128641720285,-1.1462683370580748,0.44960144391101303,0.15797762148941302,-0.7613493814819632,-1.0407110988557453,0.9259436202503536,-0.7285459157740776,-1.3209395744714785,0.6922169811320755,Low,0,1,-0.6166530934911124,-0.729777278684091,-0.4520441584320684,0.0762022459001068,-0.7578008556512418,-0.37041286417202823,-1.146268337058075,0.4496014439110113,0.15797762148941336,-0.7613493814819632,-1.0407110988557453,0.9259436202503536,-0.7285459157740777,-1.3209395744715187,-0.37215844829040096,-1.2845558233198398,0.6125530498969481,4.02535169073515,8.029758520440822
Canisius College,Yes,2853,2193,753,16,34,2978,434,10750,5340,400,1130,90.0,92,14.6,26,7972,64,0.5249273189467962,0.6138163370459593,0.536619351975036,-0.5849046607537621,0.4630769492698839,0.16111826630539056,0.20318825005073013,-1.0385747647777013,-0.13137917459726917,1.1692659029158703,0.8746535950171559,0.18319470821820666,0.3918121720690085,-0.14435910867888582,0.768664563617245,High,2,1,0.5249273189467969,0.613816337045961,0.5366193519750353,-0.5849046607537622,0.46307694926988446,0.1611182663053908,0.20318825005072985,-1.038574764777703,-0.13137917459726883,1.1692659029158703,0.8746535950171559,0.18319470821820644,0.39181217206900854,-0.14435910867892604,0.1478604890855732,0.5915717607393999,0.6125530498969481,3.5553480614894135,8.58316818033977
Capital University,Yes,1747,1382,449,34,66,1662,960,13050,4000,500,800,64.0,69,12.1,27,9557,83,0.07552786174446585,0.15698458600852105,0.002548505447045332,0.5776799288914052,-0.11291342235414786,0.6946674556874309,0.7230844371695309,-0.2291945977334828,-0.8317407991744724,-0.6460287307120804,-0.8700943318940553,-0.4618260365186871,0.4644668707230899,0.3219138639315185,0.7910704064109902,High,2,1,0.07552786174446648,0.15698458600852272,0.002548505447044637,0.5776799288914051,-0.1129134223541473,0.6946674556874312,0.7230844371695306,-0.22919459773348455,-0.8317407991744721,-0.6460287307120804,-0.8700943318940553,-0.4618260365186875,0.46446687072308995,0.3219138639314783,0.30027162076363334,0.5915717607393999,0.6125530498969481,4.204692619390966,8.294299608857235
Capitol College,Yes,100,90,35,10,52,282,331,8400,2812,300,2134,10.0,50,12.1,24,7976,52,-2.8904514673195236,-2.8653616905977315,-3.353213447141233,-1.204141438433242,-2.3931913503392033,-0.01159251633041347,-0.4101964618018934,-2.0483080694901465,1.2057442276261985,-2.5117854449388535,-1.7549633934685398,-0.4618260365186871,0.2420706033059415,-0.1430049917869522,0.9,Medium,1,1,-2.890451467319523,-2.8653616905977297,-3.353213447141234,-1.204141438433242,-2.393191350339203,-0.011592516330413213,-0.4101964618018937,-2.0483080694901483,1.2057442276261987,-2.5117854449388535,-1.7549633934685398,-0.4618260365186875,0.24207060330594155,-0.1430049917869924,1.0412427498106844,-0.34649203129021994,0.6125530498969481,3.970291913552122,7.9420068084898565
Carleton College,Yes,2694,1579,489,75,93,1870,12,19292,3957,550,550,81.0,93,10.4,60,17960,91,0.4732094618463496,0.2903294708916989,0.09364363716824842,2.0648660712522746,0.009545198981380886,-1.7906089740186033,1.8825403099845799,0.12366360639712475,-1.5715860923599767,0.474714832564546,0.9692990979140862,-0.9305096229230176,2.356633351209287,1.629227550028525,0.5861172976985894,Very High,3,1,0.4732094618463502,0.2903294708917006,0.09364363716824772,2.0648660712522746,0.009545198981381453,-1.790608974018603,1.8825403099845797,0.123663606397123,-1.5715860923599765,0.474714832564546,0.9692990979140862,-0.9305096229230181,2.3566333512092874,1.6292275500284847,-1.0938796962541568,1.5296355527690197,0.6125530498969481,4.543294782270004,8.28349412616251
Carnegie Mellon University,Yes,8728,5201,1191,60,89,4265,291,17900,5690,450,1250,86.0,93,9.2,31,24386,74,1.491431538977347,1.430029666184811,0.9760309280872344,1.6144757210802636,0.7829020843937382,-0.09208974967983123,1.648206037169157,-0.6142542943018506,0.07669669089682644,0.8519616169825402,0.9692990979140862,-1.2795288613085185,0.7420738904172537,2.119035540808053,0.5958982584784601,Very High,3,1,1.4914315389773476,1.4300296661848126,0.9760309280872337,1.6144757210802636,0.7829020843937388,-0.09208974967983098,1.6482060371691567,-0.6142542943018524,0.07669669089682678,0.8519616169825402,0.9692990979140862,-1.279528861308519,0.7420738904172538,2.1190355408080124,-1.0273467246948385,1.5296355527690197,0.6125530498969481,4.499809670330265,8.646641258603124
Carroll College,Yes,1160,991,352,19,55,1357,737,12200,3880,480,930,74.0,81,17.8,25,7666,79,-0.3121447080494866,-0.1812104788300006,-0.26390684607092774,-0.3392340437249904,-0.33100208097937345,0.5123408454749714,0.538546706109194,-0.3790064790554481,-0.5285949294318334,-0.01714162821819213,-0.060091883356808096,0.949019493150806,0.3177088594568356,-0.2511599874470662,0.8543103448275862,High,2,1,-0.31214470804948596,-0.18121047882999894,-0.26390684607092846,-0.33923404372499044,-0.3310020809793729,0.5123408454749716,0.5385467061091938,-0.3790064790554498,-0.5285949294318331,-0.01714162821819212,-0.06009188335680806,0.949019493150806,0.31770885945683564,-0.2511599874471064,0.7304482791491357,0.5915717607393999,0.6125530498969481,4.02535169073515,8.263848131368906
Carson-Newman College,Yes,1096,951,464,27,62,1776,239,8150,3150,400,500,61.0,62,13.6,16,6716,67,-0.3667922933911203,-0.22365166244570664,0.037767732486126165,0.19803987368047105,-0.0436273664495819,-0.21316481794747663,-0.4818208158084276,-1.0385747647777013,-1.7565250573930093,-0.8176986530101636,-1.2494530951634284,-0.06921363882471981,-0.43232901744623836,-0.6294214451007857,0.8677007299270073,Medium,1,1,-0.3667922933911197,-0.22365166244570497,0.03776773248612547,0.198039873680471,-0.04362736644958133,-0.21316481794747638,-0.4818208158084279,-1.038574764777703,-1.7565250573930091,-0.8176986530101636,-1.2494530951634284,-0.06921363882472008,-0.4323290174462384,-0.6294214451008259,0.8215336163709752,-0.34649203129021994,0.6125530498969481,4.143134726391533,8.055475141757274
Carthage College,Yes,1616,1427,434,20,43,1405,580,13125,3775,500,1300,74.0,89,15.9,22,7364,62,0.0026203098488118788,0.18915992994963052,-0.03405472879350941,-0.2637884142137955,-0.29291960698744207,0.3511732797563741,0.7389835842826059,-0.2291945977334828,0.15797762148941302,-0.01714162821819213,0.6005650532112241,0.5014836955297912,0.08579839053769144,-0.36321439786746845,0.8830445544554455,High,2,1,0.0026203098488125007,0.18915992994963218,-0.034054728793510104,-0.26378841421379556,-0.2929196069874415,0.35117327975637436,0.7389835842826057,-0.22919459773348455,0.15797762148941336,-0.01714162821819212,0.6005650532112241,0.5014836955297911,0.08579839053769148,-0.36321439786750864,0.9259068230464086,0.5915717607393999,0.6125530498969481,3.784189633918261,8.236420527265391
Case Western Reserve University,Yes,3877,3156,713,71,93,3051,513,15700,4730,525,1460,95.0,95,2.9,29,19733,67,0.7978939756724668,0.9638369435991248,0.48221711257288824,1.9518471386888567,0.48543997431306957,0.27005634226328334,1.2520873745932648,-0.04910428251208369,0.3999140296616297,1.5852330973790323,1.1635803366973685,-3.5503244948733337,0.6057379786639013,1.788735362496316,0.8140314676296105,Very High,3,1,0.7978939756724674,0.9638369435991264,0.4822171125728875,1.9518471386888567,0.4854399743130701,0.2700563422632836,1.2520873745932646,-0.049104282512085436,0.39991402966163003,1.5852330973790323,1.1635803366973685,-3.550324494873335,0.6057379786639014,1.7887353624962758,0.45645951144347224,1.5296355527690197,0.6125530498969481,4.543294782270004,8.461891875631148
Castleton State College,No,1257,940,363,9,22,1547,294,7656,4690,400,700,,91,14.7,8,6318,79,-0.23520038799810603,-0.23565811601168135,-0.22966727129555303,-1.3330274833513371,-0.18893997718757288,-0.08571688992271767,-0.6277122745785015,-1.0385747647777013,-1.0977621251583494,,0.7816568116943878,0.20805977145654062,-1.3104191724516414,-0.8134553204387818,0.7478122513922036,Medium,1,0,-0.23520038799810541,-0.23565811601167969,-0.22966727129555373,-1.3330274833513371,-0.18893997718757233,-0.08571688992271742,-0.6277122745785018,-1.038574764777703,-1.0977621251583491,,0.7816568116943878,0.20805977145654042,-1.3104191724516416,-0.813455320438822,0.006016929190115975,-0.34649203129021994,-1.6325116659989423,3.1354942159291497,8.453401058328458
Catawba College,Yes,1083,880,291,13,34,915,80,9270,4100,600,1860,75.0,82,13.5,27,8425,55,-0.37831063162533235,-0.3039095366043412,-0.4792915098783934,-0.8676768730139961,-0.7836612961375073,-0.8449738010651707,-0.17134355406045979,0.44960144391101303,0.9113698003779913,0.05052602522539324,0.01703484187169807,-0.09484535617925974,0.4644668707230899,0.0026394733212608554,0.8125577100646353,Medium,1,1,-0.37831063162533174,-0.30390953660433956,-0.47929150987839414,-0.8676768730139962,-0.7836612961375068,-0.8449738010651705,-0.17134355406046006,0.4496014439110113,0.9113698003779916,0.05052602522539325,0.017034841871698108,-0.09484535617926002,0.46446687072308995,0.0026394733212206506,0.4464345790914661,-0.34649203129021994,0.6125530498969481,3.5553480614894135,8.31898612539206
Catholic University of America,Yes,1754,1465,505,24,49,2159,211,13712,6408,526,1100,90.0,96,9.3,18,12751,75,0.07925709367934851,0.21549652168726077,0.1277022693310842,0.012544204192919739,0.15457554958110933,-0.2885928819247596,0.8614061931799917,-0.042057314357346345,-0.1865912069727965,1.1692659029158703,1.2632379969775114,-1.2497929369903944,-0.2501326836602141,0.9750488092760707,0.8352337514253135,High,2,1,0.07925709367934913,0.21549652168726244,0.1277022693310835,0.012544204192919675,0.1545755495811099,-0.28859288192475935,0.8614061931799915,-0.042057314357348094,-0.18659120697279616,1.1692659029158703,1.2632379969775114,-1.2497929369903948,-0.25013268366021413,0.9750488092760305,0.6006836808804094,0.5915717607393999,0.6125530498969481,3.912023005428146,8.765458531504226
Cazenovia College,Yes,3847,3433,527,9,35,1010,12,9384,4840,600,500,22.0,47,14.3,20,7697,118,0.7910550476884718,1.043481288916033,0.17255324686701148,-1.3330274833513371,-0.6665102013047233,-1.7906089740186033,-0.14115332886810525,0.44960144391101303,-1.7565250573930093,-2.324947245661051,-1.854952083311673,0.10819887934799702,-0.07789767130558382,-0.24004288438780527,0.8923836755913699,Medium,1,1,0.7910550476884725,1.0434812889160345,0.1725532468670108,-1.3330274833513371,-0.6665102013047227,-1.790608974018603,-0.14115332886810553,0.4496014439110113,-1.7565250573930091,-2.324947245661051,-1.854952083311673,0.1081988793479968,-0.07789767130558381,-0.2400428843878455,0.9894342714136745,-0.34649203129021994,0.6125530498969481,3.58351893845611,8.484876589939695
Cedar Crest College,Yes,776,607,198,25,58,791,764,14340,5285,500,1000,58.0,83,11.7,39,10961,74,-0.7041618001642567,-0.6940836832073988,-0.9348022212105668,0.07620224590010687,-0.9610553969776796,0.5368781036420703,0.9886251869582499,-0.2291945977334828,-0.38127720198738435,-0.9814944542822377,0.09569733284866454,-0.5696679314881975,1.2464286943453444,0.6451483961369353,0.7822164948453608,Very High,3,1,-0.704161800164256,-0.6940836832073971,-0.9348022212105674,0.0762022459001068,-0.961055396977679,0.5368781036420706,0.9886251869582496,-0.22919459773348455,-0.381277201987384,-0.9814944542822377,0.09569733284866458,-0.5696679314881978,1.2464286943453446,0.6451483961368951,0.24004471058144863,1.5296355527690197,0.6125530498969481,4.07753744390572,8.572817095164234
Cedarville College,Yes,1307,1090,616,25,55,2196,82,7344,4410,570,1000,50.0,52,15.3,34,6897,64,-0.1979895509371002,-0.08358614026600336,0.334203743046088,0.07620224590010687,0.1714247113007568,-0.8314593967701951,-0.7230681594635857,0.257019026226166,-0.38127720198738435,-1.3796467227004565,-1.6826681864267155,0.35589122960456665,0.9383237733786066,-0.551192926453769,0.8339709257842387,Low,0,1,-0.19798955093709958,-0.0835861402660017,0.3342037430460873,0.0762022459001068,0.17142471130075734,-0.8314593967701949,-0.7230681594635859,0.2570190262261643,-0.381277201987384,-1.3796467227004565,-1.6826681864267155,0.35589122960456643,0.9383237733786067,-0.5511929264538092,0.5920935695045492,-1.2845558233198398,0.6125530498969481,4.02535169073515,8.39185670010494
Centenary College,Yes,369,312,90,12,46,396,526,11400,5400,500,760,41.0,85,9.5,20,9583,24,-1.459926785244685,-1.4188357419107318,-1.9558613716806987,-0.9727316677869278,-1.8856391729747426,0.2865138104912046,0.3569790488367371,-0.2291945977334828,-0.9342388053926038,-1.7600019993200506,0.25767565625110594,-1.190691670206362,-0.07789767130558382,0.3285568121058922,0.8455284552845529,High,2,1,-1.4599267852446844,-1.4188357419107303,-1.9558613716806994,-0.9727316677869279,-1.885639172974742,0.2865138104912049,0.3569790488367368,-0.22919459773348455,-0.9342388053926035,-1.7600019993200506,0.257675656251106,-1.1906916702063624,-0.07789767130558381,0.328556812105852,0.6707112839445158,0.5915717607393999,0.6125530498969481,3.8501476017100584,8.594339400592892
Centenary College of Louisiana,Yes,495,434,210,35,55,775,44,8950,3490,600,1900,86.0,92,11.3,25,9685,66,-1.1563673825857488,-1.0552533694283313,-0.8634418217589086,0.6270233788095004,-0.9864037673793917,-1.162308797216759,-0.2574130404925574,0.44960144391101303,0.956752752043269,0.8519616169825402,0.8746535950171559,-0.6789541266546215,0.3177088594568356,0.35435151159408024,0.8767676767676768,Medium,1,1,-1.1563673825857481,-1.0552533694283297,-0.8634418217589093,0.6270233788095003,-0.9864037673793912,-1.1623087972167587,-0.2574130404925577,0.4496014439110113,0.9567527520432694,0.8519616169825402,0.8746535950171559,-0.6789541266546218,0.31770885945683564,0.35435151159404005,0.8832096551423001,-0.34649203129021994,0.6125530498969481,4.02535169073515,8.157943507105037
Center for Creative Studies,Yes,601,396,203,1,20,525,323,11230,6643,2340,620,8.0,58,6.8,4,13025,47,-0.9593874737028985,-1.1553649342388288,-0.9044781642504026,-3.3612688093227097,-1.4918364333182481,-0.026962778119205975,0.31732516147642065,6.053017950293809,-1.3372646170103415,-2.529783020841536,-1.4375163915219222,-2.0362031633689686,-1.9198798890972208,1.019285697495923,0.6589018302828619,High,2,1,-0.9593874737028978,-1.1553649342388272,-0.9044781642504033,-3.3612688093227097,-1.4918364333182474,-0.026962778119205718,0.31732516147642037,6.053017950293807,-1.3372646170103413,-2.529783020841536,-1.4375163915219222,-2.0362031633689694,-1.919879889097221,1.0192856974958828,-0.5987779015149586,0.5915717607393999,0.6125530498969481,3.044522437723423,8.801469470733185
Central College,Yes,1283,1113,401,31,65,1355,40,10938,3660,650,600,76.0,90,13.5,29,8444,67,-0.21565654627162462,-0.062262974454264056,-0.11998966637277815,0.42285937607467217,-0.33262436134163803,-1.2111897817628987,0.24828307838356609,0.7526774094232582,-1.4016057553649468,0.11906038882416063,0.6902976719925955,-0.09484535617925974,0.6057379786639013,0.0085379902147928,0.8674980514419329,High,2,1,-0.215656546271624,-0.06226297445426239,-0.11998966637277884,0.4228593760746721,-0.3326243613416375,-1.2111897817628985,0.2482830783835658,0.7526774094232564,-1.4016057553649466,0.11906038882416065,0.6902976719925955,-0.09484535617926002,0.6057379786639014,0.008537990214752596,0.8201549377128529,0.5915717607393999,0.6125530498969481,4.189654742026425,8.205491613120236
Central Connecticut State University,No,4158,2532,902,6,24,6394,3881,5962,4444,500,985,69.0,73,16.7,4,4900,49,0.8593234112091818,0.7530756512450345,0.7133564384805473,-1.7978331880954057,1.1145356649136142,1.7413779548467743,-1.1809047034307898,-0.2291945977334828,-0.4120230707339647,-0.34246044604151626,-0.6232192944825511,0.6923240948584863,-1.9198798890972208,-1.6480951708121516,0.6089466089466089,Low,0,0,0.8593234112091824,0.7530756512450362,0.7133564384805466,-1.7978331880954057,1.1145356649136149,1.7413779548467745,-1.18090470343079,-0.22919459773348455,-0.4120230707339644,-0.34246044604151626,-0.6232192944825511,0.6923240948584862,-1.919879889097221,-1.6480951708121918,-0.9385880076186986,-1.2845558233198398,-1.6325116659989423,3.2188758248682006,8.399535147948004
Central Missouri State University,No,4681,4101,1436,10,35,8094,1596,4620,3288,300,2250,69.0,80,19.7,4,5501,50,0.9626252995081651,1.2102826786920233,1.1466258528442743,-1.204141438433242,1.2945115470294177,1.0589431691000166,-1.698189396709275,-2.0483080694901465,1.3199334200026576,-0.34246044604151626,-0.1356944211524122,1.378310185059992,-1.9198798890972208,-1.2538849562609657,0.8760948515274514,Low,0,0,0.9626252995081658,1.2102826786920249,1.1466258528442737,-1.204141438433242,1.2945115470294184,1.0589431691000168,-1.6981893967092752,-2.0483080694901483,1.3199334200026578,-0.34246044604151626,-0.13569442115241218,1.378310185059992,-1.919879889097221,-1.253884956261006,0.8786328999973011,-1.2845558233198398,-1.6325116659989423,3.58351893845611,8.098338846189057
Central Washington University,No,2785,2011,1007,8,65,6507,898,7242,3603,654,1416,67.0,89,18.1,0,6413,51,0.503197190360282,0.5292069244250867,0.818768739719904,-1.4730544512765091,1.1282306812538572,0.6481684615279927,-0.7548184765600304,0.776036254226594,0.33592952053921354,-0.46650187191478404,0.6005650532112241,1.0179463813154224,-2.939282785751947,-0.7679308655684332,0.7220825852782765,Low,0,0,0.5031971903602827,0.5292069244250883,0.8187687397199034,-1.4730544512765091,1.1282306812538578,0.6481684615279929,-0.7548184765600306,0.7760362542265922,0.3359295205392139,-0.46650187191478404,0.6005650532112241,1.0179463813154224,-2.9392827857519475,-0.7679308655684733,-0.16900382616468737,-1.2845558233198398,-1.6325116659989423,4.189654742026425,8.189799618728228
Central Wesleyan College,Yes,174,146,88,8,29,1047,33,8300,3080,600,600,62.0,62,15.2,18,3365,58,-2.2669457015162813,-2.2876081768570704,-1.986812982491884,-1.4730544512765091,-0.6244665158021973,-1.308458762070803,-0.4386758937990879,0.44960144391101303,-1.4016057553649468,-0.7613493814819632,-1.2494530951634284,0.33141144615172624,-0.2501326836602141,-3.113453572771081,0.8390804597701149,Medium,1,1,-2.266945701516281,-2.2876081768570686,-1.9868129824918848,-1.4730544512765091,-0.6244665158021967,-1.3084587620708028,-0.43867589379908817,0.4496014439110113,-1.4016057553649466,-0.7613493814819632,-1.2494530951634284,0.331411446151726,-0.25013268366021413,-3.1134535727711214,0.6268501222619529,-0.34649203129021994,0.6125530498969481,3.4011973816621555,8.033009498596668
Centre College,Yes,1013,888,288,55,82,943,7,11850,4270,600,900,95.0,99,11.4,60,13118,74,-0.4429968284369254,-0.2945265853987389,-0.49120131495986397,1.4457068812376728,-0.747644815488662,-2.028489116527091,0.4601038015829847,0.44960144391101303,-0.5948985253355604,1.5852330973790323,1.572409762644023,-0.6514933647702706,2.356633351209287,1.0339755894704985,0.876604146100691,High,2,1,-0.4429968284369248,-0.2945265853987372,-0.4912013149598647,1.4457068812376728,-0.7476448154886615,-2.0284891165270906,0.4601038015829844,0.4496014439110113,-0.5948985253355601,1.5852330973790323,1.572409762644023,-0.651493364770271,2.3566333512092874,1.0339755894704583,0.8820972714552059,0.5915717607393999,0.6125530498969481,4.418840607796598,8.359603270841466
Chapman University,Yes,959,771,351,23,48,1662,209,16624,5895,600,1100,72.0,80,12.8,6,12692,47,-0.4962640449001738,-0.44168244947961777,-0.2670805907577139,-0.053119072030679164,-0.11291342235414786,-0.2943199092245855,1.4226353908535947,0.44960144391101303,-0.1865912069727965,-0.14987467952129907,-0.1356944211524122,-0.27638263282096814,-1.5915825941910087,0.9653310656928504,0.8039624608967675,Very High,3,1,-0.4962640449001732,-0.4416824494796161,-0.2670805907577146,-0.053119072030679226,-0.1129134223541473,-0.29431990922458523,1.4226353908535945,0.4496014439110113,-0.18659120697279616,-0.14987467952129907,-0.13569442115241218,-0.2763826328209685,-1.591582594191009,0.9653310656928102,0.38796716660496344,1.5296355527690197,0.6125530498969481,3.8918202981106265,8.682029433869172
Chatham College,Yes,212,197,91,28,56,471,148,13500,5230,400,850,95.0,98,9.3,37,16095,52,-2.0505955623423007,-1.939400236375656,-1.940681649321754,0.2564541555541443,-1.6405464277573574,-0.4982584079537135,0.817596785733177,-1.0385747647777013,-0.7100928489390356,1.5852330973790323,1.467641878959388,-1.2497929369903944,1.1257980950091877,1.43290854052399,0.9292452830188679,High,2,1,-2.0505955623423002,-1.9394002363756544,-1.9406816493217547,0.25645415555414425,-1.6405464277573567,-0.49825840795371323,0.8175967857331767,-1.038574764777703,-0.7100928489390352,1.5852330973790323,1.467641878959388,-1.2497929369903948,1.125798095009188,1.43290854052395,1.2401777652074315,0.5915717607393999,0.6125530498969481,4.04305126783455,8.562357743370612
Chestnut Hill College,Yes,342,254,126,25,64,518,232,10335,5015,700,850,71.0,71,8.3,29,7729,73,-1.5395091976309319,-1.6496397196531496,-1.5049785800313094,0.07620224590010687,-1.5100362848347857,-0.23124356768754165,0.10177691395341366,1.036080707406721,-0.7100928489390356,-0.21493899577553588,-0.7494672137091747,-1.5530655045239836,0.6057379786639013,-0.2286393685629645,0.7426900584795322,Medium,1,1,-1.5395091976309312,-1.649639719653148,-1.50497858003131,0.0762022459001068,-1.510036284834785,-0.2312435676875414,0.10177691395341339,1.0360807074067193,-0.7100928489390352,-0.21493899577553588,-0.7494672137091747,-1.5530655045239843,0.6057379786639014,-0.2286393685630047,-0.028825733310021237,-0.34649203129021994,0.6125530498969481,4.174387269895637,8.520388082312756
Christendom College,Yes,81,72,51,33,71,139,3,8730,3600,400,800,92.0,92,9.3,17,10922,58,-3.1343364701770717,-3.1384263587553884,-2.771828192533303,0.5272445442404738,-3.5801190477343177,-2.3777403148239418,-0.31776530316597534,-1.0385747647777013,-0.8317407991744724,1.3330771206617404,0.8746535950171559,-1.2497929369903944,-0.33988160333066747,0.6370436045066592,0.8888888888888888,Medium,1,1,-3.1343364701770713,-3.1384263587553867,-2.7718281925333037,0.5272445442404737,-3.580119047734317,-2.3777403148239413,-0.3177653031659756,-1.038574764777703,-0.8317407991744721,1.3330771206617404,0.8746535950171559,-1.2497929369903948,-0.3398816033306675,0.637043604506619,0.9656617045345003,-0.34649203129021994,0.6125530498969481,4.276666119016055,8.188966863648876
Christian Brothers University,Yes,880,520,224,16,42,1068,364,9300,3260,600,900,81.0,81,11.1,24,8129,63,-0.5802877255931336,-0.8595869243813244,-0.785908258102905,-0.5849046607537621,-0.6014014697757546,0.04846520513052674,-0.1633752172840885,0.44960144391101303,-0.5948985253355604,0.474714832564546,-0.060091883356808096,-0.7341609541828268,0.2420706033059415,-0.09198372173213074,0.5909090909090909,Medium,1,1,-0.5802877255931329,-0.8595869243813228,-0.7859082581029057,-0.5849046607537622,-0.601401469775754,0.048465205130526996,-0.16337521728408877,0.4496014439110113,-0.5948985253355601,0.474714832564546,-0.06009188335680806,-0.7341609541828271,0.24207060330594155,-0.09198372173217094,-1.0612845096904249,-0.34649203129021994,0.6125530498969481,3.7612001156935624,8.089789175789319
Christopher Newport University,No,883,766,428,3,37,2910,1749,7860,4750,525,1889,,82,21.2,16,4639,48,-0.5769514473898469,-0.44849378298043246,-0.0491067053906913,-2.4887995845903816,0.44163611843436634,1.1265120299043923,-0.5667371044636494,-0.04910428251208369,0.9443612941550987,,0.01703484187169807,1.7059353604304708,-0.43232901744623836,-1.843397236919828,0.8674971687429218,Medium,1,0,-0.5769514473898463,-0.4484937829804308,-0.04910670539069199,-2.4887995845903816,0.4416361184343669,1.1265120299043925,-0.5667371044636497,-0.049104282512085436,0.9443612941550991,,0.017034841871698108,1.705935360430471,-0.4323290174462384,-1.8433972369198681,0.8201489333345998,-0.34649203129021994,-1.6325116659989423,3.6375861597263857,8.46611040118692
Claflin College,Yes,1196,697,499,21,47,959,13,4412,2460,500,1000,69.0,69,16.9,31,7083,21,-0.28280912822589194,-0.5476632112687456,0.11507806589137938,-0.1910995085854955,-0.7276442458726137,-1.7541900886425583,-1.786903830420274,-0.2291945977334828,-0.38127720198738435,-0.34246044604151626,-0.8700943318940553,0.7394742574402835,0.7420738904172537,-0.47403504891383413,0.5827759197324415,Low,0,1,-0.2828091282258913,-0.547663211268744,0.11507806589137869,-0.19109950858549554,-0.7276442458726131,-1.754190088642558,-1.7869038304202742,-0.22919459773348455,-0.381277201987384,-0.34246044604151626,-0.8700943318940553,0.7394742574402834,0.7420738904172538,-0.4740350489138743,-1.1166087317951414,-1.2845558233198398,0.6125530498969481,3.871201010907891,7.8083230503910555
Claremont McKenna College,Yes,1860,767,227,71,93,887,1,17000,6010,500,850,99.0,99,9.6,52,18443,87,0.13385363893363678,-0.44712772069105833,-0.7700207143202807,1.9518471386888567,-0.8210469405406025,-2.789154165730728,1.4902527561246501,-0.2291945977334828,-0.7100928489390356,1.9334433724427944,1.572409762644023,-1.1613227123443626,1.9622255291248631,1.6750172127554945,0.41236559139784945,Very High,3,1,0.1338536389336374,-0.44712772069105666,-0.7700207143202814,1.9518471386888567,-0.8210469405406019,-2.7891541657307277,1.49025275612465,-0.22919459773348455,-0.7100928489390352,1.9334433724427944,1.572409762644023,-1.161322712344363,1.9622255291248634,1.6750172127554543,-2.2757898985198928,1.5296355527690197,0.6125530498969481,4.543294782270004,8.701346403039162
Clark University,Yes,2887,2059,457,30,61,1928,296,17500,4200,500,950,94.0,95,10.5,35,11951,79,0.5355849600909859,0.5522930886863774,0.021498079333076087,0.3687770077049723,0.04075430941373802,-0.08150079528244612,1.5786643424998181,-0.2291945977334828,-0.4854840928742669,1.5003231131674828,1.1635803366973685,-0.9021518855480517,1.001734296309972,0.837042915729513,0.713197090405265,Very High,3,1,0.5355849600909866,0.552293088686379,0.021498079333075393,0.36877700770497224,0.04075430941373859,-0.08150079528244587,1.578664342499818,-0.22919459773348455,-0.4854840928742666,1.5003231131674828,1.1635803366973685,-0.9021518855480521,1.0017342963099722,0.8370429157294728,-0.22944557529154153,1.5296355527690197,0.6125530498969481,4.127134385045092,8.343077871169383
Clarke College,Yes,460,340,167,14,45,604,350,10740,3676,350,900,67.0,71,11.0,27,7963,74,-1.2315379498332588,-1.3233585872439582,-1.1449724819271094,-0.7684736752694478,-1.3049380131993686,0.023611289917723172,0.20077512590340488,-1.5119094126371275,-0.5948985253355604,-0.46650187191478404,-0.7494672137091747,-0.761909398547313,0.4644668707230899,-0.14740970669691755,0.7391304347826086,High,2,1,-1.2315379498332581,-1.3233585872439566,-1.14497248192711,-0.7684736752694479,-1.304938013199368,0.02361128991772343,0.2007751259034046,-1.5119094126371293,-0.5948985253355601,-0.46650187191478404,-0.7494672137091747,-0.7619093985473134,0.46446687072308995,-0.14740970669695777,-0.05303934049232307,0.5915717607393999,0.6125530498969481,3.828641396489095,8.209852481301272
Clarkson University,Yes,2174,1953,557,35,68,2332,53,15960,5580,700,1300,95.0,95,15.8,32,11659,77,0.277868073896043,0.5005120713812097,0.23034972346441254,0.6270233788095004,0.2305067883580239,-1.065526666446129,1.300729305606375,1.036080707406721,0.15797762148941302,1.5852330973790323,1.1635803366973685,0.477368692048737,0.8085395078716484,0.7830642867453498,0.8983440662373505,Very High,3,1,0.2778680738960436,0.5005120713812113,0.23034972346441185,0.6270233788095003,0.23050678835802446,-1.0655266664461287,1.3007293056063747,1.0360807074067193,0.15797762148941336,1.5852330973790323,1.1635803366973685,0.47736869204873683,0.8085395078716485,0.7830642867453096,1.029978601388659,1.5296355527690197,0.6125530498969481,4.23410650459726,8.627123250788433
Clemson University,No,8065,5257,2301,37,65,11755,770,8116,3610,800,1618,82.0,88,18.0,17,7597,73,1.4256960666119673,1.439848926381127,1.5554826314209462,0.7226458157909562,1.561045391302674,0.5422245335870918,-0.4916727253520716,1.5536080205663902,0.615834706855852,0.5484387369161905,0.5124477851823425,0.9950204857321487,-0.33988160333066747,-0.2761552654652537,0.651828890266584,Medium,1,0,1.425696066611968,1.4398489263811285,1.5554826314209456,0.7226458157909561,1.5610453913026747,0.542224533587092,-0.4916727253520719,1.5536080205663885,0.6158347068558523,0.5484387369161905,0.5124477851823425,0.9950204857321487,-0.3398816033306675,-0.2761552654652939,-0.6468901194795014,-0.34649203129021994,-1.6325116659989423,4.189654742026425,8.191740021277457
Clinch Valley Coll. of  the Univ. of Virginia,No,689,561,250,15,30,1125,422,7168,3689,600,1900,67.0,67,18.1,9,4417,46,-0.822328325841812,-0.7781737219981637,-0.6557335843814129,-0.6744109272506593,-0.5414843212497539,0.14302848656282782,-0.7780373645702803,0.44960144391101303,0.956752752043269,-0.46650187191478404,-0.9851988400469104,1.0179463813154224,-1.1823654119674138,-2.02336001412118,0.8142235123367199,Low,0,0,-0.8223283258418114,-0.778173721998162,-0.6557335843814136,-0.6744109272506594,-0.5414843212497533,0.14302848656282807,-0.7780373645702805,0.4496014439110113,0.9567527520432694,-0.46650187191478404,-0.9851988400469104,1.0179463813154224,-1.182365411967414,-2.0233600141212205,0.4577658560167495,-1.2845558233198398,-1.6325116659989423,3.4339872044851463,8.213381737034572
Coe College,Yes,1006,742,275,29,60,1127,205,13925,4390,500,2200,73.0,86,12.7,32,10141,67,-0.449727706517667,-0.48186384037604063,-0.5445170234935137,0.3133361961439693,-0.5394495289192723,-0.3059236890617404,0.9049763854520162,-0.2291945977334828,1.2713984995422554,-0.08394204211030992,0.3410143789166372,-0.3026284411960633,0.8085395078716484,0.46473766683990514,0.7375745526838966,High,2,1,-0.4497277065176664,-0.48186384037603897,-0.5445170234935144,0.31333619614396924,-0.5394495289192718,-0.3059236890617401,0.904976385452016,-0.22919459773348455,1.2713984995422556,-0.08394204211030991,0.3410143789166373,-0.30262844119606364,0.8085395078716485,0.46473766683986495,-0.06362290807356737,0.5915717607393999,0.6125530498969481,4.110873864173311,8.387312270561717
Coker College,Yes,604,452,295,15,47,690,222,9888,4502,400,1000,64.0,77,12.1,39,8741,75,-0.9543692060010741,-1.0110570162742476,-0.4636302335001798,-0.6744109272506593,-1.1326827264257686,-0.25794229884583064,-0.010492915918669883,-1.0385747647777013,-0.38127720198738435,-0.6460287307120804,-0.35347352257287784,-0.4618260365186871,1.2464286943453444,0.0981566530155247,0.7483443708609272,Medium,1,1,-0.9543692060010734,-1.011057016274246,-0.4636302335001805,-0.6744109272506594,-1.132682726425768,-0.25794229884583036,-0.010492915918670158,-1.038574764777703,-0.381277201987384,-0.6460287307120804,-0.3534735225728778,-0.4618260365186875,1.2464286943453446,0.0981566530154845,0.009636562299330034,-0.34649203129021994,0.6125530498969481,3.871201010907891,8.412499120301572
Colby College,Yes,2848,1319,456,58,84,1720,35,18930,5590,500,1000,83.0,94,10.2,41,15954,91,0.5233485340651253,0.1100057639074099,0.019150392074915666,1.5482723599064572,-0.07696291798306226,-1.2789032854925575,1.822698070132443,-0.2291945977334828,-0.38127720198738435,0.6230258404135154,1.0656043502924986,-0.9875453810067325,1.3638859737288738,1.416641000688538,0.4631320224719101,Very High,3,1,0.5233485340651259,0.11000576390741157,0.019150392074914972,1.5482723599064572,-0.0769629179830617,-1.2789032854925573,1.8226980701324427,-0.22919459773348455,-0.381277201987384,0.6230258404135154,1.0656043502924986,-0.987545381006733,1.363885973728874,1.4166410006884977,-1.9304617052231974,1.5296355527690197,0.6125530498969481,4.442651256490317,8.628913441026645
Colgate University,Yes,4856,2492,727,46,75,2649,25,19510,5565,500,750,95.0,98,10.5,45,15494,93,0.9944470370214212,0.7377161321488813,0.5016497498866993,1.1106782881401172,0.3532839310691485,-1.4456176595845185,1.91822272865028,-0.2291945977334828,-0.9606431574931019,1.5852330973790323,1.467641878959388,-0.9021518855480517,1.5901700932363811,1.3619902426424022,0.5131795716639209,Very High,3,1,0.9944470370214219,0.737716132148883,0.5016497498866986,1.1106782881401172,0.35328393106914907,-1.4456176595845183,1.9182227286502798,-0.22919459773348455,-0.9606431574931016,1.5852330973790323,1.467641878959388,-0.9021518855480521,1.5901700932363814,1.361990242642362,-1.5900235578932915,1.5296355527690197,0.6125530498969481,4.330733340286331,8.624431942085836
College Misericordia,Yes,1432,888,317,29,58,1121,493,10860,5760,550,900,56.0,62,12.9,23,8604,96,-0.11126875844418851,-0.2945265853987389,-0.38165786794647216,0.3133361961439693,-0.5455671659013943,0.24398810214401248,0.22963581213625453,0.12366360639712475,-0.5948985253355604,-1.0863082490971052,-1.2494530951634284,-0.2502164766951095,0.16480222734879074,0.05741037916067402,0.6201117318435754,High,2,1,-0.11126875844418789,-0.2945265853987372,-0.3816578679464729,0.31333619614396924,-0.5455671659013938,0.24398810214401273,0.22963581213625425,0.123663606397123,-0.5948985253355601,-1.0863082490971052,-1.2494530951634284,-0.2502164766951098,0.1648022273487908,0.057410379160633816,-0.8626395582916185,0.5915717607393999,0.6125530498969481,4.07753744390572,8.658866349732383
College of Charleston,No,4772,3140,1265,22,55,6851,1200,6120,3460,666,2316,73.0,78,17.2,18,4776,51,0.9793288829315387,0.9590104235680349,1.0315371608988597,-0.12094221917214974,1.168200248743354,0.8523266270880502,-1.1252436803842232,0.8453735583059913,1.3824926168423155,-0.08394204211030992,-0.28237352323745246,0.8097944928735057,-0.2501326836602141,-1.7388292182536413,0.6580050293378038,Low,0,0,0.9793288829315394,0.9590104235680366,1.031537160898859,-0.12094221917214981,1.1682002487433547,0.8523266270880504,-1.1252436803842234,0.8453735583059895,1.3824926168423157,-0.08394204211030991,-0.2823735232374524,0.8097944928735057,-0.25013268366021413,-1.7388292182536815,-0.6048782052698527,-1.2845558233198398,-1.6325116659989423,4.02535169073515,8.149312843635345
College of Mount St. Joseph,Yes,798,620,238,14,41,1165,1232,9800,4430,400,1150,46.0,46,11.1,35,6889,100,-0.6765289411554762,-0.6715507608397938,-0.7137726579415359,-0.7684736752694478,-0.5016046522210058,0.8711509956451351,-0.03298609131842826,-1.0385747647777013,-0.09532026063319256,-1.557558776598059,-1.886083615874445,-0.7341609541828268,1.001734296309972,-0.554583455942255,0.7769423558897243,Medium,1,1,-0.6765289411554756,-0.6715507608397921,-0.7137726579415365,-0.7684736752694479,-0.5016046522210053,0.8711509956451353,-0.032986091318428536,-1.038574764777703,-0.09532026063319222,-1.557558776598059,-1.886083615874445,-0.7341609541828271,1.0017342963099722,-0.5545834559422952,0.2041684664135521,-0.34649203129021994,0.6125530498969481,3.7376696182833684,8.39638057119949
College of Mount St. Vincent,Yes,946,648,177,23,46,707,432,11790,5770,500,1000,75.0,77,11.9,35,10015,83,-0.5095686092726204,-0.6246877366649516,-1.0725717048206616,-0.053119072030679164,-1.1017269914478576,0.1581348585178636,0.4465041895937315,-0.2291945977334828,-0.38127720198738435,0.05052602522539324,-0.35347352257287784,-0.5155706906011422,1.001734296309972,0.4350125389199105,0.6849894291754757,High,2,1,-0.5095686092726197,-0.6246877366649499,-1.0725717048206622,-0.053119072030679226,-1.101726991447857,0.15813485851786385,0.4465041895937312,-0.22919459773348455,-0.381277201987384,0.05052602522539325,-0.3534735225728778,-0.5155706906011426,1.0017342963099722,0.4350125389198703,-0.4213223821404979,0.5915717607393999,0.6125530498969481,3.8501476017100584,8.660600654710967
College of Notre Dame,Yes,344,264,97,11,42,500,331,12600,5520,630,2250,77.0,80,10.4,7,9773,43,-1.5333866929483537,-1.6060549960997557,-1.8534678545232153,-1.0845174670653988,-1.558246388907632,-0.01159251633041347,0.6264060545068413,0.6339700115112425,1.3199334200026576,0.18846094051108306,-0.1356944211524122,-0.9305096229230176,-1.4463049617888242,0.37627138325947584,0.7674418604651163,High,2,1,-1.533386692948353,-1.606054996099754,-1.853467854523216,-1.0845174670653988,-1.5582463889076312,-0.011592516330413213,0.6264060545068411,0.6339700115112408,1.3199334200026578,0.18846094051108306,-0.13569442115241218,-0.9305096229230181,-1.4463049617888244,0.37627138325943565,0.13954330267853982,0.5915717607393999,0.6125530498969481,3.7612001156935624,8.616314282284044
College of Notre Dame of Maryland,Yes,457,356,177,35,61,667,1983,11180,5620,600,700,64.0,64,11.5,32,7477,75,-1.2382646745301171,-1.2725043431893146,-1.0725717048206616,0.6270233788095004,-1.1760763655527264,1.2201932091694032,0.3055872717085839,0.44960144391101303,-1.0977621251583494,-0.6460287307120804,-1.1477182127095475,-0.6241261598571867,0.8085395078716484,-0.32047004302710796,0.7789934354485777,High,2,1,-1.2382646745301165,-1.272504343189313,-1.0725717048206622,0.6270233788095003,-1.1760763655527258,1.2201932091694034,0.30558727170858363,0.4496014439110113,-1.0977621251583491,-0.6460287307120804,-1.1477182127095475,-0.624126159857187,0.8085395078716485,-0.32047004302714815,0.21812051274380004,0.5915717607393999,0.6125530498969481,4.127134385045092,8.634264863002075
College of Saint Benedict,Yes,938,864,511,29,62,1715,103,12247,4221,500,600,70.0,88,13.1,26,8847,72,-0.5178538872860806,-0.3229521252621096,0.14015464358450822,0.3133361961439693,-0.0800035102034036,-0.7050979406155999,0.5489673813859551,-0.2291945977334828,-1.4016057553649468,-0.27913443822970246,0.5124477851823425,-0.19811971128459815,0.3918121720690085,0.1290131548058799,0.9211087420042644,High,2,1,-0.51785388728608,-0.3229521252621079,0.14015464358450752,0.31333619614396924,-0.08000351020340303,-0.7050979406155997,0.5489673813859549,-0.22919459773348455,-1.4016057553649466,-0.27913443822970246,0.5124477851823425,-0.19811971128459846,0.39181217206900854,0.1290131548058397,1.1848306204739671,0.5915717607393999,0.6125530498969481,4.143134726391533,8.348064228408266
College of Saint Catherine,Yes,511,411,186,23,51,1692,562,12224,4440,450,1000,63.0,87,11.5,32,7315,77,-1.1238821908088168,-1.1146681605371072,-1.0113347037556053,-0.053119072030679164,-0.0941307514072864,0.33024616355550596,0.5438711907586482,-0.6142542943018506,-0.38127720198738435,-0.7041258620108916,0.4259346495311623,-0.6241261598571867,0.8085395078716484,-0.3820654250634753,0.8043052837573386,High,2,1,-1.1238821908088161,-1.1146681605371056,-1.011334703755606,-0.053119072030679226,-0.09413075140728583,0.33024616355550623,0.543871190758648,-0.6142542943018524,-0.381277201987384,-0.7041258620108916,0.42593464953116233,-0.624126159857187,0.8085395078716485,-0.3820654250635155,0.39029914851815145,0.5915717607393999,0.6125530498969481,3.9512437185814275,8.398634855292102
College of Saint Elizabeth,Yes,444,359,122,34,53,493,968,10900,5250,380,1000,68.0,70,11.4,23,9447,78,-1.2679716439570874,-1.2632415742780378,-1.5472072638375063,0.5776799288914052,-1.577569401517824,0.7004688394881605,0.2392094638614887,-1.2213597741109148,-0.38127720198738435,-0.4049164499282882,-0.8104772611976783,-0.6514933647702706,0.16480222734879074,0.29349768312781277,0.8085585585585585,High,2,1,-1.2679716439570867,-1.2632415742780363,-1.547207263837507,0.5776799288914051,-1.5775694015178234,0.7004688394881607,0.23920946386148842,-1.2213597741109166,-0.381277201987384,-0.4049164499282882,-0.8104772611976783,-0.651493364770271,0.1648022273487908,0.2934976831277726,0.4192311744972265,0.5915717607393999,0.6125530498969481,3.9889840465642745,8.566173813637858
College of Saint Rose,Yes,983,664,249,23,57,1698,894,9990,5666,800,1500,66.0,71,14.3,28,6084,64,-0.4722025014556141,-0.5988711550722493,-0.6604462346878194,-0.053119072030679164,-0.09042291532710994,0.6450701157281964,0.015414767758354089,1.5536080205663902,0.45655088669276045,-0.5272161250696584,-0.7494672137091747,0.10819887934799702,0.5357515448375559,-0.9302330411610731,0.6754832146490336,Medium,1,1,-0.4722025014556135,-0.5988711550722476,-0.66044623468782,-0.053119072030679226,-0.09042291532710937,0.6450701157281966,0.015414767758353815,1.5536080205663885,0.4565508866927608,-0.5272161250696584,-0.7494672137091747,0.1081988793479968,0.535751544837556,-0.9302330411611133,-0.48598644888802983,-0.34649203129021994,0.6125530498969481,4.060443010546419,8.64241515616962
College of Santa Fe,Yes,546,447,189,16,42,873,683,11138,4138,600,1200,40.0,74,14.0,7,8820,80,-1.0564713842461686,-1.02314236740116,-0.9916783979866695,-0.5849046607537621,-0.8402833707891113,0.4607340329705107,0.29570076441891063,0.44960144391101303,-0.007652220075795025,-1.797821922239352,-0.5579571392876599,0.032588388009415346,-1.4463049617888242,0.1212077939598643,0.8186813186813187,High,2,1,-1.056471384246168,-1.0231423674011584,-0.9916783979866701,-0.5849046607537622,-0.8402833707891108,0.46073403297051096,0.29570076441891036,0.4496014439110113,-0.0076522200757946955,-1.797821922239352,-0.5579571392876599,0.032588388009415103,-1.4463049617888244,0.12120779395982409,0.4880891657014718,0.5915717607393999,0.6125530498969481,3.7612001156935624,8.328209491748732
College of St. Joseph,Yes,141,118,55,12,21,201,173,8300,4850,450,1300,53.0,53,9.5,19,6936,76,-2.500719773127313,-2.5395007411835238,-2.65921245857165,-0.9727316677869278,-2.9383956523232557,-0.40688940091514875,-0.4386758937990879,-0.6142542943018506,0.15797762148941302,-1.236939816910309,-1.644788026270866,-1.190691670206362,-0.16286737272235163,-0.5347505512109125,0.8368794326241135,Medium,1,1,-2.5007197731273125,-2.539500741183522,-2.659212458571651,-0.9727316677869279,-2.9383956523232553,-0.40688940091514847,-0.43867589379908817,-0.6142542943018524,0.15797762148941336,-1.236939816910309,-1.644788026270866,-1.1906916702063624,-0.16286737272235163,-0.5347505512109527,0.6118780883481089,-0.34649203129021994,0.6125530498969481,3.091042453358316,8.486940148245216
College of St. Scholastica,Yes,672,596,278,29,60,1350,275,11844,3696,450,1146,54.0,76,11.6,33,8996,72,-0.8472850332444386,-0.713556759726753,-0.5319590398731038,0.3133361961439693,-0.33669286429548506,-0.1271125978628815,0.45874587891499813,-0.6142542943018506,-0.10248534164545665,-1.187608809255785,-0.4230962065588109,-0.5968513837520442,0.8739402524684261,0.17143550280776754,0.8869047619047619,High,2,1,-0.8472850332444379,-0.7135567597267514,-0.5319590398731044,0.31333619614396924,-0.3366928642954845,-0.12711259786288126,0.45874587891499785,-0.6142542943018524,-0.10248534164545632,-1.187608809255785,-0.42309620655881086,-0.5968513837520445,0.8739402524684262,0.17143550280772732,0.9521650893066104,0.5915717607393999,0.6125530498969481,4.110873864173311,8.215276958936633
College of the Holy Cross,Yes,2994,1691,659,70,95,2675,22,18000,6300,400,900,92.0,96,11.3,55,12138,95,0.5682668677952487,0.35842441613370385,0.4029139018785791,1.9228546444162873,0.36255198158894364,-1.5075173179698154,1.6654316324864533,-1.0385747647777013,-0.5948985253355604,1.3330771206617404,1.2632379969775114,-0.6789541266546215,2.1136198491995764,0.8705549437053133,0.5647962591850367,Very High,3,1,0.5682668677952494,0.3584244161337055,0.4029139018785784,1.9228546444162873,0.3625519815889442,-1.5075173179698151,1.665431632486453,-1.038574764777703,-0.5948985253355601,1.3330771206617404,1.2632379969775114,-0.6789541266546218,2.113619849199577,0.8705549437052731,-1.2389116702046843,1.5296355527690197,0.6125530498969481,4.564348191467836,8.748463629942055
College of William and Mary,No,7117,3106,1217,68,88,5186,134,11720,4298,600,800,89.0,92,12.1,31,9534,93,1.3208725805110013,0.9486661737424154,0.9959756545379427,1.8639323064397797,0.9467081108511695,-0.5557012352251401,0.4305803870247933,0.44960144391101303,-0.8317407991744724,1.0886494052534617,0.8746535950171559,-0.4618260365186871,0.7420738904172537,0.3160141321194013,0.4364198398201489,High,2,0,1.320872580511002,0.948666173742417,0.995975654537942,1.8639323064397797,0.94670811085117,-0.5557012352251399,0.430580387024793,0.4496014439110113,-0.8317407991744721,1.0886494052534617,0.8746535950171559,-0.4618260365186875,0.7420738904172538,0.31601413211936114,-2.112165827001758,0.5915717607393999,-1.6325116659989423,4.48863636973214,8.366137716496281
College of Wooster,Yes,2100,1883,553,29,65,1704,1,16240,4690,500,500,84.0,96,11.1,43,14140,69,0.24603682954883777,0.46464184596025776,0.22285368723670346,0.3133361961439693,-0.08673101533214603,-2.789154165730728,1.3525342105578795,-0.2291945977334828,-1.7565250573930093,0.6984756672128422,1.2632379969775114,-0.7341609541828268,1.4783988287579515,1.1854733498146888,0.8966666666666666,Very High,3,1,0.24603682954883838,0.4646418459602594,0.22285368723670276,0.31333619614396924,-0.08673101533214546,-2.7891541657307277,1.3525342105578793,-0.22919459773348455,-1.7565250573930091,0.6984756672128422,1.2632379969775114,-0.7341609541828271,1.4783988287579517,1.1854733498146486,1.0185684362278289,1.5296355527690197,0.6125530498969481,4.189654742026425,8.453401058328458
Colorado College,Yes,3207,1577,490,56,87,1892,7,17142,4190,450,1200,85.0,97,11.3,51,14664,84,0.6297498590222464,0.28906701672674207,0.09580973309508299,1.4803479884652577,0.021520290421845334,-2.028489116527091,1.5155334155388727,-0.6142542943018506,-0.007652220075795025,0.7747877474272864,1.3645882269351624,-0.6789541266546215,1.9107499268195751,1.2567633181032165,0.49173682569379484,Very High,3,1,0.6297498590222471,0.28906701672674373,0.0958097330950823,1.4803479884652577,0.0215202904218459,-2.0284891165270906,1.5155334155388724,-0.6142542943018524,-0.0076522200757946955,0.7747877474272864,1.3645882269351624,-0.6789541266546218,1.9107499268195753,1.2567633181031763,-1.7358834217545338,1.5296355527690197,0.6125530498969481,4.477336814478207,8.340694647925071
Colorado State University,No,9478,6312,2194,29,65,15646,1829,8412,4180,470,1800,87.0,89,19.2,10,7850,59,1.5596230735644894,1.6064183331458688,1.5155197543288474,0.3133361961439693,1.7510429714373625,1.1597468245537128,-0.4067939258333332,-0.45596272590866344,0.8415717373291548,0.9299968174778829,0.6005650532112241,1.2669625896659347,-1.060970528103861,-0.18616967120843989,0.6659632833931209,Medium,1,0,1.55962307356449,1.6064183331458703,1.5155197543288468,0.31333619614396924,1.7510429714373632,1.159746824553713,-0.40679392583333346,-0.45596272590866516,0.8415717373291551,0.9299968174778829,0.6005650532112241,1.2669625896659347,-1.0609705281038613,-0.1861696712084801,-0.550743820863166,-0.34649203129021994,-1.6325116659989423,4.189654742026425,8.338305731356565
Columbia College MO,Yes,314,158,132,10,28,690,5346,8294,3700,400,900,87.0,87,15.3,2,5015,37,-1.6294967983676754,-2.1951020364352134,-1.4444518445039682,-1.204141438433242,-1.1326827264257686,2.002397256363111,-0.44039181156896395,-1.0385747647777013,-0.5948985253355604,0.9299968174778829,0.4259346495311623,0.35589122960456665,-2.3293571320628965,-1.5670561942488435,0.5031847133757962,Medium,1,1,-1.6294967983676747,-2.1951020364352116,-1.444451844503969,-1.204141438433242,-1.132682726425768,2.0023972563631114,-0.44039181156896423,-1.038574764777703,-0.5948985253355601,0.9299968174778829,0.42593464953116233,0.35589122960456643,-2.329357132062897,-1.5670561942488836,-1.6580115232056332,-0.34649203129021994,0.6125530498969481,3.367295829986474,8.216358332386156
Columbia College,Yes,737,614,242,21,67,968,237,10425,3975,500,1500,61.0,77,14.7,34,8693,76,-0.7552779538873219,-0.681887171386163,-0.6940582870642226,-0.1910995085854955,-0.7165718278770373,-0.21828095609480486,0.12399383168105445,-0.2291945977334828,0.45655088669276045,-0.8176986530101636,-0.35347352257287784,0.20805977145654062,0.9383237733786066,0.08399334252569952,0.8331071913161465,Medium,1,1,-0.7552779538873212,-0.6818871713861613,-0.6940582870642232,-0.19109950858549554,-0.7165718278770368,-0.2182809560948046,0.12399383168105417,-0.22919459773348455,0.4565508866927608,-0.8176986530101636,-0.3534735225728778,0.20805977145654042,0.9383237733786067,0.08399334252565932,0.5862181936499963,-0.34649203129021994,0.6125530498969481,4.219507705176107,8.288031567776464
Columbia University,Yes,6756,1930,871,78,96,3376,55,18624,6664,550,300,97.0,98,5.9,21,30639,99,1.276954243698066,0.48887987852090575,0.6795035497099638,2.1467210811345456,0.5776381223704762,-1.0460501389834258,1.7715240845656424,0.12366360639712475,-2.7257704653185493,1.7576249773363266,1.467641878959388,-2.3461430858974524,0.004942005820180814,2.435127958692417,0.28567199526346954,Very High,3,1,1.2769542436980668,0.4888798785209074,0.6795035497099632,2.1467210811345456,0.5776381223704767,-1.0460501389834256,1.7715240845656421,0.123663606397123,-2.725770465318549,1.7576249773363266,1.467641878959388,-2.3461430858974532,0.004942005820180843,2.4351279586923766,-3.1375969968270514,1.5296355527690197,0.6125530498969481,4.574710978503383,8.804625232612809
Concordia College at St. Paul,Yes,281,266,139,13,29,1049,181,10500,3750,450,950,69.0,75,12.8,18,6955,45,-1.747314921625007,-1.5975500249749321,-1.3777263776980513,-0.8676768730139961,-0.6222456463585617,-0.3801618437296193,0.1424118724317926,-0.6142542943018506,-0.4854840928742669,-0.34246044604151626,-0.4912534379026085,-0.27638263282096814,-0.2501326836602141,-0.5267917223186922,0.9466192170818505,Medium,1,1,-1.7473149216250063,-1.5975500249749306,-1.377726377698052,-0.8676768730139962,-0.6222456463585612,-0.38016184372961903,0.14241187243179232,-0.6142542943018524,-0.4854840928742666,-0.34246044604151626,-0.49125343790260845,-0.2763826328209685,-0.25013268366021413,-0.5267917223187324,1.3583603739410062,-0.34649203129021994,0.6125530498969481,3.4011973816621555,8.229777750081887
Concordia Lutheran College,Yes,232,216,106,16,34,534,172,6900,3800,450,1825,67.0,76,12.1,9,6875,42,-1.9528843614414255,-1.833827531082158,-1.733685230873371,-0.5849046607537621,-1.4688665677704165,-0.410308297691809,-0.8634700462138201,-0.6142542943018506,0.8709122316849551,-0.46650187191478404,-0.4230962065588109,-0.4618260365186871,-1.1823654119674138,-0.5605315189733038,0.9310344827586207,Low,0,1,-1.9528843614414249,-1.8338275310821563,-1.7336852308733717,-0.5849046607537622,-1.4688665677704158,-0.4103082976918087,-0.8634700462138203,-0.6142542943018524,0.8709122316849555,-0.46650187191478404,-0.42309620655881086,-0.4618260365186875,-1.182365411967414,-0.560531518973344,1.2523484279958867,-1.2845558233198398,0.6125530498969481,3.5553480614894135,8.24301946898925
Concordia University CA,Yes,688,497,144,30,75,641,101,10800,4440,570,1515,55.0,60,13.1,13,8415,55,-0.8237779925771216,-0.9083204915821995,-1.3323953511759705,0.3687770077049723,-1.2273816009701404,-0.7160770609235252,0.2152318024408838,0.257019026226166,0.4774297525091346,-1.1373980419630705,-1.3460179845367914,-0.19811971128459815,-0.7285459157740776,-0.0004732569483559443,0.7223837209302325,High,2,1,-0.8237779925771209,-0.9083204915821979,-1.3323953511759712,0.36877700770497224,-1.2273816009701397,-0.716077060923525,0.21523180244088352,0.2570190262261643,0.47742975250913494,-1.1373980419630705,-1.3460179845367914,-0.19811971128459846,-0.7285459157740777,-0.00047325694839614896,-0.16695541290365903,0.5915717607393999,0.6125530498969481,4.330733340286331,8.398634855292102
Concordia University,Yes,528,403,186,22,56,1168,145,9216,4191,400,1000,56.0,64,12.1,13,7309,75,-1.0905411484349303,-1.1361716303155054,-1.0113347037556053,-0.12094221917214974,-0.49868113745341497,-0.5101423269626918,-0.18572935851873712,-1.0385747647777013,-0.38127720198738435,-1.0863082490971052,-1.1477182127095475,-0.4618260365186871,-0.7285459157740776,-0.3843871007626564,0.7632575757575758,Medium,1,1,-1.0905411484349297,-1.1361716303155038,-1.011334703755606,-0.12094221917214981,-0.4986811374534144,-0.5101423269626916,-0.1857293585187374,-1.038574764777703,-0.381277201987384,-1.0863082490971052,-1.1477182127095475,-0.4618260365186875,-0.7285459157740777,-0.3843871007626966,0.11108056760492421,-0.34649203129021994,0.6125530498969481,4.04305126783455,8.340933226000878
Connecticut College,Yes,3035,1546,438,42,93,1630,232,18740,6300,600,500,,95,10.7,40,14773,91,0.5804590678973043,0.269277108287456,-0.024152804816164396,0.9459121453121655,-0.13340928651471148,-0.23124356768754165,1.7909879226128143,0.44960144391101303,-1.7565250573930093,,1.1635803366973685,-0.8457496758226627,1.3055390298726273,1.2711007922851891,0.5093904448105436,Very High,3,1,0.580459067897305,0.26927710828745766,-0.02415280481616509,0.9459121453121654,-0.13340928651471093,-0.2312435676875414,1.790987922612814,0.4496014439110113,-1.7565250573930091,,1.1635803366973685,-0.8457496758226631,1.3055390298726275,1.271100792285149,-1.6157983130368996,1.5296355527690197,0.6125530498969481,4.543294782270004,8.748463629942055
Converse College,Yes,440,407,149,35,70,643,80,12050,3700,500,900,63.0,76,10.2,31,10965,75,-1.277300303917349,-1.125363406161606,-1.2888444879992527,0.6270233788095004,-1.2233456581650797,-0.8449738010651707,0.505111778374698,-0.2291945977334828,-0.5948985253355604,-0.7041258620108916,-0.4230962065588109,-0.9875453810067325,0.7420738904172537,0.6459771420828389,0.925,High,2,1,-1.2773003039173483,-1.1253634061616045,-1.2888444879992533,0.6270233788095003,-1.223345658165079,-0.8449738010651705,0.5051117783746978,-0.22919459773348455,-0.5948985253355601,-0.7041258620108916,-0.42309620655881086,-0.987545381006733,0.7420738904172538,0.6459771420827987,1.211300101682098,0.5915717607393999,0.6125530498969481,4.2626798770413155,8.216358332386156
Cornell College,Yes,1538,1329,383,33,68,1140,10,15248,4323,550,800,71.0,76,12.2,31,10340,64,-0.04386789039106693,0.11762091641620268,-0.17037589417541857,0.5272445442404738,-0.5263297844880812,-1.8724965554839514,1.1662499008712452,0.12366360639712475,-0.8317407991744724,-0.21493899577553588,-0.4230962065588109,-0.43508339525120426,0.7420738904172537,0.5105421052147793,0.864109232769831,Very High,3,1,-0.043867890391066304,0.11762091641620434,-0.17037589417541926,0.5272445442404737,-0.5263297844880807,-1.8724965554839512,1.166249900871245,0.123663606397123,-0.8317407991744721,-0.21493899577553588,-0.42309620655881086,-0.43508339525120465,0.7420738904172538,0.5105421052147391,0.7971031965388506,1.5296355527690197,0.6125530498969481,4.23410650459726,8.371936178759098
Creighton University,Yes,2967,2836,876,30,60,3450,644,10628,4372,650,2055,85.0,90,6.5,32,22906,85,0.5601396393132813,0.861954386517783,0.6850568445229341,0.3687770077049723,0.5971234379331368,0.4211230009713984,0.17364672686546687,0.7526774094232582,1.1246396101399572,0.7747877474272864,0.6902976719925955,-2.1376362827534168,0.8085395078716484,2.0252747291992,0.9558476575665655,High,2,1,0.5601396393132819,0.8619543865177847,0.6850568445229335,0.36877700770497224,0.5971234379331374,0.42112300097139865,0.1736467268654666,0.7526774094232564,1.1246396101399574,0.7747877474272864,0.6902976719925955,-2.1376362827534177,0.8085395078716485,2.0252747291991597,1.4211349399703495,0.5915717607393999,0.6125530498969481,4.110873864173311,8.38320455141292
Culver-Stockton College,Yes,1576,1110,274,24,55,992,112,8000,3700,400,500,51.0,52,14.1,28,5807,51,-0.020911496682943686,-0.06501740293585062,-0.5487381704008443,0.012544204192919739,-0.6876485561141074,-0.6579534341426623,-0.5254906116708954,-1.0385747647777013,-1.7565250573930093,-1.332959544717406,-1.6826681864267155,0.0578612960059782,0.5357515448375559,-1.0777564012720815,0.7043147208121827,Medium,1,1,-0.020911496682943065,-0.06501740293584896,-0.5487381704008449,0.012544204192919675,-0.6876485561141068,-0.657953434142662,-0.5254906116708956,-1.038574764777703,-1.7565250573930091,-1.332959544717406,-1.6826681864267155,0.05786129600597796,0.535751544837556,-1.0777564012721217,-0.2898660653452511,-0.34649203129021994,0.6125530498969481,4.02535169073515,8.216358332386156
Cumberland College,Yes,995,789,398,26,47,1306,122,6230,3526,400,600,42.0,44,13.0,4,8189,63,-0.46040697571936906,-0.4175468899863822,-0.12820404698581736,0.13799295441079093,-0.3733069128542516,-0.6094184943270229,-1.0870474873256954,-1.0385747647777013,-1.4016057553649468,-1.7212912246169625,-1.9451356052056121,-0.22412911641303207,-1.9198798890972208,-0.07237775097556182,0.792964824120603,Low,0,1,-0.46040697571936845,-0.4175468899863805,-0.12820404698581805,0.13799295441079087,-0.37330691285425105,-0.6094184943270227,-1.0870474873256957,-1.038574764777703,-1.4016057553649466,-1.7212912246169625,-1.9451356052056121,-0.22412911641303238,-1.919879889097221,-0.07237775097560202,0.3131580071250354,-1.2845558233198398,0.6125530498969481,3.871201010907891,8.168202930236053
D'Youville College,Yes,866,619,157,18,47,1074,336,8920,4310,680,1320,68.0,68,14.6,42,6898,46,-0.5960200611471564,-0.6732660494614701,-1.2225555821189287,-0.41769469988544683,-0.5949128357558989,-0.0021552485639602073,-0.26558507911415014,0.9249045672197073,0.18968183135002825,-0.4049164499282882,-0.9283307329438812,0.18319470821820666,1.4214972168606004,-0.5507695367467623,0.7147806004618937,Medium,1,1,-0.5960200611471558,-0.6732660494614684,-1.2225555821189293,-0.4176946998854469,-0.5949128357558984,-0.0021552485639599515,-0.2655850791141504,0.9249045672197055,0.18968183135002858,-0.4049164499282882,-0.9283307329438812,0.18319470821820644,1.4214972168606006,-0.5507695367468025,-0.2186740742158603,-0.34649203129021994,0.6125530498969481,3.871201010907891,8.368925174747135
Dana College,Yes,504,482,185,10,36,550,84,9130,3322,450,1450,46.0,51,12.6,25,8686,54,-1.1379582441334888,-0.9414206021522491,-1.0179681980351356,-1.204141438433242,-1.429173691855813,-0.8182388420878753,-0.20875484710447237,-0.6142542943018506,0.3855304301230107,-1.557558776598059,-1.7193887069886764,-0.3289547743612044,0.3177088594568356,0.08191777926244911,0.9563492063492064,Medium,1,1,-1.1379582441334881,-0.9414206021522474,-1.0179681980351363,-1.204141438433242,-1.4291736918558124,-0.8182388420878751,-0.20875484710447265,-0.6142542943018524,0.385530430123011,-1.557558776598059,-1.7193887069886764,-0.32895477436120474,0.31770885945683564,0.08191777926240891,1.424546622282759,-0.34649203129021994,0.6125530498969481,3.6109179126442243,8.108623268354595
Daniel Webster College,Yes,585,508,153,12,30,460,536,12292,4934,500,500,61.0,61,22.2,10,8643,72,-0.9866135757960336,-0.8847188750497744,-1.2552002491538736,-0.9727316677869278,-1.6733950212522215,0.2989258143745879,0.5589200334520982,-0.2291945977334828,-1.7565250573930093,-0.8176986530101636,-1.2983753500580535,1.9193527377224782,-1.060970528103861,0.06911105656858044,0.8683760683760684,High,2,1,-0.9866135757960329,-0.8847188750497728,-1.2552002491538743,-0.9727316677869279,-1.6733950212522208,0.29892581437458815,0.558920033452098,-0.22919459773348455,-1.7565250573930091,-0.8176986530101636,-1.2983753500580535,1.9193527377224784,-1.0609705281038613,0.06911105656854023,0.8261274671015463,0.5915717607393999,0.6125530498969481,3.4339872044851463,8.504107951867582
Dartmouth College,Yes,8587,2273,1087,87,99,3918,32,19545,6070,550,1100,,99,4.7,49,29619,98,1.4779107069768505,0.6486593959236464,0.8909087112007676,2.379000709104455,0.7095946834607327,-1.323847012672887,1.923927117956586,0.12366360639712475,-0.1865912069727965,,1.572409762644023,-2.789815564172281,1.8061919062938572,2.3906785296888304,0.2647024572027483,Very High,3,1,1.4779107069768511,0.6486593959236481,0.890908711200767,2.379000709104455,0.7095946834607333,-1.3238470126728867,1.9239271179565858,0.123663606397123,-0.18659120697279616,,1.572409762644023,-2.7898155641722817,1.8061919062938574,2.39067852968879,-3.280237961329974,1.5296355527690197,0.6125530498969481,4.605170185988092,8.711278615130434
Davidson College,Yes,2373,956,452,77,96,1601,6,17295,5070,600,1011,95.0,97,12.0,46,17581,94,0.3580152268773235,-0.21824317913560035,0.009699901680342994,2.1197004682084537,-0.15241187603064701,-2.0942242543239864,1.5426189300141848,0.44960144391101303,-0.3590004481087185,1.5852330973790323,1.3645882269351624,-0.48865480211398754,1.645084879245121,1.5919460065675262,0.4028655710071639,Very High,3,1,0.3580152268773241,-0.21824317913559868,0.009699901680342298,2.1197004682084537,-0.15241187603064646,-2.094224254323986,1.5426189300141846,0.4496014439110113,-0.3590004481087182,1.5852330973790323,1.3645882269351624,-0.48865480211398793,1.6450848792451211,1.591946006567486,-2.3404118309344693,1.5296355527690197,0.6125530498969481,4.574710978503383,8.531293315795018
Defiance College,Yes,571,461,174,10,26,645,283,10850,3670,400,1159,58.0,60,12.8,19,7505,56,-1.0110999426334617,-0.9896593149015002,-1.0937862971100665,-1.204141438433242,-1.219324988318777,-0.10937808900060501,0.22723878076167214,-1.0385747647777013,-0.07928282819410724,-0.9814944542822377,-1.3460179845367914,-0.27638263282096814,-0.16286737272235163,-0.310032241474104,0.8073555166374781,High,2,1,-1.011099942633461,-0.9896593149014985,-1.0937862971100671,-1.204141438433242,-1.2193249883187762,-0.10937808900060476,0.22723878076167187,-1.038574764777703,-0.07928282819410691,-0.9814944542822377,-1.3460179845367914,-0.2763826328209685,-0.16286737272235163,-0.3100322414741442,0.41104772956565694,0.5915717607393999,0.6125530498969481,3.295836866004329,8.208219383496834
Delta State University,No,967,945,459,15,48,2806,538,4528,1880,500,1200,49.0,63,17.1,16,5113,58,-0.48817243737996924,-0.23018211640769012,0.026175728000500234,-0.6744109272506593,0.4076345259434109,0.3013831459239031,-1.7370978529197951,-0.2291945977334828,-0.007652220075795025,-1.4254510554849893,-1.199238322126377,0.786407828322618,-0.43232901744623836,-1.5002259289848494,0.9772492244053774,Low,0,0,-0.4881724373799686,-0.23018211640768846,0.02617572800049954,-0.6744109272506594,0.40763452594341143,0.30138314592390336,-1.7370978529197953,-0.22919459773348455,-0.0076522200757946955,-1.4254510554849893,-1.199238322126377,0.786407828322618,-0.4323290174462384,-1.5002259289848896,1.5667146912706456,-1.2845558233198398,-1.6325116659989423,3.8918202981106265,7.53955882930103
Denison University,Yes,2762,2279,533,32,60,1835,14,16900,4720,500,600,88.0,97,11.6,45,12423,81,0.4957182217292332,0.6512195727055361,0.18441133317132977,0.4756588429698257,-0.009864429939377596,-1.7202136946368185,1.4723661123632086,-0.2291945977334828,-1.4016057553649468,1.0088928960519896,1.3645882269351624,-0.5968513837520442,1.5901700932363811,0.920125897638135,0.8251267197682839,Very High,3,1,0.4957182217292338,0.6512195727055378,0.18441133317132907,0.47565884296982563,-0.009864429939377029,-1.7202136946368183,1.4723661123632084,-0.22919459773348455,-1.4016057553649466,1.0088928960519896,1.3645882269351624,-0.5968513837520445,1.5901700932363814,0.9201258976380948,0.5319326793254092,1.5296355527690197,0.6125530498969481,4.110873864173311,8.459775920546287
DePauw University,Yes,1994,1656,495,50,80,1983,36,14300,5020,550,950,78.0,94,11.1,31,11525,82,0.19828017696785935,0.3376758841300148,0.1065642641102416,1.2651043449994013,0.06930973279957552,-1.264692158327937,0.9806324705923506,0.12366360639712475,-0.4854840928742669,0.25872716535248275,1.0656043502924986,-0.7341609541828268,0.7420738904172537,0.7575897571055347,0.8304914744232698,Very High,3,1,0.19828017696785996,0.3376758841300165,0.1065642641102409,1.2651043449994013,0.06930973279957608,-1.2646921583279367,0.9806324705923504,0.123663606397123,-0.4854840928742666,0.25872716535248275,1.0656043502924986,-0.7341609541828271,0.7420738904172538,0.7575897571054945,0.5684253181280786,1.5296355527690197,0.6125530498969481,4.394449154672439,8.521384396034705
Dickinson College,Yes,3014,2539,487,31,68,1889,62,18700,5000,595,1250,87.0,94,11.2,39,13861,87,0.5742365084333018,0.7557368795637093,0.08929607681643464,0.42285937607467217,0.019897344884858746,-0.9825675695179341,1.7842852180989537,0.4180956653711339,0.07669669089682644,0.9299968174778829,1.0656043502924986,-0.7065095975671861,1.2464286943453444,1.1458296222053972,0.8424021234240212,Very High,3,1,0.5742365084333024,0.7557368795637109,0.08929607681643395,0.4228593760746721,0.01989734488485931,-0.9825675695179339,1.7842852180989535,0.4180956653711322,0.07669669089682678,0.9299968174778829,1.0656043502924986,-0.7065095975671865,1.2464286943453446,1.145829622205357,0.6494450552535861,1.5296355527690197,0.6125530498969481,4.23410650459726,8.517393171418904
Dickinson State University,No,434,412,319,10,30,1376,237,4486,2146,600,2000,50.0,64,16.5,28,4525,46,-1.2914652580055257,-1.1120117352974808,-0.37453302440042296,-1.204141438433242,-0.3157343147978096,-0.21828095609480486,-1.7550331807304491,0.44960144391101303,1.0664517667212474,-1.3796467227004565,-1.1477182127095475,0.6449537289305115,0.5357515448375559,-1.9341096738781471,0.9493087557603687,Low,0,0,-1.291465258005525,-1.1120117352974792,-0.3745330244004237,-1.204141438433242,-0.31573431479780906,-0.2182809560948046,-1.7550331807304493,0.4496014439110113,1.0664517667212476,-1.3796467227004565,-1.1477182127095475,0.6449537289305114,0.535751544837556,-1.9341096738781873,1.376655406957988,-1.2845558233198398,-1.6325116659989423,3.4339872044851463,7.671826797878781
Dillard University,Yes,1998,1376,651,41,88,1539,45,6700,3650,500,2307,52.0,52,14.1,12,7566,61,0.20013129822583345,0.15261007559332063,0.39052938603291865,0.9029060992795955,-0.19448364470228294,-1.1507160945452133,-0.9286569732347445,-0.2291945977334828,1.3740597640314545,-1.2853903165081058,-1.6826681864267155,0.0578612960059782,-0.8347120424139982,-0.28749933846352815,0.6886886886886887,Low,0,1,0.20013129822583406,0.1526100755933223,0.3905293860329179,0.9029060992795954,-0.19448364470228238,-1.150716094545213,-0.9286569732347447,-0.22919459773348455,1.3740597640314547,-1.2853903165081058,-1.6826681864267155,0.05786129600597796,-0.8347120424139983,-0.28749933846356834,-0.3961589310724122,-1.2845558233198398,0.6125530498969481,4.48863636973214,8.202756381655638
Doane College,Yes,793,709,244,20,47,1022,411,9570,3000,400,1000,67.0,72,15.1,42,6852,60,-0.6827367501871421,-0.5296820462069217,-0.6843415439833753,-0.2637884142137955,-0.6526714454880239,0.12603424105220834,-0.0924086554972805,-1.0385747647777013,-0.38127720198738435,-0.46650187191478404,-0.6870519494859656,0.3068689253343478,1.4214972168606004,-0.5703440020070553,0.8940731399747793,Medium,1,1,-0.6827367501871414,-0.52968204620692,-0.684341543983376,-0.26378841421379556,-0.6526714454880234,0.1260342410522086,-0.09240865549728078,-1.038574764777703,-0.381277201987384,-0.46650187191478404,-0.6870519494859656,0.30686892533434756,1.4214972168606006,-0.5703440020070955,1.0009265049786218,-0.34649203129021994,0.6125530498969481,3.871201010907891,8.006700845440367
Dominican College of Blauvelt,Yes,360,329,108,4,19,756,863,8310,5500,600,1800,43.0,43,12.7,5,5480,54,-1.4857398819682557,-1.3598281170931588,-1.7086581947167692,-2.216819485276005,-1.017346534614075,0.6206251539915161,-0.43581784081008285,0.44960144391101303,0.8415717373291548,-1.681690574231242,-1.973085139428777,-0.3026284411960633,-1.7484034481882336,-1.2665258077667991,0.9138888888888889,Medium,1,1,-1.485739881968255,-1.3598281170931572,-1.7086581947167698,-2.216819485276005,-1.0173465346140744,0.6206251539915163,-0.4358178408100831,0.4496014439110113,0.8415717373291551,-1.681690574231242,-1.973085139428777,-0.30262844119606364,-1.7484034481882338,-1.2665258077668393,1.1357190564059136,-0.34649203129021994,0.6125530498969481,2.995732273553991,8.612685172875459
Dordt College,Yes,604,562,328,25,50,1048,56,9800,2650,450,2800,61.0,60,12.5,17,7325,87,-0.9543692060010741,-0.7762683421206172,-0.34309674714668065,0.07620224590010687,-0.6233554353029339,-1.0365500942946195,-0.03298609131842826,-0.6142542943018506,1.7964834863264798,-0.8176986530101636,-1.3460179845367914,-0.35536252142722496,-0.33988160333066747,-0.3782024853473843,0.9304635761589404,Medium,1,1,-0.9543692060010734,-0.7762683421206156,-0.34309674714668137,0.0762022459001068,-0.6233554353029334,-1.0365500942946193,-0.032986091318428536,-0.6142542943018524,1.79648348632648,-0.8176986530101636,-1.3460179845367914,-0.3553625214272253,-0.3398816033306675,-0.3782024853474245,1.2484649534155852,-0.34649203129021994,0.6125530498969481,3.9318256327243257,7.8826922062890254
Dowling College,Yes,1011,829,410,9,33,1059,2458,9000,3100,450,1413,77.0,78,12.4,7,11178,42,-0.4449148326110549,-0.3659562444356643,-0.09576552890014768,-1.3330274833513371,-0.611218195855224,1.3831200202033813,-0.2438328726773592,-0.6142542943018506,0.3315001803938726,0.18846094051108306,-0.28237352323745246,-0.3818525885249732,-1.4463049617888242,0.6894452340129115,0.8199802176063303,Medium,1,1,-0.4449148326110543,-0.36595624443566266,-0.09576552890014838,-1.3330274833513371,-0.6112181958552234,1.3831200202033815,-0.24383287267735948,-0.6142542943018524,0.3315001803938729,0.18846094051108306,-0.2823735232374524,-0.3818525885249736,-1.4463049617888244,0.6894452340128713,0.4969246581629162,-0.34649203129021994,0.6125530498969481,3.5263605246161616,8.03947991910045
Drake University,Yes,2799,2573,839,34,65,3322,726,13420,4770,560,1675,88.0,93,15.0,24,9473,77,0.507717235975451,0.7685522353615012,0.6430688362341495,0.5776799288914052,0.5630875443092337,0.502111266263199,0.8009475046732774,0.19086001795353422,0.6889587035705896,1.0088928960519896,0.9692990979140862,0.282263089279496,0.2420706033059415,0.3002601430944219,0.9192568774562344,High,2,1,0.5077172359754517,0.7685522353615029,0.6430688362341488,0.5776799288914051,0.5630875443092342,0.5021112662631992,0.8009475046732771,0.19086001795353247,0.68895870357059,1.0088928960519896,0.9692990979140862,0.2822630892794958,0.24207060330594155,0.3002601430943817,1.1722336932314659,0.5915717607393999,0.6125530498969481,4.189654742026425,8.470311205516108
Drew University,Yes,2153,1580,321,56,84,1192,87,18432,5616,520,660,93.0,97,10.2,28,14907,83,0.26895443827496435,0.2909600570073985,-0.3674595188886689,1.4803479884652577,-0.47561770960799654,-0.7989304281010343,1.7391323138793,-0.08451552337421653,-1.2141513098937442,1.4162709817701533,1.3645882269351624,-0.9875453810067325,0.5357515448375559,1.2885046737822476,0.7338597306084533,Very High,3,1,0.26895443827496496,0.2909600570074002,-0.3674595188886696,1.4803479884652577,-0.475617709607996,-0.7989304281010341,1.7391323138792998,-0.08451552337421828,-1.214151309893744,1.4162709817701533,1.3645882269351624,-0.987545381006733,0.535751544837556,1.2885046737822075,-0.08889222026650136,1.5296355527690197,0.6125530498969481,4.442651256490317,8.633552992532433
Drury College,Yes,700,650,314,33,66,1065,48,8730,3523,500,750,82.0,92,13.2,35,9303,67,-0.8065293710478012,-0.6214236122118223,-0.39244292726749413,0.5272445442404738,-0.6046624720025029,-1.117280187767305,-0.31776530316597534,-0.2291945977334828,-0.9606431574931019,0.5484387369161905,0.8746535950171559,-0.17218743592901764,1.001734296309972,0.2555176052756586,0.9285714285714286,Medium,1,1,-0.8065293710478005,-0.6214236122118206,-0.39244292726749486,0.5272445442404737,-0.6046624720025023,-1.1172801877673049,-0.3177653031659756,-0.22919459773348455,-0.9606431574931016,0.5484387369161905,0.8746535950171559,-0.17218743592901792,1.0017342963099722,0.2555176052756184,1.2355940090922997,-0.34649203129021994,0.6125530498969481,4.204692619390966,8.16735198705607
Duke University,Yes,13789,3893,1583,90,98,6188,53,18590,5950,625,1162,95.0,96,5.0,44,27206,97,1.8646283045153276,1.1616628978766996,1.23358270239514,2.452443922292768,1.0887936142976542,-1.065526666446129,1.7658040795405283,0.603780646025484,-0.07396263447092112,1.5852330973790323,1.2632379969775114,-2.6751249444345273,1.534615386900544,2.275453721222109,0.2823264921314091,Very High,3,1,1.8646283045153282,1.1616628978767012,1.2335827023951393,2.452443922292768,1.0887936142976549,-1.0655266664461287,1.765804079540528,0.6037806460254822,-0.07396263447092079,1.5852330973790323,1.2632379969775114,-2.675124944434528,1.5346153869005443,2.2754537212220685,-3.16035409295968,1.5296355527690197,0.6125530498969481,4.59511985013459,8.691314551644853
Earlham College,Yes,1358,1006,274,35,63,1028,13,15036,4056,600,600,90.0,94,10.6,46,14634,78,-0.16157565112194164,-0.16576532985692755,-0.5487381704008443,0.6270233788095004,-0.6458261345286401,-1.7541900886425583,1.1254133150689962,0.44960144391101303,-1.4016057553649468,1.1692659029158703,1.0656043502924986,-0.8738990271409371,1.645084879245121,1.2527883447281278,0.7407952871870398,Very High,3,1,-0.16157565112194103,-0.16576532985692588,-0.5487381704008449,0.6270233788095003,-0.6458261345286396,-1.754190088642558,1.125413315068996,0.4496014439110113,-1.4016057553649466,1.1692659029158703,1.0656043502924986,-0.8738990271409376,1.6450848792451211,1.2527883447280876,-0.04171452484615041,1.5296355527690197,0.6125530498969481,4.1588830833596715,8.308199063206446
East Carolina University,No,9274,6362,2435,14,44,13171,1687,7248,3240,500,1700,74.0,78,13.2,18,9002,58,1.5416642368119333,1.6135570581707672,1.6026083359624492,-0.7684736752694478,1.638049453792889,1.0997990462491596,-0.7529427077266194,-0.2291945977334828,0.7203062078785692,-0.01714162821819213,-0.28237352323745246,-0.17218743592901764,-0.2501326836602141,0.17312107083464065,0.6860038818201424,Low,0,0,1.541664236811934,1.6135570581707688,1.6026083359624486,-0.7684736752694479,1.6380494537928896,1.0997990462491598,-0.7529427077266196,-0.22919459773348455,0.7203062078785696,-0.01714162821819212,-0.2823735232374524,-0.17218743592901792,-0.25013268366021413,0.17312107083460043,-0.414421776926459,-1.2845558233198398,-1.6325116659989423,3.8066624897703196,8.083637203141548
East Tennessee State University,No,3330,2730,1303,15,36,6706,2640,5800,3000,600,2200,73.0,75,14.0,9,9825,42,0.6632898672156509,0.8254705566022863,1.0586036376434789,-0.6744109272506593,1.1516576654538933,1.4380873473740727,-1.2389903799716606,0.44960144391101303,1.2713984995422554,-0.08394204211030992,-0.4912534379026085,0.032588388009415346,-1.1823654119674138,0.38908148805462617,0.8198198198198198,Low,0,0,0.6632898672156515,0.825470556602288,1.0586036376434782,-0.6744109272506594,1.151657665453894,1.438087347374073,-1.2389903799716608,0.4496014439110113,1.2713984995422556,-0.08394204211030991,-0.49125343790260845,0.032588388009415103,-1.182365411967414,0.389081488054586,0.49583358525011534,-1.2845558233198398,-1.6325116659989423,3.6109179126442243,8.006700845440367
East Texas Baptist University,Yes,379,341,265,10,36,1050,151,4950,2780,530,1500,,62,15.7,7,5619,38,-1.4320261129623757,-1.3201059209831518,-0.5875470383187643,-1.204141438433242,-0.621137146238656,-0.4865896262837877,-1.5626738743393254,-0.013985653099363818,0.45655088669276045,,-1.2494530951634284,0.45319423592896574,-1.4463049617888242,-1.1842152031968562,0.899736147757256,Low,0,1,-1.432026112962375,-1.3201059209831503,-0.587547038318765,-1.204141438433242,-0.6211371462386555,-0.48658962628378744,-1.5626738743393256,-0.013985653099365565,0.4565508866927608,,-1.2494530951634284,0.45319423592896557,-1.4463049617888244,-1.1842152031968964,1.039447949263229,-1.2845558233198398,0.6125530498969481,3.6109179126442243,7.930565854233965
Eastern College,Yes,458,369,165,16,42,1057,355,11190,4800,450,1230,60.0,60,13.6,22,8135,54,-1.2360171827581907,-1.2329528913389656,-1.16005292130857,-0.5849046607537621,-0.6134135048771966,0.03258888578078365,0.30793760446468404,-0.6142542943018506,0.04333867860751693,-0.8731730296610826,-1.3460179845367914,-0.06921363882471981,0.08579839053769144,-0.09001309276925237,0.8056768558951966,High,2,1,-1.23601718275819,-1.232952891338964,-1.1600529213085706,-0.5849046607537622,-0.613413504877196,0.03258888578078391,0.30793760446468377,-0.6142542943018524,0.04333867860751726,-0.8731730296610826,-1.3460179845367914,-0.06921363882472008,0.08579839053769148,-0.09001309276929258,0.39962898554474113,0.5915717607393999,0.6125530498969481,3.7612001156935624,8.476579508530941
Eastern Connecticut State University,No,2172,1493,564,14,50,2766,1531,5962,4316,650,500,71.0,76,16.9,14,5719,50,0.27702314428229197,0.23443927084938268,0.24331956598723925,-0.7684736752694478,0.39414556952304675,1.0284544932615285,-1.1809047034307898,0.7526774094232582,-1.7565250573930093,-0.21493899577553588,-0.4230962065588109,0.7394742574402835,-0.6263490666426472,-1.126916102351235,0.6873848987108656,Low,0,0,0.2770231442822926,0.23443927084938435,0.24331956598723856,-0.7684736752694479,0.3941455695230473,1.0284544932615287,-1.18090470343079,0.7526774094232564,-1.7565250573930091,-0.21493899577553588,-0.42309620655881086,0.7394742574402834,-0.6263490666426473,-1.1269161023512753,-0.4050276939134156,-1.2845558233198398,-1.6325116659989423,3.9318256327243257,8.370315995555478
Eastern Illinois University,No,5597,4253,1565,12,38,9161,845,5710,3066,120,1730,62.0,71,16.2,5,5682,76,1.1167770582926193,1.2441736749018937,1.2234464235369678,-0.9727316677869278,1.3853860411860022,0.6060656891712533,-1.2717218542471183,-5.026053288765541,0.7573646256003038,-0.7613493814819632,-0.7494672137091747,0.5734771392100787,-1.7484034481882336,-1.1479354284120378,0.7598713596569591,Low,0,0,1.11677705829262,1.2441736749018952,1.223446423536967,-0.9727316677869279,1.3853860411860028,0.6060656891712535,-1.2717218542471185,-5.026053288765543,0.7573646256003042,-0.7613493814819632,-0.7494672137091747,0.5734771392100786,-1.7484034481882338,-1.147935428412078,0.08804652988751521,-1.2845558233198398,-1.6325116659989423,3.6635616461296463,8.028455164114252
Eastern Mennonite College,Yes,486,440,227,19,48,903,59,9650,3800,600,1300,46.0,65,11.4,29,10188,82,-1.1751391440832983,-1.040306902965149,-0.7700207143202807,-0.3392340437249904,-0.7995105832565478,-1.008940142643816,-0.07163457522029776,0.44960144391101303,0.15797762148941302,-1.557558776598059,-1.094880026424442,-0.6514933647702706,0.6057379786639013,0.4756801726046155,0.9053497942386831,Medium,1,1,-1.1751391440832977,-1.0403069029651475,-0.7700207143202814,-0.33923404372499044,-0.7995105832565472,-1.0089401426438158,-0.07163457522029804,0.4496014439110113,0.15797762148941336,-1.557558776598059,-1.094880026424442,-0.651493364770271,0.6057379786639014,0.4756801726045753,1.07763362346218,-0.34649203129021994,0.6125530498969481,3.8918202981106265,8.24301946898925
Eastern Nazarene College,Yes,516,409,200,17,40,1238,30,8770,3500,450,700,58.0,58,17.3,17,6430,70,-1.1139539295533878,-1.120001804089405,-0.9225677402831564,-0.4994689411839057,-0.43295515514994853,-1.3559697713457746,-0.30671844717991764,-0.6142542943018506,-1.0977621251583494,-0.9814944542822377,-1.4375163915219222,0.8331283184580436,-0.33988160333066747,-0.759893981196428,0.7926356589147286,Medium,1,1,-1.1139539295533871,-1.1200018040894035,-0.922567740283157,-0.4994689411839058,-0.432955155149948,-1.3559697713457743,-0.3067184471799179,-0.6142542943018524,-1.0977621251583491,-0.9814944542822377,-1.4375163915219222,0.8331283184580436,-0.3398816033306675,-0.7598939811964682,0.31091892859546744,-0.34649203129021994,0.6125530498969481,3.713572066704308,8.160803920954665
Eckerd College,Yes,1422,1109,366,33,65,1363,23,15360,4080,600,1000,82.0,89,12.8,26,15003,59,-0.11790188052693129,-0.06593731485469254,-0.22053657570559232,0.5272445442404738,-0.3261526729691661,-1.4860814376784817,1.1876735060776515,0.44960144391101303,-0.38127720198738435,0.5484387369161905,0.6005650532112241,-0.27638263282096814,0.3918121720690085,1.300825474652939,0.779887482419128,Very High,3,1,-0.11790188052693067,-0.06593731485469087,-0.220536575705593,0.5272445442404737,-0.32615267296916556,-1.4860814376784814,1.1876735060776513,0.4496014439110113,-0.381277201987384,0.5484387369161905,0.6005650532112241,-0.2763826328209685,0.39181217206900854,1.3008254746528989,0.22420208315421772,1.5296355527690197,0.6125530498969481,4.189654742026425,8.314097335405807
Elizabethtown College,Yes,2417,1843,426,36,70,1476,299,14190,4400,500,750,65.0,68,12.8,25,9815,81,0.3747622218999606,0.44349863749424134,-0.05417819137896447,0.675328745331237,-0.23940508438757557,-0.07522454097749387,0.9585764922158636,-0.2291945977334828,-0.9606431574931019,-0.5870586132298377,-0.9283307329438812,-0.27638263282096814,0.3177088594568356,0.3866261378411287,0.7625155151013653,Very High,3,1,0.3747622218999612,0.443498637494243,-0.054178191378965165,0.6753287453312369,-0.23940508438757502,-0.07522454097749362,0.9585764922158634,-0.22919459773348455,-0.9606431574931016,-0.5870586132298377,-0.9283307329438812,-0.2763826328209685,0.31770885945683564,0.3866261378410885,0.10603285279999924,1.5296355527690197,0.6125530498969481,4.2626798770413155,8.38958706681109
Elmira College,Yes,1457,1045,345,27,50,1109,502,14990,4980,450,550,77.0,98,21.5,21,7502,64,-0.09490099618311852,-0.12673292925519827,-0.2863447083092569,0.19803987368047105,-0.5579230498577619,0.25583455751090806,1.116502677554239,-0.6142542943018506,-1.5715860923599767,0.18846094051108306,1.467641878959388,1.7703640932805513,0.004942005820180814,-0.3111477027023611,0.7172271791352093,Very High,3,1,-0.0949009961831179,-0.1267329292551966,-0.2863447083092576,0.198039873680471,-0.5579230498577613,0.25583455751090833,1.1165026775542388,-0.6142542943018524,-1.5715860923599765,0.18846094051108306,1.467641878959388,1.7703640932805516,0.004942005820180843,-0.3111477027024013,-0.2020317266026956,1.5296355527690197,0.6125530498969481,3.9318256327243257,8.513385953073284
Elms College,Yes,245,208,125,23,46,544,436,11800,4765,450,1700,71.0,71,11.3,21,8952,86,-1.8941016785322635,-1.8770192452485852,-1.5153892912146503,-0.053119072030679164,-1.443891593616183,0.16408930983399242,0.44877394394675324,-0.6142542943018506,0.7203062078785692,-0.21493899577553588,-0.7494672137091747,-0.6789541266546215,0.004942005820180814,0.15902147165047859,0.8489795918367347,High,2,1,-1.8941016785322629,-1.8770192452485837,-1.515389291214651,-0.053119072030679226,-1.4438915936161822,0.16408930983399267,0.44877394394675296,-0.6142542943018524,0.7203062078785696,-0.21493899577553588,-0.7494672137091747,-0.6789541266546218,0.004942005820180843,0.15902147165043837,0.6941869296649427,0.5915717607393999,0.6125530498969481,3.8501476017100584,8.469262657658687
Elon College,Yes,3624,2786,858,11,39,2933,334,9100,3883,490,1777,70.0,74,18.9,34,6329,63,0.7383528588207291,0.8449300264944427,0.6648911758805712,-1.0845174670653988,0.4489559122187346,-0.005914869171841798,-0.21682050591119023,-0.303434571530726,0.814243315477013,-0.27913443822970246,-0.5579571392876599,1.1996123627079116,0.9383237733786066,-0.8081301624362784,0.7687637969094923,Medium,1,1,0.7383528588207298,0.8449300264944444,0.6648911758805706,-1.0845174670653988,0.44895591221873515,-0.005914869171841542,-0.2168205059111905,-0.3034345715307277,0.8142433154770133,-0.27913443822970246,-0.5579571392876599,1.1996123627079116,0.9383237733786067,-0.8081301624363186,0.14853550312145522,-0.34649203129021994,0.6125530498969481,3.6888794541139363,8.264620829411216
Embry Riddle Aeronautical University,Yes,3151,2584,958,14,40,4772,856,7800,3750,570,3020,37.0,43,16.5,4,12878,44,0.61401956096815,0.7726596498445593,0.7712371727618419,-0.7684736752694478,0.8778620626670992,0.6149959535553727,-0.5845619581984869,0.257019026226166,1.9631120973253382,-1.905926433043926,-1.973085139428777,0.6449537289305115,-1.9198798890972208,0.9957332416379375,0.8200571247223104,Medium,1,1,0.6140195609681507,0.7726596498445609,0.7712371727618412,-0.7684736752694479,0.8778620626670998,0.614995953555373,-0.5845619581984871,0.2570190262261643,1.9631120973253384,-1.905926433043926,-1.973085139428777,0.6449537289305114,-1.919879889097221,0.9957332416378973,0.49744780298226177,-0.34649203129021994,0.6125530498969481,3.713572066704308,8.229777750081887
Emory & Henry College,Yes,765,646,226,30,60,809,32,8578,4408,700,1600,79.0,88,13.9,51,8061,82,-0.7182951228212909,-0.627962650202066,-0.7752895170109221,0.3687770077049723,-0.9332751312785158,-1.323847012672887,-0.36004924784599646,1.036080707406721,0.5922469196218194,0.32985855535977965,0.5124477851823425,0.007245150469287423,1.9107499268195751,-0.1144754144435297,0.8444444444444444,Medium,1,1,-0.7182951228212903,-0.6279626502020643,-0.7752895170109227,0.36877700770497224,-0.9332751312785152,-1.3238470126728867,-0.36004924784599673,1.0360807074067193,0.5922469196218197,0.32985855535977965,0.5124477851823425,0.007245150469287173,1.9107499268195753,-0.1144754144435699,0.6633375234297659,-0.34649203129021994,0.6125530498969481,4.110873864173311,8.391403185357937
Emory University,Yes,8506,4168,1236,76,97,5544,192,17600,6000,600,870,97.0,98,5.0,28,28457,96,1.470035277164744,1.2253842355014608,1.0102423501068332,2.092417481864056,1.0010473945259881,-0.3450992073195937,1.5961468624002662,0.44960144391101303,-0.6632809495689884,1.7576249773363266,1.467641878959388,-2.6751249444345273,0.5357515448375559,2.337072970250598,0.4900070538443452,Very High,3,1,1.4700352771647447,1.2253842355014624,1.0102423501068325,2.092417481864056,1.0010473945259888,-0.3450992073195934,1.596146862400266,0.4496014439110113,-0.6632809495689881,1.7576249773363266,1.467641878959388,-2.675124944434528,0.535751544837556,2.3370729702505577,-1.747649838556899,1.5296355527690197,0.6125530498969481,4.584967478670572,8.699681400989514
Emporia State University,No,1256,1256,853,43,79,3957,588,5401,3144,450,1888,72.0,75,19.3,4,5527,50,-0.2359607120046567,0.06056408384779926,0.6592028941647026,0.9881629366230471,0.718221396128843,0.36028690596352597,-1.386749846679481,-0.6142542943018506,0.9432314873656332,-0.14987467952129907,-0.4912534379026085,1.2893215200527974,-1.9198798890972208,-1.2383371159666898,1.0,Low,0,0,-0.2359607120046561,0.060564083847800924,0.6592028941647019,0.988162936623047,0.7182213961288435,0.36028690596352625,-1.3867498466794812,-0.6142542943018524,0.9432314873656336,-0.14987467952129907,-0.49125343790260845,1.2893215200527974,-1.919879889097221,-1.23833711596673,1.7214721572963374,-1.2845558233198398,-1.6325116659989423,4.382026634673881,8.05356916913454
Erskine College,Yes,659,557,167,47,74,532,35,10485,3840,475,1246,76.0,80,13.5,47,7527,67,-0.8668309666130591,-0.7858317241013189,-1.1449724819271094,1.1501937769220463,-1.473929997796244,-1.2789032854925575,0.13873519495560938,-0.417308161549658,0.07006481866963976,0.11906038882416063,-0.1356944211524122,-0.09484535617925974,1.6993805009224885,-0.30187315452133445,0.8452200303490136,Medium,1,1,-0.8668309666130585,-0.7858317241013172,-1.14497248192711,1.1501937769220463,-1.4739299977962432,-1.2789032854925573,0.1387351949556091,-0.4173081615496597,0.0700648186696401,0.11906038882416065,-0.13569442115241218,-0.09484535617926002,1.6993805009224887,-0.30187315452137464,0.668613286832959,-0.34649203129021994,0.6125530498969481,4.31748811353631,8.253488028345904
Eureka College,Yes,560,454,113,36,56,484,16,10955,3450,330,670,62.0,87,10.6,31,9552,53,-1.0307954322663369,-1.006262844398482,-1.6483602351139295,0.675328745331237,-1.6029104980940039,-1.658361763019646,0.2523356229466301,-1.7179143650458129,-1.184453961163201,-0.7613493814819632,0.4259346495311623,-0.8738990271409371,0.7420738904172537,0.32063317755768067,0.8107142857142857,High,2,1,-1.0307954322663362,-1.0062628443984805,-1.6483602351139302,0.6753287453312369,-1.6029104980940032,-1.6583617630196459,0.2523356229466298,-1.7179143650458146,-1.1844539611632008,-0.7613493814819632,0.42593464953116233,-0.8738990271409376,0.7420738904172538,0.3206331775576405,0.433895064555637,0.5915717607393999,0.6125530498969481,4.04305126783455,8.146419323098003
Evergreen State College,No,1801,1101,438,14,50,3065,363,6297,4600,600,1323,75.0,78,18.1,14,8355,68,0.10388999088653364,-0.07332869274934499,-0.024152804816164396,-0.7684736752694478,0.48965425628067955,0.04671874992599422,-1.0639992251026387,0.44960144391101303,0.1943990525305427,0.05052602522539324,-0.28237352323745246,1.0179463813154224,-0.6263490666426472,-0.019270165157907596,0.6113270405330372,Low,0,0,0.10388999088653426,-0.07332869274934332,-0.02415280481616509,-0.7684736752694479,0.4896542562806801,0.04671874992599448,-1.063999225102639,0.4496014439110113,0.19439905253054304,0.05052602522539325,-0.2823735232374524,1.0179463813154224,-0.6263490666426473,-0.0192701651579478,-0.922395611942736,-1.2845558233198398,-1.6325116659989423,3.9318256327243257,8.434028950155469
Fairfield University,Yes,4784,3346,781,30,66,2984,1037,15000,6200,700,1100,86.0,90,15.1,30,11220,94,0.9815060205636023,1.019229849250285,0.5727543710105893,0.3687770077049723,0.46494009280422266,0.7487868149099581,1.1184412991582744,1.036080707406721,-0.1865912069727965,0.8519616169825402,0.6902976719925955,0.3068689253343478,0.6744919461391042,0.6978658765736995,0.6994147157190636,Very High,3,1,0.9815060205636029,1.0192298492502865,0.5727543710105887,0.36877700770497224,0.4649400928042232,0.7487868149099584,1.1184412991582742,1.0360807074067193,-0.18659120697279616,0.8519616169825402,0.6902976719925955,0.30686892533434756,0.6744919461391043,0.6978658765736593,-0.3231973409569424,1.5296355527690197,0.6125530498969481,4.204692619390966,8.732465848349879
Fayetteville State University,No,1455,1064,452,1,16,2632,617,6806,2550,350,766,75.0,75,15.1,10,6972,24,-0.09619928971790795,-0.10827764390978442,0.009699901680342994,-3.3612688093227097,0.3471638909019997,0.39241310921738526,-0.8939510962294311,-1.5119094126371275,-0.9185501865247265,0.05052602522539324,-0.4912534379026085,0.3068689253343478,-1.060970528103861,-0.5196990371918849,0.7312714776632302,Low,0,0,-0.09619928971790732,-0.10827764390978276,0.009699901680342298,-3.3612688093227097,0.3471638909020003,0.39241310921738554,-0.8939510962294314,-1.5119094126371293,-0.9185501865247262,0.05052602522539325,-0.49125343790260845,0.30686892533434756,-1.0609705281038613,-0.5196990371919251,-0.10649827794002265,-1.2845558233198398,-1.6325116659989423,2.833213344056216,7.844240718141811
Ferrum College,Yes,1339,1107,336,12,36,1051,82,9400,4200,500,1600,53.0,58,12.5,9,7967,22,-0.1749674438250885,-0.0677798022423884,-0.31597748023315525,-0.9727316677869278,-0.6200299322211624,-0.8314593967701951,-0.13693542017306337,-0.2291945977334828,0.5922469196218194,-1.236939816910309,-1.4375163915219222,-0.35536252142722496,-1.1823654119674138,-0.14605322917052554,0.8267363704256908,Medium,1,1,-0.1749674438250879,-0.06777980224238674,-0.31597748023315597,-0.9727316677869279,-0.6200299322211619,-0.8314593967701949,-0.13693542017306365,-0.22919459773348455,0.5922469196218197,-1.236939816910309,-1.4375163915219222,-0.3553625214272253,-1.182365411967414,-0.14605322917056576,0.5428819964548772,-0.34649203129021994,0.6125530498969481,3.6109179126442243,8.343077871169383
Flagler College,Yes,1415,714,338,18,52,1345,44,5120,3200,500,2140,52.0,60,18.1,9,3930,69,-0.12257490945753216,-0.522285715819877,-0.30931393098193427,-0.41769469988544683,-0.34077977642032076,-1.162308797216759,-1.4951709333147079,-0.2291945977334828,1.211789924705937,-1.2853903165081058,-1.3460179845367914,1.0179463813154224,-1.1823654119674138,-2.4718618470582454,0.5045936395759717,Low,0,1,-0.12257490945753154,-0.5222857158198754,-0.309313930981935,-0.4176946998854469,-0.3407797764203202,-1.1623087972167587,-1.495170933314708,-0.22919459773348455,1.2117899247059372,-1.2853903165081058,-1.3460179845367914,1.0179463813154224,-1.182365411967414,-2.471861847058286,-1.6484275928622691,-1.2845558233198398,0.6125530498969481,3.970291913552122,8.071218539969863
Florida Institute of Technology,Yes,1947,1580,523,39,74,1863,233,13900,4140,750,1500,90.0,90,10.6,7,8923,57,0.1762262516867256,0.2909600570073985,0.16456100997125922,0.8144962912549331,0.005698884467260699,-0.22863103763749487,0.8998852924398955,1.302364971752549,0.45655088669276045,1.1692659029158703,0.6902976719925955,-0.8738990271409371,-1.4463049617888242,0.15078792086873735,0.8115048793014895,High,2,1,0.1762262516867262,0.2909600570074002,0.16456100997125853,0.814496291254933,0.0056988844672612666,-0.22863103763749462,0.8998852924398952,1.3023649717525472,0.4565508866927608,1.1692659029158703,0.6902976719925955,-0.8738990271409376,-1.4463049617888244,0.15078792086869713,0.4392729146294929,0.5915717607393999,0.6125530498969481,4.31748811353631,8.328692583545568
Florida International University,No,3306,2079,1071,42,89,10208,9310,6597,2494,800,3028,81.0,96,13.9,20,6722,66,0.6568509698240735,0.561743010323889,0.876981232537037,0.9459121453121655,1.4628083330045158,2.4745436931188647,-0.9627278894606838,1.5536080205663902,1.9689570419971343,0.474714832564546,1.2632379969775114,0.007245150469287423,-0.07789767130558382,-0.6267762699137805,0.6288566243194192,Low,0,0,0.6568509698240742,0.5617430103238906,0.8769812325370363,0.9459121453121654,1.4628083330045165,2.474543693118865,-0.962727889460684,1.5536080205663885,1.9689570419971345,0.474714832564546,1.2632379969775114,0.007245150469287173,-0.07789767130558381,-0.6267762699138207,-0.8031542280179284,-1.2845558233198398,-1.6325116659989423,4.499809670330265,7.822044008185619
Florida Southern College,Yes,1381,1040,374,20,44,1506,970,8025,4865,400,650,65.0,74,17.4,10,6339,68,-0.14563093150753423,-0.13164924086699398,-0.19660405376350004,-0.2637884142137955,-0.21772830223232523,0.7019124328284156,-0.5181751764708661,-1.0385747647777013,-1.2442682361696895,-0.5870586132298377,-0.5579571392876599,0.8564097288576539,-1.060970528103861,-0.8033014820882727,0.7530774800868936,Medium,1,1,-0.14563093150753362,-0.1316492408669923,-0.19660405376350074,-0.26378841421379556,-0.21772830223232467,0.7019124328284159,-0.5181751764708663,-1.038574764777703,-1.2442682361696893,-0.5870586132298377,-0.5579571392876599,0.8564097288576539,-1.0609705281038613,-0.8033014820883129,0.04183256314276985,-0.34649203129021994,0.6125530498969481,3.8066624897703196,8.490027523343468
Florida State University,No,11651,8683,3023,50,90,18906,3242,6680,4060,600,1020,80.0,89,23.1,15,7250,58,1.7285878263497783,1.8918774083606589,1.7789714461698511,1.2651043449994013,1.870418370751503,1.5983343951762778,-0.9352456267250219,0.44960144391101303,-0.34094031190957774,0.4018546093085536,0.6005650532112241,2.108250746221951,-0.5277223848834107,-0.4073745513980457,0.7452579177752983,Low,0,0,1.728587826349779,1.8918774083606604,1.7789714461698505,1.2651043449994013,1.8704183707515036,1.598334395176278,-0.9352456267250221,0.4496014439110113,-0.3409403119095774,0.4018546093085536,0.6005650532112241,2.108250746221951,-0.5277223848834108,-0.40737455139808587,-0.01135839923736634,-1.2845558233198398,-1.6325116659989423,4.51085950651685,8.309184527686298
Fontbonne College,Yes,291,245,126,16,49,981,337,8390,4100,350,1500,45.0,55,21.5,24,4607,62,-1.7101084603203387,-1.6904642254243953,-1.5049785800313094,-0.5849046607537621,-0.7007979582614879,-0.00028299503473837014,-0.4130343485689788,-1.5119094126371275,0.45655088669276045,-1.5998234319163254,-1.5654940694465738,1.7703640932805513,0.2420706033059415,-1.868510571332382,0.8419243986254296,Medium,1,1,-1.710108460320338,-1.6904642254243938,-1.50497858003131,-0.5849046607537622,-0.7007979582614874,-0.0002829950347381141,-0.4130343485689791,-1.5119094126371293,0.4565508866927608,-1.5998234319163254,-1.5654940694465738,1.7703640932805516,0.24207060330594155,-1.8685105713324222,0.646195430686714,-0.34649203129021994,0.6125530498969481,3.912023005428146,8.31898612539206
Fordham University,Yes,4200,2874,942,30,55,4740,1646,14235,6965,600,1735,86.0,97,14.4,14,10864,80,0.868121019353482,0.8746796564785833,0.7551063211662011,0.3687770077049723,0.872239304664806,1.0816436938410687,0.9676129215119171,0.44960144391101303,0.7634831065603185,0.8519616169825402,1.3645882269351624,0.1332649038957073,-0.6263490666426472,0.6249074219775388,0.6842857142857143,Very High,3,1,0.8681210193534826,0.8746796564785849,0.7551063211662005,0.36877700770497224,0.8722393046648066,1.081643693841069,0.9676129215119169,0.4496014439110113,0.7634831065603188,0.8519616169825402,1.3645882269351624,0.13326490389570708,-0.6263490666426473,0.6249074219774986,-0.4261092577655102,1.5296355527690197,0.6125530498969481,4.02535169073515,8.848796450925947
Fort Lewis College,No,3440,2823,1123,16,35,3793,486,6198,3320,500,2500,89.0,97,19.1,6,4362,46,0.6921779864161508,0.8575591077416373,0.9213992760163758,-0.5849046607537621,0.6812234447459482,0.23463867832854768,-1.0981130973723547,-0.2291945977334828,1.5485627324170848,1.0886494052534617,1.3645882269351624,1.2445583074456885,-1.5915825941910087,-2.0701164426365795,0.8206395348837209,Low,0,0,0.6921779864161515,0.857559107741639,0.9213992760163752,-0.5849046607537622,0.6812234447459488,0.23463867832854793,-1.098113097372355,-0.22919459773348455,1.548562732417085,1.0886494052534617,1.3645882269351624,1.2445583074456885,-1.591582594191009,-2.07011644263662,0.5014095281723605,-1.2845558233198398,-1.6325116659989423,3.58351893845611,8.108021221376747
Francis Marion University,No,1801,1655,819,13,38,3224,436,5840,3138,400,2430,76.0,76,19.1,8,5039,43,0.10388999088653364,0.3370761991038225,0.6194734098697167,-0.8676768730139961,0.5359296888729641,0.16408930983399242,-1.2245501271253267,-1.0385747647777013,1.48676085725049,0.11906038882416063,-0.4230962065588109,1.2445583074456885,-1.3104191724516414,-1.5505043844885629,0.9189339255968906,Low,0,0,0.10388999088653426,0.3370761991038242,0.619473409869716,-0.8676768730139962,0.5359296888729647,0.16408930983399267,-1.224550127125327,-1.038574764777703,1.4867608572504902,0.11906038882416065,-0.42309620655881086,1.2445583074456885,-1.3104191724516416,-1.550504384488603,1.1700368797121874,-1.2845558233198398,-1.6325116659989423,3.6635616461296463,8.051659556841953
Franciscan University of Steubenville,Yes,553,452,228,22,49,1301,242,9650,4400,600,1000,57.0,69,14.9,8,6336,83,-1.0435462405115858,-1.0110570162742476,-0.764778615540465,-0.12094221917214974,-0.3775625995999147,-0.2055624924000638,-0.07163457522029776,0.44960144391101303,-0.38127720198738435,-1.0343401508981573,-0.8700943318940553,0.2575933508983325,-1.3104191724516414,-0.8047488519335877,0.8173598553345389,Medium,1,1,-1.0435462405115852,-1.011057016274246,-0.7647786155404657,-0.12094221917214981,-0.3775625995999142,-0.20556249240006355,-0.07163457522029804,0.4496014439110113,-0.381277201987384,-1.0343401508981573,-0.8700943318940553,0.2575933508983323,-1.3104191724516416,-0.8047488519336279,0.4791001834075319,-0.34649203129021994,0.6125530498969481,3.912023005428146,8.38958706681109
Franklin College,Yes,804,632,281,29,72,840,68,10390,4040,525,1345,54.0,78,12.5,37,11751,60,-0.6691344177312007,-0.6511950390301582,-0.5195564018753435,0.3133361961439693,-0.8871538761426645,-0.9331033091060892,0.11536894877650877,-0.04910428251208369,0.22869245555048234,-1.187608809255785,-0.28237352323745246,-0.35536252142722496,1.1257980950091877,0.8002943200091462,0.7860696517412935,Medium,1,1,-0.6691344177312001,-0.6511950390301565,-0.5195564018753441,0.31333619614396924,-0.8871538761426639,-0.933103309106089,0.1153689487765085,-0.049104282512085436,0.22869245555048268,-1.187608809255785,-0.2823735232374524,-0.3553625214272253,1.125798095009188,0.800294320009106,0.2662550169041441,-0.34649203129021994,0.6125530498969481,4.290459441148391,8.304247465078474
Franklin Pierce College,Yes,5187,4471,446,3,14,1818,1197,13320,4630,500,800,50.0,56,17.6,16,6418,51,1.0514043034910148,1.2905847116631224,-0.004658217502408389,-2.4887995845903816,-0.019455506725603946,0.8505387244489486,0.7800439559719657,-0.2291945977334828,-0.8317407991744724,-1.3796467227004565,-1.5240531582747878,0.9028169702793557,-0.43232901744623836,-0.7655636679883743,0.861962598804704,High,2,1,1.0514043034910154,1.290584711663124,-0.004658217502409084,-2.4887995845903816,-0.01945550672560338,0.8505387244489488,0.7800439559719655,-0.22919459773348455,-0.8317407991744721,-1.3796467227004565,-1.5240531582747878,0.9028169702793557,-0.4323290174462384,-0.7655636679884145,0.782501161036982,0.5915717607393999,0.6125530498969481,2.70805020110221,8.440528106480752
Freed-Hardeman University,Yes,895,548,314,20,54,1174,50,5500,3340,600,1600,68.0,76,16.1,13,6078,62,-0.563726866101609,-0.8032793936584961,-0.39244292726749413,-0.2637884142137955,-0.49286147223878307,-1.0960209047484508,-1.3494360195153279,0.44960144391101303,0.5922469196218194,-0.4049164499282882,-0.4230962065588109,0.5495374118750593,-0.7285459157740776,-0.9333182452525298,0.6122905027932961,Low,0,1,-0.5637268661016084,-0.8032793936584944,-0.39244292726749486,-0.26378841421379556,-0.4928614722387825,-1.0960209047484506,-1.349436019515328,0.4496014439110113,0.5922469196218197,-0.4049164499282882,-0.42309620655881086,0.5495374118750592,-0.7285459157740777,-0.93331824525257,-0.915841858318429,-1.2845558233198398,0.6125530498969481,4.007333185232471,8.114025442356757
Fresno Pacific College,Yes,346,274,146,51,87,704,63,9900,3670,630,1818,59.0,59,10.5,14,8095,54,-1.5273022559073224,-1.5642007549171844,-1.31476876033242,1.3022664532279355,-1.1071234222155613,-0.9740319705249559,-0.007435867506012867,0.6339700115112425,0.862734590776383,-0.9277718533150182,-1.392393977623881,-0.9021518855480517,-0.6263490666426472,-0.1031931424001553,0.791907514450867,Medium,1,1,-1.5273022559073217,-1.5642007549171828,-1.3147687603324207,1.3022664532279355,-1.1071234222155606,-0.9740319705249557,-0.007435867506013141,0.6339700115112408,0.8627345907763834,-0.9277718533150182,-1.392393977623881,-0.9021518855480521,-0.6263490666426473,-0.1031931424001955,0.3059658758233021,-0.34649203129021994,0.6125530498969481,4.477336814478207,8.208219383496834
Furman University,Yes,2161,1951,685,56,82,2371,175,13440,4048,600,1250,92.0,95,13.5,28,12940,82,0.2723610620551552,0.49950640543605745,0.4419968842653029,1.4803479884652577,0.24667805738813298,-0.4001047041054975,0.8051159245144573,0.44960144391101303,0.07669669089682644,1.3330771206617404,1.1635803366973685,-0.09484535617925974,0.5357515448375559,1.005717244695228,0.9028227672373901,High,2,1,0.2723610620551558,0.4995064054360591,0.4419968842653022,1.4803479884652577,0.24667805738813353,-0.4001047041054972,0.8051159245144571,0.4496014439110113,0.07669669089682678,1.3330771206617404,1.1635803366973685,-0.09484535617926002,0.535751544837556,1.0057172446951879,1.060444042664282,0.5915717607393999,0.6125530498969481,4.418840607796598,8.30622521603216
Gannon University,Yes,2464,1908,678,24,57,2693,691,10970,4280,500,1380,47.0,51,13.3,18,7711,65,0.39229357267610404,0.47761390700945877,0.4316450364297553,0.012544204192919739,0.36890423831542646,0.4686066011038409,0.2559079680595297,-0.2291945977334828,0.2821942158043576,-1.514407920851521,-1.7193887069886764,-0.1463314798823474,-0.2501326836602141,-0.2350448654266664,0.7743506493506493,High,2,1,0.39229357267610465,0.47761390700946044,0.4316450364297546,0.012544204192919675,0.368904238315427,0.46860660110384117,0.2559079680595294,-0.22919459773348455,0.28219421580435794,-1.514407920851521,-1.7193887069886764,-0.14633147988234768,-0.25013268366021413,-0.2350448654267066,0.18653891637903583,0.5915717607393999,0.6125530498969481,4.060443010546419,8.361941906144946
Gardner Webb University,Yes,1110,930,332,18,36,1603,374,8180,4270,500,500,65.0,58,15.2,12,5664,29,-0.3545507039165951,-0.24670415551919347,-0.3294428945975749,-0.41769469988544683,-0.15108792646219787,0.06569588827966892,-0.4731503524789698,-0.2291945977334828,-1.7565250573930093,-0.5870586132298377,-1.4375163915219222,0.33141144615172624,-0.8347120424139982,-1.1582375455587726,0.8378378378378378,Medium,1,1,-0.3545507039165945,-0.2467041555191918,-0.32944289459757564,-0.4176946998854469,-0.15108792646219732,0.06569588827966917,-0.4731503524789701,-0.22919459773348455,-1.7565250573930091,-0.5870586132298377,-1.4375163915219222,0.331411446151726,-0.8347120424139983,-1.1582375455588128,0.6183974424547377,-0.34649203129021994,0.6125530498969481,3.6109179126442243,8.359603270841466
Geneva College,Yes,668,534,237,19,39,1306,258,9476,4820,500,1100,67.0,67,20.1,26,6786,74,-0.8532556531005214,-0.8310385325166015,-0.7187610041971391,-0.3392340437249904,-0.3733069128542516,-0.16639687095249697,-0.11696450190027456,-0.2291945977334828,-0.1865912069727965,-0.46650187191478404,-0.9851988400469104,1.4665986012512737,0.3918121720690085,-0.5987858574876506,0.7994011976047904,Medium,1,1,-0.8532556531005208,-0.8310385325165999,-0.7187610041971397,-0.33923404372499044,-0.37330691285425105,-0.16639687095249672,-0.11696450190027484,-0.22919459773348455,-0.18659120697279616,-0.46650187191478404,-0.9851988400469104,1.4665986012512737,0.39181217206900854,-0.5987858574876908,0.35694011234008743,-0.34649203129021994,0.6125530498969481,3.6888794541139363,8.480736654405622
George Fox College,Yes,809,726,294,27,52,1271,43,12500,4130,400,1050,53.0,53,13.5,22,7136,52,-0.6630173945723598,-0.5047581193253584,-0.4675224893215216,0.19803987368047105,-0.4035224424155571,-1.174141414325122,0.6046150057754334,-1.0385747647777013,-0.2817874149273265,-1.236939816910309,-1.644788026270866,-0.09484535617925974,0.08579839053769144,-0.45261885457647466,0.8974042027194067,High,2,1,-0.6630173945723591,-0.5047581193253567,-0.4675224893215223,0.198039873680471,-0.40352244241555657,-1.1741414143251219,0.6046150057754331,-1.038574764777703,-0.2817874149273262,-1.236939816910309,-1.644788026270866,-0.09484535617926002,0.08579839053769148,-0.45261885457651485,1.0235853733493756,0.5915717607393999,0.6125530498969481,3.970291913552122,8.326274787396764
George Mason University,No,5653,4326,1727,17,29,9528,3822,10800,4840,580,1050,93.0,96,19.3,7,6751,46,1.125305360752702,1.2599927708532046,1.3101716860634158,-0.4994689411839057,1.4137004420427648,1.7290982563907469,0.2152318024408838,0.32217443214477826,-0.2817874149273265,1.4162709817701533,1.2632379969775114,1.2893215200527974,-1.4463049617888242,-0.6140424091913025,0.7652573854590483,High,2,0,1.1253053607527026,1.2599927708532062,1.3101716860634152,-0.4994689411839058,1.4137004420427655,1.729098256390747,0.21523180244088352,0.32217443214477653,-0.2817874149273262,1.4162709817701533,1.2632379969775114,1.2893215200527974,-1.4463049617888244,-0.6140424091913427,0.12468386128809128,0.5915717607393999,-1.6325116659989423,3.4011973816621555,8.484876589939695
George Washington University,Yes,7875,5062,1492,38,71,5471,1470,17450,6328,700,950,92.0,93,7.6,15,14745,72,1.4057847910470778,1.4051599965059576,1.1809140728187917,0.7690207208177242,0.9903206737845082,0.9987618010283333,1.5698984641807798,1.036080707406721,-0.4854840928742669,1.3330771206617404,0.9692990979140862,-1.7738881726046976,-0.5277223848834107,1.267433378304888,0.6427936507936508,Very High,3,1,1.4057847910470784,1.4051599965059591,1.180914072818791,0.7690207208177241,0.9903206737845087,0.9987618010283336,1.5698984641807796,1.0360807074067193,-0.4854840928742666,1.3330771206617404,0.9692990979140862,-1.7738881726046982,-0.5277223848834108,1.2674333783048477,-0.7083504754111445,1.5296355527690197,0.6125530498969481,4.276666119016055,8.752897524775305
Georgetown College,Yes,727,693,286,30,55,1063,48,8100,3950,550,550,73.0,76,13.3,28,7508,55,-0.7688527199590247,-0.553730582173818,-0.49922096329722465,0.3687770077049723,-0.6068427004438893,-1.117280187767305,-0.4963183013983417,0.12366360639712475,-1.5715860923599767,-0.08394204211030992,-0.4230962065588109,-0.1463314798823474,0.5357515448375559,-0.30891746774800577,0.953232462173315,Medium,1,1,-0.768852719959024,-0.5537305821738163,-0.4992209632972254,0.36877700770497224,-0.6068427004438888,-1.1172801877673049,-0.496318301398342,0.123663606397123,-1.5715860923599765,-0.08394204211030991,-0.42309620655881086,-0.14633147988234768,0.535751544837556,-0.30891746774804596,1.4033456118422496,-0.34649203129021994,0.6125530498969481,4.02535169073515,8.281723990411392
Georgetown University,Yes,11115,2881,1390,71,93,5881,406,18300,7131,670,1700,91.0,92,7.2,27,19635,95,1.6902600086630686,0.8770041565910822,1.1172859880194637,1.9518471386888567,1.048426757481755,0.11817369230171147,1.716734178427812,0.8682441969027078,0.7203062078785692,1.2507419520369065,0.8746535950171559,-1.9036274484289153,0.4644668707230899,1.7805025396805656,0.25919928025191186,Very High,3,1,1.6902600086630692,0.8770041565910839,1.117285988019463,1.9518471386888567,1.0484267574817556,0.11817369230171172,1.7167341784278118,0.868244196902706,0.7203062078785696,1.2507419520369065,0.8746535950171559,-1.903627448428916,0.46446687072308995,1.7805025396805254,-3.3176721892955356,1.5296355527690197,0.6125530498969481,4.543294782270004,8.872346978983032
Georgia Institute of Technology,No,7837,4527,2276,89,99,8528,654,6489,4438,795,1164,92.0,92,19.3,33,11271,70,1.4017407152552877,1.3021165816488638,1.5463402223139764,2.42816800768983,1.3331425782794761,0.43148156950958727,-0.9988301697961284,1.5291092710593237,-0.07042289948132863,1.3330771206617404,0.8746535950171559,1.2893215200527974,0.8739402524684261,0.708025815165428,0.5776445068265919,Low,0,0,1.4017407152552883,1.3021165816488653,1.5463402223139757,2.42816800768983,1.3331425782794768,0.43148156950958755,-0.9988301697961286,1.529109271059322,-0.0704228994813283,1.3330771206617404,0.8746535950171559,1.2893215200527974,0.8739402524684262,0.7080258151653878,-1.1515141114002445,-1.2845558233198398,-1.6325116659989423,4.605170185988092,8.398184404834035
Georgia State University,No,3793,2341,1238,9,24,7732,9054,6744,2655,720,3450,87.0,89,19.0,10,7762,34,0.7785995634614423,0.6772603429436144,1.0117293775029423,-1.3330274833513371,1.2603055537139527,2.4501898039842005,-0.9142072820709761,1.144523065525412,2.2586464060825375,0.9299968174778829,0.6005650532112241,1.2221083432317035,-1.060970528103861,-0.21695551051769307,0.617189559715265,Low,0,0,0.778599563461443,0.677260342943616,1.0117293775029417,-1.3330274833513371,1.2603055537139534,2.450189803984201,-0.9142072820709763,1.1445230655254102,2.258646406082538,0.9299968174778829,0.6005650532112241,1.2221083432317035,-1.0609705281038613,-0.2169555105177333,-0.8825170324457351,-1.2845558233198398,-1.6325116659989423,3.2188758248682006,7.884576510596324
Georgian Court College,Yes,348,281,127,12,52,1095,785,9150,3950,500,800,56.0,59,12.2,27,7348,76,-1.5212554318138118,-1.5358631938178189,-1.4946627369472683,-0.9727316677869278,-0.5725458726418118,0.5554281226120912,-0.2033874093771219,-0.2291945977334828,-0.8317407991744724,-1.0863082490971052,-1.392393977623881,-0.43508339525120426,0.4644668707230899,-0.3693485130385374,0.8074712643678161,Medium,1,1,-1.5212554318138112,-1.5358631938178173,-1.494662736947269,-0.9727316677869279,-0.5725458726418112,0.5554281226120914,-0.20338740937712219,-0.22919459773348455,-0.8317407991744721,-1.0863082490971052,-1.392393977623881,-0.43508339525120465,0.46446687072308995,-0.3693485130385776,0.41183507966591365,-0.34649203129021994,0.6125530498969481,3.970291913552122,8.281723990411392
Gettysburg College,Yes,3596,2466,575,42,78,1944,46,19964,4328,500,500,94.0,95,12.1,32,14720,83,0.7314906758512101,0.727590420343044,0.2633301416186937,0.9459121453121655,0.04916275851849311,-1.1393532694354782,1.9917016387042779,-0.2291945977334828,-1.7565250573930093,1.5003231131674828,1.1635803366973685,-0.4618260365186871,0.8085395078716484,1.264149813136968,0.685761957730812,Very High,3,1,0.7314906758512107,0.7275904203430457,0.263330141618693,0.9459121453121654,0.04916275851849368,-1.139353269435478,1.9917016387042776,-0.22919459773348455,-1.7565250573930091,1.5003231131674828,1.1635803366973685,-0.4618260365186875,0.8085395078716485,1.2641498131369278,-0.41606741572587574,1.5296355527690197,0.6125530498969481,4.3694478524670215,8.37309184744198
Goldey Beacom College,Yes,633,468,284,10,27,823,963,6120,2985,531,1830,,25,27.6,4,6081,36,-0.9071947257815056,-0.9733231768193096,-0.5073055598220004,-1.204141438433242,-0.9121840671987417,0.6968480623799264,-1.1252436803842232,-0.006996585425478661,0.8767356419228024,,-2.314801516396056,3.0128635904805825,-1.9198798890972208,-0.9317750563217706,0.7393364928909952,Low,0,1,-0.907194725781505,-0.9733231768193079,-0.5073055598220011,-1.204141438433242,-0.9121840671987411,0.6968480623799266,-1.1252436803842234,-0.0069965854254804075,0.8767356419228027,,-2.314801516396056,3.012863590480583,-1.919879889097221,-0.9317750563218108,-0.05163767264256884,-1.2845558233198398,0.6125530498969481,3.332204510175204,8.001689978099135
Gonzaga University,Yes,1886,1524,526,31,67,2523,296,13000,4450,600,2400,78.0,90,14.7,32,9553,69,0.14673579591875785,0.25497352079712254,0.17056176327416073,0.42285937607467217,0.306743457954411,-0.08150079528244612,0.7124516289319573,0.44960144391101303,1.4597682933535363,0.25872716535248275,0.6902976719925955,0.20805977145654062,0.8085395078716484,0.3208893975381492,0.8080593849416755,High,2,1,0.14673579591875846,0.2549735207971242,0.17056176327416003,0.4228593760746721,0.30674345795441155,-0.08150079528244587,0.7124516289319571,0.4496014439110113,1.4597682933535365,0.25872716535248275,0.6902976719925955,0.20805977145654042,0.8085395078716485,0.320889397538109,0.4158356487607785,0.5915717607393999,0.6125530498969481,4.219507705176107,8.400884069015854
Gordon College,Yes,674,565,282,25,54,1151,39,12200,4070,400,1200,73.0,82,14.2,32,9226,66,-0.8443140041897268,-0.7705738778287172,-0.51545609349872,0.07620224590010687,-0.5153701039938592,-1.2240971271106291,0.538546706109194,-1.0385747647777013,-0.007652220075795025,-0.08394204211030992,0.01703484187169807,0.08306456636014142,0.8085395078716484,0.23483457106998767,0.8382789317507419,High,2,1,-0.8443140041897261,-0.7705738778287156,-0.5154560934987207,0.0762022459001068,-0.5153701039938586,-1.224097127110629,0.5385467061091938,-1.038574764777703,-0.0076522200757946955,-0.08394204211030991,0.017034841871698108,0.08306456636014119,0.8085395078716485,0.23483457106994746,0.6213978929649402,0.5915717607393999,0.6125530498969481,4.007333185232471,8.31164394850298
Goshen College,Yes,440,396,221,26,51,910,166,9420,3730,600,1230,51.0,56,9.9,46,10270,72,-1.277300303917349,-1.1553649342388288,-0.8020431444384415,0.13799295441079093,-0.7902341963389979,-0.431205973875573,-0.13166966162554308,0.44960144391101303,0.04333867860751693,-1.332959544717406,-1.5240531582747878,-1.07392177987466,1.645084879245121,0.4945861329599206,0.9,Medium,1,1,-1.2773003039173483,-1.1553649342388272,-0.8020431444384422,0.13799295441079087,-0.7902341963389974,-0.43120597387557275,-0.13166966162554336,0.4496014439110113,0.04333867860751726,-1.332959544717406,-1.5240531582747878,-1.0739217798746605,1.6450848792451211,0.4945861329598804,1.0412427498106844,-0.34649203129021994,0.6125530498969481,3.9512437185814275,8.224431573221159
Goucher College,Yes,1151,813,248,40,64,850,80,15588,6174,500,1200,78.0,90,9.2,34,16623,77,-0.3196313028486059,-0.38626631066526507,-0.6651807658071833,0.8591123720558882,-0.8727169131899646,-0.8449738010651707,1.2309708053941073,-0.2291945977334828,-0.007652220075795025,0.25872716535248275,0.6902976719925955,-1.2795288613085185,0.9383237733786066,1.491924130472862,0.7063423110338836,Very High,3,1,-0.3196313028486053,-0.3862663106652634,-0.665180765807184,0.8591123720558881,-0.872716913189964,-0.8449738010651705,1.230970805394107,-0.22919459773348455,-0.0076522200757946955,0.25872716535248275,0.6902976719925955,-1.279528861308519,0.9383237733786067,1.491924130472822,-0.27607380039393836,1.5296355527690197,0.6125530498969481,4.174387269895637,8.728264161496178
Grace College and Seminary,Yes,548,428,167,18,46,618,113,8958,3670,300,1000,53.0,59,15.3,26,9798,64,-1.0527604281168064,-1.0704224128091853,-1.1449724819271094,-0.41769469988544683,-1.2749278840901759,-0.6529279200826904,-0.2552368701838875,-2.0483080694901465,-0.38127720198738435,-1.236939816910309,-1.392393977623881,0.35589122960456665,0.3918121720690085,0.38244317514841336,0.781021897810219,Medium,1,1,-1.0527604281168057,-1.0704224128091837,-1.14497248192711,-0.4176946998854469,-1.2749278840901752,-0.6529279200826902,-0.2552368701838878,-2.0483080694901483,-0.381277201987384,-1.236939816910309,-1.392393977623881,0.35589122960456643,0.39181217206900854,0.38244317514837317,0.23191871024746238,-0.34649203129021994,0.6125530498969481,3.8501476017100584,8.208219383496834
Graceland College,Yes,555,414,242,14,41,996,2281,9100,3100,550,880,51.0,61,23.6,24,5609,47,-1.0398855625898893,-1.1067195043597133,-0.6940582870642226,-0.7684736752694478,-0.6829109540471304,1.326024651624655,-0.21682050591119023,0.12366360639712475,-0.6402474520670419,-1.332959544717406,-1.2983753500580535,2.211956110773529,0.2420706033059415,-1.1900316309135361,0.745945945945946,Medium,1,1,-1.0398855625898886,-1.1067195043597118,-0.6940582870642232,-0.7684736752694479,-0.6829109540471299,1.3260246516246552,-0.2168205059111905,0.123663606397123,-0.6402474520670416,-1.332959544717406,-1.2983753500580535,2.211956110773529,0.24207060330594155,-1.1900316309135763,-0.00667822928883494,-0.34649203129021994,0.6125530498969481,3.7376696182833684,8.03947991910045
Grand Valley State University,No,5165,3887,1561,20,60,8234,2619,6108,3800,500,1000,64.0,66,20.6,9,5063,57,1.04774118327028,1.1602194796040997,1.221175651709143,-0.2637884142137955,1.307243722051495,1.431922428877039,-1.129437743026696,-0.2291945977334828,-0.38127720198738435,-0.6460287307120804,-1.0407110988557453,1.5760036893650977,-1.1823654119674138,-1.5340737192800529,0.7525653436592449,Low,0,0,1.0477411832702808,1.1602194796041012,1.2211756517091423,-0.26378841421379556,1.3072437220514956,1.4319224288770391,-1.1294377430266962,-0.22919459773348455,-0.381277201987384,-0.6460287307120804,-1.0407110988557453,1.576003689365098,-1.182365411967414,-1.534073719280093,0.03834886055545697,-1.2845558233198398,-1.6325116659989423,4.110873864173311,8.24301946898925
Green Mountain College,Yes,780,628,198,7,20,545,42,11750,2700,400,850,77.0,83,14.0,24,6475,76,-0.6990756244101037,-0.6579340259156862,-0.9348022212105668,-1.6267810138219472,-1.4414249072737315,-1.186224667229641,0.43741250359800693,-1.0385747647777013,-0.7100928489390356,0.18846094051108306,0.09569733284866454,0.032588388009415346,0.2420706033059415,-0.7387771668507083,0.8051282051282052,High,2,1,-0.6990756244101031,-0.6579340259156845,-0.9348022212105674,-1.6267810138219472,-1.4414249072737308,-1.1862246672296408,0.43741250359800665,-1.038574764777703,-0.7100928489390352,0.18846094051108306,0.09569733284866458,0.032588388009415103,0.24207060330594155,-0.7387771668507485,0.3958969016832701,0.5915717607393999,0.6125530498969481,3.044522437723423,7.901377353792616
Greensboro College,Yes,608,494,176,10,31,649,314,8330,3770,550,1300,64.0,80,13.0,31,7949,39,-0.9477196186556396,-0.9148542999972104,-1.0795968542171843,-1.204141438433242,-1.2113290489984943,-0.044669902510998914,-0.430108505965122,0.12366360639712475,0.15797762148941302,-0.6460287307120804,-0.1356944211524122,-0.22412911641303207,0.7420738904172537,-0.1521656662385522,0.8125,Medium,1,1,-0.9477196186556389,-0.9148542999972087,-1.079596854217185,-1.204141438433242,-1.2113290489984936,-0.04466990251099866,-0.4301085059651223,0.123663606397123,0.15797762148941336,-0.6460287307120804,-0.13569442115241218,-0.22412911641303238,0.7420738904172538,-0.15216566623859243,0.4460420182607379,-0.34649203129021994,0.6125530498969481,3.4657359027997265,8.235095497258357
Greenville College,Yes,510,387,194,20,46,771,53,10310,4530,400,800,57.0,61,14.3,16,8222,60,-1.1258803468589633,-1.1805820676398298,-0.9597044877467185,-0.2637884142137955,-0.9928406465373613,-1.065526666446129,0.09558300522426577,-1.0385747647777013,-0.8317407991744724,-1.0343401508981573,-1.2983753500580535,0.10819887934799702,-0.43232901744623836,-0.0616886383800057,0.7588235294117647,Medium,1,1,-1.1258803468589627,-1.1805820676398282,-0.9597044877467191,-0.26378841421379556,-0.9928406465373607,-1.0655266664461287,0.0955830052242655,-1.038574764777703,-0.8317407991744721,-1.0343401508981573,-1.2983753500580535,0.1081988793479968,-0.4323290174462384,-0.0616886383800459,0.08091888041917393,-0.34649203129021994,0.6125530498969481,3.8501476017100584,8.418697944667139
Grinnell College,Yes,2039,1389,432,56,91,1333,30,15688,4618,400,400,88.0,92,9.5,54,18979,83,0.21887920193087035,0.16206258943719978,-0.03904524443172918,1.4803479884652577,-0.35066438954151585,-1.3559697713457746,1.2498296281827272,-1.0385747647777013,-2.184436019568784,1.0088928960519896,0.8746535950171559,-1.190691670206362,2.063646274733743,1.7237140634499133,0.6812162824914174,Very High,3,1,0.21887920193087096,0.16206258943720145,-0.039045244431729874,1.4803479884652577,-0.3506643895415153,-1.3559697713457743,1.249829628182727,-1.038574764777703,-2.1844360195687837,1.0088928960519896,0.8746535950171559,-1.1906916702063624,2.0636462747337436,1.723714063449873,-0.44698843547303196,1.5296355527690197,0.6125530498969481,4.5217885770490405,8.437933510430605
Grove City College,Yes,2491,1110,573,57,88,2213,35,5224,3048,525,350,65.0,65,18.4,18,4957,100,0.40220327870658373,-0.06501740293585062,0.25972486931570765,1.51453184767177,0.17905060242717555,-1.2789032854925575,-1.4545982956336498,-0.04910428251208369,-2.4371388845102935,-0.5870586132298377,-1.094880026424442,1.0864302139312219,-0.2501326836602141,-1.6075655894900829,0.4456041750301084,Low,0,1,0.40220327870658434,-0.06501740293584896,0.25972486931570693,1.51453184767177,0.1790506024271761,-1.2789032854925573,-1.45459829563365,-0.049104282512085436,-2.437138884510293,-0.5870586132298377,-1.094880026424442,1.0864302139312219,-0.25013268366021413,-1.607565589490123,-2.0496912780215544,-1.2845558233198398,0.6125530498969481,4.48863636973214,8.022568946988255
Guilford College,Yes,1202,1054,326,18,44,1410,299,13404,5160,450,1050,78.0,86,15.6,30,9114,65,-0.27801207478851087,-0.1179466191144301,-0.34999588767462286,-0.41769469988544683,-0.2890440563340104,-0.07522454097749387,0.7976098294365102,-0.6142542943018506,-0.2817874149273265,0.25872716535248275,0.3410143789166372,0.42895980050767385,0.6744919461391042,0.20427024854485581,0.8768718801996672,High,2,1,-0.27801207478851026,-0.11794661911442844,-0.3499958876746236,-0.4176946998854469,-0.28904405633400987,-0.07522454097749362,0.7976098294365099,-0.6142542943018524,-0.2817874149273262,0.25872716535248275,0.3410143789166373,0.4289598005076737,0.6744919461391043,0.2042702485448156,0.8839184775303086,0.5915717607393999,0.6125530498969481,3.8066624897703196,8.548885638148727
Gustavus Adolphus College,Yes,1709,1385,634,36,72,2281,50,14125,3600,400,700,79.0,89,12.5,58,9907,80,0.05499965685527581,0.15916423283643383,0.3636193184819639,0.675328745331237,0.20885524428698746,-1.0960209047484508,0.9454905754324342,-1.0385747647777013,-1.0977621251583494,0.32985855535977965,0.6005650532112241,-0.35536252142722496,2.2607508182332983,0.4090709791338607,0.8104154476301931,Very High,3,1,0.054999656855276434,0.1591642328364355,0.36361931848196316,0.6753287453312369,0.208855244286988,-1.0960209047484506,0.945490575432434,-1.038574764777703,-1.0977621251583491,0.32985855535977965,0.6005650532112241,-0.3553625214272253,2.2607508182332987,0.4090709791338205,0.4318622800268725,1.5296355527690197,0.6125530498969481,4.290459441148391,8.188966863648876
Gwynedd Mercy College,Yes,380,237,104,30,56,716,1108,11000,5550,500,500,36.0,41,7.8,22,7483,96,-1.4292795810578298,-1.7281220413532992,-1.7592629458791422,0.3687770077049723,-1.0857037011407664,0.7955700857193758,0.26304304288094843,-0.2291945977334828,-1.7565250573930093,-1.9401726631853233,-2.0259049331637793,-1.7100169957075873,0.08579839053769144,-0.31822830099276955,0.6236842105263158,High,2,1,-1.4292795810578292,-1.7281220413532976,-1.759262945879143,0.36877700770497224,-1.0857037011407658,0.795570085719376,0.26304304288094815,-0.22919459773348455,-1.7565250573930091,-1.9401726631853233,-2.0259049331637793,-1.710016995707588,0.08579839053769148,-0.31822830099280974,-0.8383385077154618,0.5915717607393999,0.6125530498969481,4.04305126783455,8.621733370690162
Hamilton College,Yes,3140,1783,454,40,82,1646,24,19700,5050,300,800,91.0,96,9.6,60,17761,91,0.6108944514574587,0.4108458852058674,0.014437151797164842,0.8591123720558882,-0.1231006411982501,-1.4654695858923672,1.9491090666190474,-2.0483080694901465,-0.8317407991744724,1.2507419520369065,1.2632379969775114,-1.1613227123443626,2.356633351209287,1.6098052606303164,0.5678343949044586,Very High,3,1,0.6108944514574594,0.41084588520586907,0.014437151797164146,0.8591123720558881,-0.12310064119824952,-1.465469585892367,1.9491090666190471,-2.0483080694901483,-0.8317407991744721,1.2507419520369065,1.2632379969775114,-1.161322712344363,2.3566333512092874,1.6098052606302762,-1.2182453776018507,1.5296355527690197,0.6125530498969481,4.418840607796598,8.527341522468053
Hamline University,Yes,1006,825,328,34,73,1362,102,13252,4194,450,550,89.0,93,13.0,33,10296,65,-0.449727706517667,-0.37099421935157956,-0.34309674714668065,0.5776799288914052,-0.32695909859884575,-0.7105632497995541,0.7657705861943107,-0.6142542943018506,-1.5715860923599767,1.0886494052534617,0.9692990979140862,-0.22412911641303207,0.8739402524684261,0.5005321658554333,0.820079522862823,High,2,1,-0.4497277065176664,-0.3709942193515779,-0.34309674714668137,0.5776799288914051,-0.3269590985988452,-0.7105632497995539,0.7657705861943105,-0.6142542943018524,-1.5715860923599765,1.0886494052534617,0.9692990979140862,-0.22412911641303238,0.8739402524684262,0.5005321658553931,0.49760016172075866,0.5915717607393999,0.6125530498969481,4.30406509320417,8.341648618901306
Hampden - Sydney College,Yes,817,644,307,20,40,945,1,13218,4773,660,600,95.0,97,13.3,53,12263,69,-0.653314024243854,-0.6312484220536946,-0.418077158140422,-0.2637884142137955,-0.7451222077256711,-2.789154165730728,0.7586158531116008,0.8108422001480808,-1.4016057553649468,1.5852330973790323,1.3645882269351624,-0.1463314798823474,2.0131861287551445,0.8925153057161335,0.7882496940024479,High,2,1,-0.6533140242438533,-0.6312484220536929,-0.41807715814042273,-0.26378841421379556,-0.7451222077256705,-2.7891541657307277,0.7586158531116006,0.8108422001480791,-1.4016057553649466,1.5852330973790323,1.3645882269351624,-0.14633147988234768,2.013186128755145,0.8925153057160933,0.2810843054601317,0.5915717607393999,0.6125530498969481,3.713572066704308,8.470939806898775
Hampton University,Yes,7178,3755,1433,25,63,4623,740,7161,3518,600,2000,60.0,64,14.0,9,6791,70,1.3280571656019333,1.1278472415360925,1.1447456293547391,0.07620224590010687,0.8512802515546799,0.5151068467870742,-0.7802418840968481,0.44960144391101303,1.0664517667212474,-0.8731730296610826,-1.1477182127095475,0.032588388009415346,-1.1823654119674138,-0.5966162551681816,0.5231262190025077,Low,0,1,1.328057165601934,1.127847241536094,1.1447456293547384,0.0762022459001068,0.8512802515546805,0.5151068467870744,-0.7802418840968484,0.4496014439110113,1.0664517667212476,-0.8731730296610826,-1.1477182127095475,0.032588388009415103,-1.182365411967414,-0.5966162551682218,-1.5223635376373355,-1.2845558233198398,0.6125530498969481,4.1588830833596715,8.165932137321585
Hanover College,Yes,1006,837,317,33,65,1024,15,8200,3485,500,1200,84.0,84,10.6,26,9248,64,-0.449727706517667,-0.35595780742241245,-0.38165786794647216,0.5272445442404738,-0.650384244251072,-1.6883580068917192,-0.4673816430927015,-0.2291945977334828,-0.007652220075795025,0.6984756672128422,0.17590711389826053,-0.8738990271409371,0.3918121720690085,0.24077110487052877,0.8320079522862823,Medium,1,1,-0.4497277065176664,-0.3559578074224108,-0.3816578679464729,0.5272445442404737,-0.6503842442510714,-1.688358006891719,-0.4673816430927018,-0.22919459773348455,-0.0076522200757946955,0.6984756672128422,0.17590711389826055,-0.8738990271409376,0.39181217206900854,0.24077110487048856,0.5787408465103001,-0.34649203129021994,0.6125530498969481,4.189654742026425,8.156510226079966
Hardin-Simmons University,Yes,467,424,350,16,40,1365,334,6300,2980,700,2140,75.0,79,13.7,10,7054,38,-1.216023558686226,-1.0806619631624301,-0.2702647819019641,-0.5849046607537621,-0.32454198313995414,-0.005914869171841798,-1.0629709897256059,1.036080707406721,1.211789924705937,0.05052602522539324,-0.20978440474634713,-0.043655140683840785,-1.060970528103861,-0.4858582682422021,0.9079229122055674,Low,0,1,-1.2160235586862254,-1.0806619631624286,-0.27026478190196485,-0.5849046607537622,-0.3245419831399536,-0.005914869171841542,-1.062970989725606,1.0360807074067193,1.2117899247059372,0.05052602522539325,-0.2097844047463471,-0.04365514068384104,-1.0609705281038613,-0.48585826824224226,1.095136728562224,-1.2845558233198398,0.6125530498969481,3.713572066704308,8.000014093678072
Harding University,Yes,1721,1068,806,35,75,3128,213,5504,3528,700,910,71.0,77,17.7,37,6466,73,0.061534714056520584,-0.10443722776263774,0.6037771105286838,0.6270233788095004,0.5083323315687038,-0.28291456787342484,-1.347937698152823,1.036080707406721,-0.5725728837468629,-0.21493899577553588,-0.35347352257287784,0.9259436202503536,1.1257980950091877,-0.7429823905702067,0.620569436374201,Low,0,1,0.06153471405652121,-0.10443722776263607,0.6037771105286831,0.6270233788095003,0.5083323315687044,-0.28291456787342456,-1.3479376981528233,1.0360807074067193,-0.5725728837468625,-0.21493899577553588,-0.3534735225728778,0.9259436202503536,1.125798095009188,-0.7429823905702468,-0.8595261174749087,-1.2845558233198398,0.6125530498969481,4.330733340286331,8.16876982367527
Hartwick College,Yes,2083,1725,430,22,49,1464,67,17480,4780,500,700,75.0,87,12.3,32,11625,73,0.23855423871085646,0.3781450782958401,-0.044062480513705635,-0.12094221917214974,-0.24822668263438882,-0.9410669533097701,1.5751599681039905,-0.2291945977334828,-1.0977621251583494,0.05052602522539324,0.4259346495311623,-0.4084258992712101,0.8085395078716484,0.7766434974014556,0.828132501200192,Very High,3,1,0.23855423871085707,0.37814507829584176,-0.04406248051370633,-0.12094221917214981,-0.24822668263438827,-0.9410669533097699,1.5751599681039903,-0.22919459773348455,-1.0977621251583491,0.05052602522539325,0.42593464953116233,-0.4084258992712105,0.8085395078716485,0.7766434974014154,0.5523788885499915,1.5296355527690197,0.6125530498969481,3.912023005428146,8.472405008626103
Harvard University,Yes,13865,2165,1606,90,100,6862,320,18485,6410,500,1920,97.0,97,9.9,52,37219,100,1.86903849118265,0.6012991607773677,1.2463428394879688,2.452443922292768,1.1694377595295318,-0.03281519843815528,1.748095854789754,-0.2291945977334828,0.9791134641405623,1.7576249773363266,1.3645882269351624,-1.07392177987466,1.9622255291248631,2.6753026111110616,0.1561485755499459,Very High,3,1,1.8690384911826508,0.6012991607773693,1.246342839487968,2.452443922292768,1.1694377595295324,-0.03281519843815502,1.7480958547897538,-0.22919459773348455,0.9791134641405627,1.7576249773363266,1.3645882269351624,-1.0739217798746605,1.9622255291248634,2.675302611111021,-4.0186533872995085,1.5296355527690197,0.6125530498969481,4.61512051684126,8.765770543987257
Harvey Mudd College,Yes,1377,572,178,95,100,654,5,17230,6690,700,900,100.0,100,8.2,46,21569,100,-0.14838336820690123,-0.7574115504793242,-1.0655921865440927,2.5709000589305027,-1.2014181888893443,-2.1706909080364514,1.5311313223741758,1.036080707406721,-0.5948985253355604,2.022636516832633,1.6789026453905742,-1.5841549263009003,1.645084879245121,1.932162509996796,0.4153957879448075,Very High,3,1,-0.14838336820690062,-0.7574115504793225,-1.0655921865440934,2.5709000589305027,-1.2014181888893436,-2.170690908036451,1.5311313223741756,1.0360807074067193,-0.5948985253355601,2.022636516832633,1.6789026453905742,-1.584154926300901,1.6450848792451211,1.9321625099967559,-2.255177610502869,1.5296355527690197,0.6125530498969481,4.61512051684126,8.808518618782816
Hastings College,Yes,817,708,262,22,52,935,37,9376,3272,500,1902,57.0,63,13.0,17,7335,52,-0.653314024243854,-0.531168003655816,-0.6008223210545419,-0.12094221917214974,-0.7578008556512423,-1.2508324265266677,-0.14326405507782955,-0.2291945977334828,0.9589986053223571,-1.0343401508981573,-1.199238322126377,-0.22412911641303207,-0.33988160333066747,-0.37434767087137416,0.8665850673194615,Medium,1,1,-0.6533140242438533,-0.5311680036558143,-0.6008223210545426,-0.12094221917214981,-0.7578008556512418,-1.2508324265266675,-0.14326405507782983,-0.22919459773348455,0.9589986053223575,-1.0343401508981573,-1.199238322126377,-0.22412911641303238,-0.3398816033306675,-0.37434767087141435,0.8139445512261274,-0.34649203129021994,0.6125530498969481,3.970291913552122,8.09346227450118
Hendrix College,Yes,823,721,274,52,87,954,6,8800,3195,500,1200,82.0,99,13.1,26,8588,63,-0.6461031505349166,-0.5120233634443351,-0.5487381704008443,1.3388902885586311,-0.733850464846132,-2.0942242543239864,-0.2984550083699909,-0.2291945977334828,-0.007652220075795025,0.5484387369161905,1.572409762644023,-0.19811971128459815,0.3918121720690085,0.052586408442532706,0.8760631834750912,Medium,1,1,-0.646103150534916,-0.5120233634443334,-0.5487381704008449,1.3388902885586311,-0.7338504648461315,-2.094224254323986,-0.29845500836999117,-0.22919459773348455,-0.0076522200757946955,0.5484387369161905,1.572409762644023,-0.19811971128459846,0.39181217206900854,0.0525864084424925,0.878417484592369,-0.34649203129021994,0.6125530498969481,4.477336814478207,8.069655306886165
Hillsdale College,Yes,920,745,347,35,66,1133,42,11090,4700,400,750,80.0,80,12.0,31,12639,79,-0.5367762845676514,-0.47762995912745426,-0.279880680795127,0.6270233788095004,-0.5333714638444964,-1.186224667229641,0.2843718631066613,-1.0385747647777013,-0.9606431574931019,0.4018546093085536,-0.1356944211524122,-0.48865480211398754,0.7420738904172537,0.9565419713728884,0.8097826086956522,High,2,1,-0.5367762845676507,-0.4776299591274526,-0.27988068079512773,0.6270233788095003,-0.5333714638444959,-1.1862246672296408,0.284371863106661,-1.038574764777703,-0.9606431574931016,0.4018546093085536,-0.13569442115241218,-0.48865480211398793,0.7420738904172538,0.9565419713728482,0.4275575234921063,0.5915717607393999,0.6125530498969481,4.204692619390966,8.45553053102413
Hiram College,Yes,922,729,244,37,66,1000,275,14067,4560,400,1000,75.0,95,10.6,34,12165,79,-0.5346542711234586,-0.500424605826945,-0.6843415439833753,0.7226458157909562,-0.6781964875177116,-0.1271125978628815,0.9337804705115147,-1.0385747647777013,-0.38127720198738435,0.05052602522539324,1.1635803366973685,-0.8738990271409371,0.9383237733786066,0.8753278375047309,0.7906724511930586,Very High,3,1,-0.534654271123458,-0.5004246058269434,-0.684341543983376,0.7226458157909561,-0.678196487517711,-0.12711259786288126,0.9337804705115145,-1.038574764777703,-0.381277201987384,0.05052602522539325,1.1635803366973685,-0.8738990271409376,0.9383237733786067,0.8753278375046907,0.29756461234263887,1.5296355527690197,0.6125530498969481,4.204692619390966,8.4252971767117
Hobart and William Smith Colleges,Yes,2688,2081,500,25,53,1792,5,19029,5841,600,600,99.0,99,12.1,37,13040,79,0.47119420073080576,0.5626826522385013,0.1171942204221842,0.07620224590010687,-0.03433766964460313,-2.1706909080364514,1.8391379214436463,0.44960144391101303,-1.4016057553649468,1.9334433724427944,1.572409762644023,-0.4618260365186871,1.1257980950091877,1.021665960310897,0.7741815476190477,Very High,3,1,0.47119420073080637,0.562682652238503,0.11719422042218351,0.0762022459001068,-0.03433766964460256,-2.170690908036451,1.839137921443646,0.4496014439110113,-1.4016057553649466,1.9334433724427944,1.572409762644023,-0.4618260365186875,1.125798095009188,1.0216659603108569,0.18538863667211378,1.5296355527690197,0.6125530498969481,3.9889840465642745,8.672828482947686
Hofstra University,Yes,7428,5860,1349,25,63,6534,1350,11600,5920,1000,1000,81.0,90,13.9,10,10093,60,1.356833057915889,1.5390007343193122,1.0901753060871524,0.07620224590010687,1.1314600668627193,0.9369570706136677,0.403136443583273,2.4385555837110098,-0.38127720198738435,0.474714832564546,0.6902976719925955,0.007245150469287423,-1.060970528103861,0.45348131137259345,0.7889068389876144,High,2,1,1.3568330579158896,1.5390007343193137,1.0901753060871517,0.0762022459001068,1.13146006686272,0.936957070613668,0.4031364435832727,2.438555583711008,-0.381277201987384,0.474714832564546,0.6902976719925955,0.007245150469287173,-1.0609705281038613,0.45348131137255326,0.2855543988990511,0.5915717607393999,0.6125530498969481,4.1588830833596715,8.686260632531775
Hollins College,Yes,602,498,215,26,58,795,74,13470,5515,500,850,78.0,91,11.1,48,13957,72,-0.9577117377063573,-0.906151921765511,-0.8350844142559638,0.13799295441079093,-0.954815853955006,-0.8874268200608986,0.81136092042319,-0.2291945977334828,-0.7100928489390356,0.25872716535248275,0.7816568116943878,-0.7341609541828268,1.7530766248416305,1.1596083388245395,0.8272425249169435,High,2,1,-0.9577117377063566,-0.9061519217655093,-0.8350844142559645,0.13799295441079087,-0.9548158539550055,-0.8874268200608983,0.8113609204231897,-0.22919459773348455,-0.7100928489390352,0.25872716535248275,0.7816568116943878,-0.7341609541828271,1.7530766248416307,1.1596083388244993,0.5463250081516874,0.5915717607393999,0.6125530498969481,4.07753744390572,8.615408238913192
Hood College,Yes,699,565,176,36,64,710,399,13960,6040,450,690,82.0,88,14.4,34,12434,72,-0.8079545962346025,-0.7705738778287172,-1.0795968542171843,0.675328745331237,-1.0963584006614737,0.1070210746282918,0.912093837816943,-0.6142542943018506,-1.1262705939108604,0.5484387369161905,0.5124477851823425,0.1332649038957073,0.9383237733786066,0.9220039712349752,0.8082975679542204,High,2,1,-0.8079545962346019,-0.7705738778287156,-1.079596854217185,0.6753287453312369,-1.096358400661473,0.10702107462829205,0.9120938378169428,-0.6142542943018524,-1.1262705939108602,0.5484387369161905,0.5124477851823425,0.13326490389570708,0.9383237733786067,0.922003971234935,0.4174558396557439,0.5915717607393999,0.6125530498969481,4.174387269895637,8.706324840138741
Hope College,Yes,1712,1483,624,37,69,2505,208,12275,4341,465,1100,72.0,81,12.5,40,9284,72,0.056638025513930636,0.22771793735859247,0.3473981099282442,0.7226458157909562,0.29986379508331684,-0.2972019675334946,0.5551629604043432,-0.4949772297506913,-0.1865912069727965,-0.14987467952129907,-0.060091883356808096,-0.35536252142722496,1.3055390298726273,0.2504385953351303,0.8662383177570093,High,2,1,0.05663802551393126,0.22771793735859414,0.3473981099282435,0.7226458157909561,0.2998637950833174,-0.2972019675334943,0.555162960404343,-0.494977229750693,-0.18659120697279616,-0.14987467952129907,-0.06009188335680806,-0.3553625214272253,1.3055390298726275,0.2504385953350901,0.8115858587319998,0.5915717607393999,0.6125530498969481,4.248495242049359,8.376090350438238
Houghton College,Yes,949,786,302,30,70,1210,26,9990,3550,500,1500,85.0,90,15.0,24,8187,67,-0.5064809912849548,-0.421528346448238,-0.4368036320882189,0.3687770077049723,-0.45868846448416,-1.4264688673004153,0.015414767758354089,-0.2291945977334828,0.45655088669276045,0.7747877474272864,0.6902976719925955,0.282263089279496,0.2420706033059415,-0.07302771101305129,0.8282402528977871,Medium,1,1,-0.5064809912849542,-0.42152834644823634,-0.4368036320882196,0.36877700770497224,-0.45868846448415945,-1.426468867300415,0.015414767758353815,-0.22919459773348455,0.4565508866927608,0.7747877474272864,0.6902976719925955,0.2822630892794958,0.24207060330594155,-0.0730277110130915,0.5531118472840987,-0.34649203129021994,0.6125530498969481,4.2626798770413155,8.174984532943087
Huntingdon College,Yes,608,520,127,26,47,538,126,8080,3920,500,1100,63.0,72,11.4,9,7703,44,-0.9477196186556396,-0.8595869243813244,-1.4946627369472683,0.13799295441079093,-1.4588087077045102,-0.5910032316073235,-0.5021337567822785,-0.2291945977334828,-0.1865912069727965,-0.7041258620108916,-0.6870519494859656,-0.6514933647702706,-1.1823654119674138,-0.23789916074291398,0.8552631578947368,Medium,1,1,-0.9477196186556389,-0.8595869243813228,-1.494662736947269,0.13799295441079087,-1.4588087077045095,-0.5910032316073233,-0.5021337567822787,-0.22919459773348455,-0.18659120697279616,-0.7041258620108916,-0.6870519494859656,-0.651493364770271,-1.182365411967414,-0.2378991607429542,0.7369295938302606,-0.34649203129021994,0.6125530498969481,3.871201010907891,8.27410200229233
Huntington College,Yes,450,430,125,20,46,488,43,9950,3920,300,1300,76.0,76,11.8,25,9466,47,-1.2541463701930475,-1.0653409384127004,-1.5153892912146503,-0.2637884142137955,-1.5915774758256043,-1.174141414325122,0.005275697146182746,-2.0483080694901465,0.15797762148941302,0.11906038882416063,-0.4230962065588109,-0.542574720624852,0.3177088594568356,0.29844229925254595,0.9555555555555556,Medium,1,1,-1.2541463701930469,-1.0653409384126988,-1.515389291214651,-0.26378841421379556,-1.5915774758256036,-1.1741414143251219,0.005275697146182472,-2.0483080694901483,0.15797762148941336,0.11906038882416065,-0.42309620655881086,-0.5425747206248523,0.31770885945683564,0.29844229925250576,1.419147976191603,-0.34649203129021994,0.6125530498969481,3.8501476017100584,8.27410200229233
Huron University,Yes,600,197,124,3,9,392,69,7260,3090,600,1840,31.0,35,12.9,4,9249,21,-0.9610662035097874,-1.939400236375656,-1.5258965124268793,-2.4887995845903816,-1.9002758131524224,-0.9252445141562533,-0.749194228132909,0.44960144391101303,0.8883383994175161,-2.097938217155508,-2.1608178322808573,-0.2502164766951095,-1.9198798890972208,0.24104042973052656,0.3283333333333333,Low,0,1,-0.9610662035097868,-1.9394002363756544,-1.52589651242688,-2.4887995845903816,-1.9002758131524218,-0.9252445141562531,-0.7491942281329093,0.4496014439110113,0.8883383994175165,-2.097938217155508,-2.1608178322808573,-0.2502164766951098,-1.919879889097221,0.24104042973048634,-2.8474020296489657,-1.2845558233198398,0.6125530498969481,2.302585092994046,8.036249942132116
Husson College,Yes,723,652,361,10,30,951,706,7800,4000,350,1500,36.0,44,22.0,4,4923,84,-0.7743388082826737,-0.6181702082648436,-0.23580289161093015,-1.204141438433242,-0.7375932590248221,0.48314881528904363,-0.5845619581984869,-1.5119094126371275,0.45655088669276045,-1.9401726631853233,-1.9451356052056121,1.8769734484218663,-1.9198798890972208,-1.6316540420110215,0.9017980636237898,Medium,1,1,-0.774338808282673,-0.6181702082648419,-0.23580289161093085,-1.204141438433242,-0.7375932590248215,0.4831488152890439,-0.5845619581984871,-1.5119094126371293,0.4565508866927608,-1.9401726631853233,-1.9451356052056121,1.8769734484218665,-1.919879889097221,-1.6316540420110617,1.0534737073450047,-0.34649203129021994,0.6125530498969481,3.4339872044851463,8.294299608857235
Illinois Benedictine College,Yes,607,558,269,22,47,1222,519,10500,4348,650,1500,81.0,91,11.6,29,8324,75,-0.949377606244495,-0.7839117241522426,-0.5701138464304865,-0.12094221917214974,-0.44757193185112865,0.2776982439626942,0.1424118724317926,0.7526774094232582,0.45655088669276045,0.474714832564546,0.7816568116943878,-0.5968513837520442,0.6057379786639013,-0.02906368632803433,0.9192751235584844,Medium,1,1,-0.9493776062444943,-0.783911724152241,-0.5701138464304871,-0.12094221917214981,-0.4475719318511281,0.2776982439626945,0.14241187243179232,0.7526774094232564,0.4565508866927608,0.474714832564546,0.7816568116943878,-0.5968513837520445,0.6057379786639014,-0.029063686328074535,1.1723578085846902,-0.34649203129021994,0.6125530498969481,3.871201010907891,8.37770121259764
Illinois College,Yes,894,787,262,28,63,909,28,8050,3850,600,1000,75.0,75,15.6,30,7348,52,-0.5648216285901029,-0.4201993916680057,-0.6008223210545419,0.2564541555541443,-0.7915540595069022,-1.3900837948934839,-0.5108746975091973,0.44960144391101303,-0.38127720198738435,0.05052602522539324,-0.4912534379026085,0.42895980050767385,0.6744919461391042,-0.3693485130385374,0.8803131991051454,Medium,1,1,-0.5648216285901022,-0.420199391668004,-0.6008223210545426,0.25645415555414425,-0.7915540595069016,-1.3900837948934837,-0.5108746975091976,0.4496014439110113,-0.381277201987384,0.05052602522539325,-0.49125343790260845,0.4289598005076737,0.6744919461391043,-0.3693485130385776,0.9073273407307345,-0.34649203129021994,0.6125530498969481,4.1588830833596715,8.25608813381491
Illinois Institute of Technology,Yes,1756,1360,478,42,77,1911,626,14550,4620,500,700,,88,12.3,26,12851,56,0.08031965650631415,0.140844270638576,0.06947392682514149,0.9459121453121655,0.03172662414991085,0.4021067495915114,1.0303484290494733,-0.2291945977334828,-1.0977621251583494,,0.5124477851823425,-0.4084258992712101,0.3918121720690085,0.9913621641935632,0.7744874715261959,Very High,3,1,0.08031965650631477,0.14084427063857766,0.0694739268251408,0.9459121453121654,0.03172662414991142,0.40210674959151166,1.030348429049473,-0.22919459773348455,-1.0977621251583491,,0.5124477851823425,-0.4084258992712105,0.39181217206900854,0.991362164193523,0.18746962105306514,1.5296355527690197,0.6125530498969481,4.356708826689592,8.438366410870266
Illinois State University,No,8681,6695,2408,10,35,15701,1823,7799,3403,537,2605,77.0,84,21.0,16,5569,54,1.4869507939193272,1.6596222177488333,1.5933573716442349,-1.204141438433242,1.753301595128664,1.1573001249387027,-0.5848598009901799,0.03469860962910942,1.6383252862071063,0.18846094051108306,0.17590711389826053,1.6627856961005765,-0.43232901744623836,-1.2134582313363935,0.7712245133049188,Medium,1,0,1.4869507939193278,1.659622217748835,1.5933573716442342,-1.204141438433242,1.7533015951286646,1.157300124938703,-0.5848598009901801,0.034698609629107674,1.6383252862071065,0.18846094051108306,0.17590711389826055,1.6627856961005767,-0.4323290174462384,-1.2134582313364337,0.1652740196779676,-0.34649203129021994,-1.6325116659989423,3.58351893845611,8.132706489693264
Illinois Wesleyan University,Yes,3050,1342,471,55,86,1818,23,14360,4090,400,650,77.0,92,12.9,34,9605,83,0.5848755405025664,0.12742953348146005,0.05375671271292296,1.4457068812376728,-0.019455506725603946,-1.4860814376784817,0.9926160534748453,-1.0385747647777013,-1.2442682361696895,0.18846094051108306,0.8746535950171559,-0.2502164766951095,0.9383237733786066,0.33415609377675304,0.44,Very High,3,1,0.5848755405025671,0.12742953348146172,0.05375671271292227,1.4457068812376728,-0.01945550672560338,-1.4860814376784814,0.992616053474845,-1.038574764777703,-1.2442682361696893,0.18846094051108306,0.8746535950171559,-0.2502164766951098,0.9383237733786067,0.33415609377671285,-2.0878125246233195,1.5296355527690197,0.6125530498969481,4.465908118654584,8.316544717929398
Immaculata College,Yes,268,253,103,16,44,494,1305,10000,5364,500,1000,56.0,64,11.2,33,7305,69,-1.7978651869723732,-1.6540987638917592,-1.7722654599603764,-0.5849046607537621,-1.574788563918717,0.9124968110445694,0.017945366784329685,-0.2291945977334828,-0.38127720198738435,-1.0863082490971052,-1.1477182127095475,-0.7065095975671861,0.8739402524684261,-0.3859365182888588,0.9440298507462687,Medium,1,1,-1.7978651869723725,-1.6540987638917577,-1.772265459960377,-0.5849046607537622,-1.5747885639187162,0.9124968110445696,0.01794536678432941,-0.22919459773348455,-0.381277201987384,-1.0863082490971052,-1.1477182127095475,-0.7065095975671865,0.8739402524684262,-0.38593651828889897,1.340746742658845,-0.34649203129021994,0.6125530498969481,3.8066624897703196,8.587651655064798
Incarnate Word College,Yes,1163,927,386,16,49,1685,556,8840,4689,750,2775,67.0,69,11.4,21,6095,95,-0.30966301556478515,-0.2500427443810497,-0.16179079217954367,-0.5849046607537621,-0.09847686934028843,0.32313609642623936,-0.2874658280935898,1.302364971752549,1.7767874415641802,-0.46650187191478404,-0.8700943318940553,-0.6514933647702706,0.004942005820180814,-0.9245890040821799,0.7970765262252795,Medium,1,1,-0.30966301556478454,-0.250042744381048,-0.16179079217954437,-0.5849046607537622,-0.09847686934028786,0.32313609642623964,-0.28746582809359006,1.3023649717525472,1.7767874415641804,-0.46650187191478404,-0.8700943318940553,-0.651493364770271,0.004942005820180843,-0.9245890040822201,0.3411270139892513,-0.34649203129021994,0.6125530498969481,3.912023005428146,8.453187861440325
Indiana State University,No,5659,4761,3147,10,31,8596,1949,6892,3706,600,2500,72.0,76,16.6,8,6996,40,1.1262137276861754,1.3487067169690004,1.8111084530311132,-1.204141438433242,1.3389780240769222,1.2072212748790314,-0.8660535182544824,0.44960144391101303,1.5485627324170848,-0.14987467952129907,-0.4230962065588109,0.6686666670859442,-1.3104191724516414,-0.5097311210926455,0.8413147199151794,Low,0,0,1.1262137276861761,1.348706716969002,1.8111084530311126,-1.204141438433242,1.338978024076923,1.2072212748790316,-0.8660535182544826,0.4496014439110113,1.548562732417085,-0.14987467952129907,-0.42309620655881086,0.6686666670859441,-1.3104191724516416,-0.5097311210926857,0.642048216808413,-1.2845558233198398,-1.6325116659989423,3.4657359027997265,8.217978203150732
Indiana University at Bloomington,No,16587,13243,5873,25,72,24763,2717,9766,3990,600,2000,77.0,88,21.3,24,8686,68,2.0119006137631326,2.2601455767092014,2.2852915059849046,0.07620224590010687,2.032303715195847,1.4603202557412676,-0.041712170350209236,0.44960144391101303,1.0664517667212474,0.18846094051108306,0.5124477851823425,1.7274507823667125,0.2420706033059415,0.08191777926244911,0.7983963344788088,Medium,1,0,2.011900613763133,2.260145576709203,2.2852915059849037,0.0762022459001068,2.0323037151958476,1.4603202557412678,-0.041712170350209514,0.4496014439110113,1.0664517667212476,0.18846094051108306,0.5124477851823425,1.7274507823667127,0.24207060330594155,0.08191777926240891,0.3501047378521804,-0.34649203129021994,-1.6325116659989423,4.290459441148391,8.291797105048733
Indiana Wesleyan University,Yes,735,423,366,20,48,2448,707,9210,3782,700,1000,49.0,51,39.8,15,6562,34,-0.7579770365491012,-1.0832379911270433,-0.22053657570559232,-0.2637884142137955,0.27767422672497294,0.4841083661413631,-0.18733119622175154,1.036080707406721,-0.38127720198738435,-1.4254510554849893,-1.7193887069886764,5.213212459051093,-0.5277223848834107,-0.6985862721727822,0.5755102040816327,Medium,1,1,-0.7579770365491005,-1.0832379911270418,-0.220536575705593,-0.26378841421379556,0.2776742267249735,0.4841083661413634,-0.18733119622175182,1.0360807074067193,-0.381277201987384,-1.4254510554849893,-1.7193887069886764,5.2132124590510935,-0.5277223848834108,-0.6985862721728224,-1.1660322663162306,-0.34649203129021994,0.6125530498969481,3.8918202981106265,8.23827262463303
Iona College,Yes,4892,3530,913,13,33,3906,1446,10690,6790,570,1150,66.0,83,16.0,14,8107,66,1.0008405719802924,1.0697573036776193,0.7250474060118076,-0.8676768730139961,0.7069192316736062,0.986774164535995,0.18868731168658587,0.257019026226166,-0.09532026063319256,-0.5272161250696584,0.09569733284866454,0.5255397651311067,-0.6263490666426472,-0.09922859762019015,0.7215862632869992,High,2,1,1.000840571980293,1.069757303677621,0.725047406011807,-0.8676768730139962,0.7069192316736067,0.9867741645359952,0.1886873116865856,0.2570190262261643,-0.09532026063319222,-0.5272161250696584,0.09569733284866458,0.5255397651311066,-0.6263490666426473,-0.09922859762023035,-0.17237995430517436,0.5915717607393999,0.6125530498969481,3.5263605246161616,8.823353485113792
Iowa State University,No,8427,7424,3441,26,59,18676,1715,7550,3224,640,2055,81.0,88,19.2,22,8420,65,1.4622764189223336,1.7524482197857538,1.881802135650868,0.13799295441079093,1.8628468488356873,1.1119706790254351,-0.6598175891537094,0.6937277157795317,1.1246396101399572,0.474714832564546,0.5124477851823425,1.2669625896659347,0.08579839053769144,0.001083820911869436,0.8809778094220957,Medium,1,0,1.4622764189223343,1.7524482197857554,1.8818021356508674,0.13799295441079087,1.862846848835688,1.1119706790254353,-0.6598175891537096,0.69372771577953,1.1246396101399574,0.474714832564546,0.5124477851823425,1.2669625896659347,0.08579839053769148,0.0010838209118292314,0.9118482155518141,-0.34649203129021994,-1.6325116659989423,4.0943445622221,8.078688229229872
Ithaca College,Yes,7259,5526,1368,23,52,5612,166,14424,6192,634,1000,58.0,79,11.5,25,9812,75,1.3374967710857306,1.4855080807669419,1.1028552823170823,-0.053119072030679164,1.0108856544435574,-0.431205973875573,1.0053623407269028,0.6579715767530688,-0.38127720198738435,-0.9814944542822377,-0.20978440474634713,-0.6241261598571867,0.3177088594568356,0.38588878025480183,0.7612618818019011,Very High,3,1,1.3374967710857313,1.4855080807669434,1.1028552823170816,-0.053119072030679226,1.010885654443558,-0.43120597387557275,1.0053623407269026,0.6579715767530671,-0.381277201987384,-0.9814944542822377,-0.2097844047463471,-0.624126159857187,0.31770885945683564,0.38588878025476164,0.0975052704350114,1.5296355527690197,0.6125530498969481,3.970291913552122,8.731174900938061
James Madison University,No,11223,5285,2082,32,72,9652,742,7994,4544,500,732,77.0,81,17.9,29,5212,98,1.6981400736744272,1.4447167028681118,1.4712066092355762,0.4756588429698257,1.4229680435778833,0.5169452389445929,-0.5272485502066548,-0.2291945977334828,-1.0090033260654707,0.18846094051108306,-0.060091883356808096,0.9720449847980202,0.6057379786639013,-1.434690226242023,0.47090795687427606,Medium,1,0,1.6981400736744279,1.4447167028681134,1.4712066092355756,0.47565884296982563,1.422968043577884,0.5169452389445931,-0.5272485502066551,-0.22919459773348455,-1.0090033260654705,0.18846094051108306,-0.06009188335680806,0.9720449847980202,0.6057379786639014,-1.434690226242063,-1.8775675127115103,-0.34649203129021994,-1.6325116659989423,4.290459441148391,8.421783006611578
Jamestown College,Yes,472,410,262,14,41,9950,71,7620,3050,400,400,51.0,53,17.0,21,3186,54,-1.2050938203345254,-1.1173315051457702,-0.6008223210545419,-0.7684736752694478,1.4446589589039145,-0.9098301087399321,-0.6385830315005429,-1.0385747647777013,-2.184436019568784,-1.332959544717406,-1.644788026270866,0.7629678950964552,0.004942005820180814,-3.3525774242454434,0.8686440677966102,Medium,1,1,-1.2050938203345247,-1.1173315051457686,-0.6008223210545426,-0.7684736752694479,1.4446589589039152,-0.9098301087399319,-0.6385830315005431,-1.038574764777703,-2.1844360195687837,-1.332959544717406,-1.644788026270866,0.7629678950964552,0.004942005820180843,-3.3525774242454838,0.8279504779719628,-0.34649203129021994,0.6125530498969481,3.7376696182833684,8.02322468471667
Jersey City State College,No,2957,1423,691,10,30,3817,1394,3946,4800,400,1500,63.0,67,14.9,10,8367,26,0.5571094015963312,0.18634413191597873,0.4507732493389179,-1.204141438433242,0.6867583438378481,0.9601733636324568,-1.996145086481559,-1.0385747647777013,0.45655088669276045,-0.7041258620108916,-0.9851988400469104,0.2575933508983325,-1.060970528103861,-0.01549415709420525,0.48123097734190057,Low,0,0,0.5571094015963318,0.1863441319159804,0.45077324933891716,-1.204141438433242,0.6867583438378486,0.960173363632457,-1.9961450864815593,-1.038574764777703,0.4565508866927608,-0.7041258620108916,-0.9851988400469104,0.2575933508983323,-1.0609705281038613,-0.015494157094245453,-1.8073472917499656,-1.2845558233198398,-1.6325116659989423,3.4339872044851463,8.476579508530941
John Brown University,Yes,605,405,284,24,53,961,99,6398,3672,400,1350,68.0,68,13.3,19,8118,75,-0.9527023898514454,-1.1307532517832912,-0.5073055598220004,0.012544204192919739,-0.7251727925500133,-0.7272538841097259,-1.0295573619161016,-1.0385747647777013,0.23641393758197868,-0.4049164499282882,-0.9283307329438812,-0.1463314798823474,-0.16286737272235163,-0.09560237440084637,0.6694214876033058,Low,0,1,-0.9527023898514447,-1.1307532517832897,-0.5073055598220011,0.012544204192919675,-0.7251727925500128,-0.7272538841097257,-1.0295573619161018,-1.038574764777703,0.236413937581979,-0.4049164499282882,-0.9283307329438812,-0.14633147988234768,-0.16286737272235163,-0.09560237440088658,-0.5272200988545818,-1.2845558233198398,0.6125530498969481,3.9889840465642745,8.208764045819667
John Carroll University,Yes,2421,2109,820,27,57,3168,392,11700,5550,600,450,89.0,90,14.5,28,7738,89,0.3762684310443552,0.5757371748056608,0.6206688980668591,0.19803987368047105,0.5199550357387704,0.09569071633753531,0.42601925753919184,0.44960144391101303,-1.959451346189694,1.0886494052534617,0.6902976719925955,0.15826329784626644,0.5357515448375559,-0.22544524127610777,0.8711276332094176,High,2,1,0.3762684310443558,0.5757371748056624,0.6206688980668584,0.198039873680471,0.519955035738771,0.09569071633753556,0.42601925753919156,0.4496014439110113,-1.9594513461896939,1.0886494052534617,0.6902976719925955,0.15826329784626622,0.535751544837556,-0.22544524127614798,0.8448444202640208,0.5915717607393999,0.6125530498969481,4.060443010546419,8.621733370690162
Johns Hopkins University,Yes,8474,3446,911,75,94,3566,1569,18800,6740,500,1040,96.0,97,3.3,38,56233,90,1.4669018009650459,1.0470485613107907,0.7229338995319289,2.0648660712522746,0.626664798051335,1.0464170386782825,1.8010243793763914,-0.2291945977334828,-0.3013291941503808,1.6710005215479578,1.3645882269351624,-3.368264160718191,1.1865255105248433,3.1081302760177767,0.40665565258437575,Very High,3,1,1.4669018009650465,1.0470485613107923,0.7229338995319282,2.0648660712522746,0.6266647980513356,1.0464170386782827,1.8010243793763911,-0.22919459773348455,-0.30132919415038045,1.6710005215479578,1.3645882269351624,-3.3682641607181925,1.1865255105248436,3.1081302760177363,-2.314630581478578,1.5296355527690197,0.6125530498969481,4.553876891600541,8.815963560853438
Johnson State College,No,833,669,279,3,13,1224,345,7656,4690,500,624,80.0,91,14.4,15,6564,36,-0.6342094485939085,-0.5909396813231406,-0.5278077443510664,-2.4887995845903816,-0.4457321141354221,0.0145173627450658,-0.6277122745785015,-0.2291945977334828,-1.3246273909248665,0.4018546093085536,0.7816568116943878,0.1332649038957073,-0.5277223848834107,-0.6976720146330645,0.8031212484993998,Medium,1,0,-0.6342094485939078,-0.5909396813231389,-0.527807744351067,-2.4887995845903816,-0.4457321141354215,0.014517362745066056,-0.6277122745785018,-0.22919459773348455,-1.3246273909248663,0.4018546093085536,0.7816568116943878,0.13326490389570708,-0.5277223848834108,-0.6976720146331047,0.38224499249865346,-0.34649203129021994,-1.6325116659989423,2.6390573296152584,8.453401058328458
Judson College,Yes,313,228,137,10,30,552,67,9414,4554,500,1700,34.0,55,10.6,30,7840,56,-1.63286809336139,-1.7721467197377379,-1.3963882439476925,-1.204141438433242,-1.4243111611824884,-0.9410669533097701,-0.1332486173638105,-0.2291945977334828,0.7203062078785692,-2.00597555914288,-1.5654940694465738,-0.8738990271409371,0.6744919461391042,-0.18964120311044544,0.7284345047923323,Medium,1,1,-1.6328680933613893,-1.7721467197377363,-1.3963882439476931,-1.204141438433242,-1.4243111611824877,-0.9410669533097699,-0.13324861736381077,-0.22919459773348455,0.7203062078785696,-2.00597555914288,-1.5654940694465738,-0.8738990271409376,0.6744919461391043,-0.18964120311048566,-0.12579620169026018,-0.34649203129021994,0.6125530498969481,3.4339872044851463,8.423980809694058
Juniata College,Yes,1005,859,298,36,55,1075,43,14850,4460,450,420,97.0,97,12.7,37,12067,80,-0.45069336043131775,-0.3289803436376992,-0.4520441584320677,0.675328745331237,-0.5938356927536874,-1.174141414325122,1.089272315915407,-0.6142542943018506,-2.091477073286021,1.7576249773363266,1.3645882269351624,-0.3026284411960633,1.1257980950091877,0.8579254784571598,0.854726368159204,Very High,3,1,-0.45069336043131714,-0.3289803436376975,-0.4520441584320684,0.6753287453312369,-0.5938356927536869,-1.1741414143251219,1.0892723159154067,-0.6142542943018524,-2.0914770732860206,1.7576249773363266,1.3645882269351624,-0.30262844119606364,1.125798095009188,0.8579254784571196,0.7332781921928017,1.5296355527690197,0.6125530498969481,4.02535169073515,8.403128235128264
Kansas State University,No,5880,4075,2833,25,55,14914,2246,6995,3120,600,2000,76.0,86,18.5,22,6122,54,1.1589707698934746,1.2043511964935993,1.726657380598861,0.07620224590010687,1.7200285066603576,1.3142637088373896,-0.8329406479372058,0.44960144391101303,1.0664517667212474,0.11906038882416063,0.3410143789166372,1.1091614415162454,0.08579839053769144,-0.9108018261537898,0.6930272108843537,Low,0,0,1.1589707698934753,1.204351196493601,1.7266573805988603,0.0762022459001068,1.7200285066603582,1.3142637088373899,-0.832940647937206,0.4496014439110113,1.0664517667212476,0.11906038882416065,0.3410143789166373,1.1091614415162454,0.08579839053769148,-0.91080182615383,-0.36664702724720666,-1.2845558233198398,-1.6325116659989423,4.02535169073515,8.045908742270779
Kansas Wesleyan University,Yes,589,575,148,16,40,474,258,8400,3250,500,1400,63.0,55,12.4,14,6535,68,-0.9797328219317022,-0.7518231832055041,-1.2974185005500594,-0.5849046607537621,-1.6317497499030564,-0.16639687095249697,-0.4101964618018934,-0.2291945977334828,0.31220519593736024,-0.7041258620108916,-1.5654940694465738,-0.3818525885249732,-0.6263490666426472,-0.7109709598010429,0.9762308998302207,Medium,1,1,-0.9797328219317015,-0.7518231832055025,-1.29741850055006,-0.5849046607537622,-1.6317497499030558,-0.16639687095249672,-0.4101964618018937,-0.22919459773348455,0.31220519593736057,-0.7041258620108916,-1.5654940694465738,-0.3818525885249736,-0.6263490666426473,-0.710970959801083,1.5597877480467763,-0.34649203129021994,0.6125530498969481,3.713572066704308,8.086717920303906
Keene State College,No,3121,2446,822,5,19,3480,776,7870,4157,500,1150,73.0,73,16.1,13,6195,61,0.6054687712860022,0.7197234299455884,0.6230548376307481,-1.9916231295773121,0.604878279725936,0.5475335506418704,-0.5637749949193023,-0.2291945977334828,-0.09532026063319256,-0.08394204211030992,-0.6232192944825511,0.5495374118750593,-0.7285459157740776,-0.8739904057177794,0.7837231656520346,Medium,1,0,0.6054687712860028,0.71972342994559,0.6230548376307474,-1.9916231295773121,0.6048782797259366,0.5475335506418706,-0.5637749949193025,-0.22919459773348455,-0.09532026063319222,-0.08394204211030991,-0.6232192944825511,0.5495374118750592,-0.7285459157740777,-0.8739904057178196,0.2502935284824449,-0.34649203129021994,-1.6325116659989423,2.995732273553991,8.332789468417959
Kentucky Wesleyan College,Yes,584,497,175,20,49,662,121,8000,4150,500,1300,57.0,65,11.3,32,7058,62,-0.9883416514249662,-0.9083204915821995,-1.0866681948868575,-0.2637884142137955,-1.1857513899938574,-0.6141072663851714,-0.5254906116708954,-0.2291945977334828,0.15797762148941302,-1.0343401508981573,-1.094880026424442,-0.6789541266546215,0.8085395078716484,-0.4842230257759465,0.851027397260274,Medium,1,1,-0.9883416514249656,-0.9083204915821979,-1.0866681948868582,-0.26378841421379556,-1.1857513899938568,-0.6141072663851712,-0.5254906116708956,-0.22919459773348455,0.15797762148941336,-1.0343401508981573,-1.094880026424442,-0.6789541266546218,0.8085395078716485,-0.4842230257759867,0.7081167043639434,-0.34649203129021994,0.6125530498969481,3.912023005428146,8.33110454805304
Kenyon College,Yes,2212,1538,408,44,75,1445,1,19240,3690,750,480,95.0,95,11.1,46,14067,88,0.2937651679720222,0.2641011296889597,-0.10109531327908958,1.0296888476949617,-0.262376024098334,-2.789154165730728,1.8739898195901719,1.302364971752549,-1.8353370250915662,1.5852330973790323,1.1635803366973685,-0.7341609541828268,1.645084879245121,1.1752178457107436,0.6952983725135624,Very High,3,1,0.2937651679720228,0.2641011296889614,-0.10109531327909027,1.0296888476949617,-0.26237602409833344,-2.7891541657307277,1.8739898195901716,1.3023649717525472,-1.835337025091566,1.5852330973790323,1.1635803366973685,-0.7341609541828271,1.6450848792451211,1.1752178457107034,-0.35119791795379873,1.5296355527690197,0.6125530498969481,4.330733340286331,8.213652703029998
Keuka College,Yes,461,381,174,10,43,738,55,9600,4550,600,750,55.0,94,13.3,43,7863,51,-1.2293061614043843,-1.197744334299325,-1.0937862971100665,-1.204141438433242,-1.0475479310975058,-1.0460501389834258,-0.08460505394541408,0.44960144391101303,-0.9606431574931019,-1.1373980419630705,1.0656043502924986,-0.1463314798823474,1.4783988287579515,-0.18166686350770198,0.8264642082429501,Medium,1,1,-1.2293061614043836,-1.1977443342993235,-1.0937862971100671,-1.204141438433242,-1.047547931097505,-1.0460501389834256,-0.08460505394541436,0.4496014439110113,-0.9606431574931016,-1.1373980419630705,1.0656043502924986,-0.14633147988234768,1.4783988287579517,-0.1816668635077422,0.54103066925182,-0.34649203129021994,0.6125530498969481,3.784189633918261,8.423102268016642
King's College,Yes,1456,1053,381,20,45,500,541,10910,5160,400,1795,66.0,72,15.6,37,7649,87,-0.09554990380801923,-0.11891890671213234,-0.17614250082255523,-0.2637884142137955,-1.558246388907632,0.30505375137088064,0.24159926935404838,-1.0385747647777013,0.8356583923741652,-0.5272161250696584,-0.6870519494859656,0.42895980050767385,1.1257980950091877,-0.2572859473765196,0.7232142857142857,High,2,1,-0.0955499038080186,-0.11891890671213068,-0.17614250082255592,-0.26378841421379556,-1.5582463889076312,0.3050537513708809,0.2415992693540481,-1.038574764777703,0.8356583923741655,-0.5272161250696584,-0.6870519494859656,0.4289598005076737,1.125798095009188,-0.2572859473765598,-0.16130566699430954,0.5915717607393999,0.6125530498969481,3.828641396489095,8.548885638148727
King College,Yes,355,300,142,34,65,509,44,8664,3350,600,3000,65.0,68,10.7,25,8954,65,-1.5003813704474793,-1.4625966842372593,-1.3503066048712544,0.5776799288914052,-1.5338815582074614,-1.162308797216759,-0.3360655425039277,0.44960144391101303,1.9484367776502507,-0.5870586132298377,-0.9283307329438812,-0.8457496758226627,0.3177088594568356,0.15958778625130116,0.8450704225352113,Medium,1,1,-1.5003813704474787,-1.4625966842372577,-1.350306604871255,0.5776799288914051,-1.5338815582074607,-1.1623087972167587,-0.33606554250392795,0.4496014439110113,1.948436777650251,-0.5870586132298377,-0.9283307329438812,-0.8457496758226631,0.31770885945683564,0.15958778625126094,0.667595610487579,-0.34649203129021994,0.6125530498969481,4.189654742026425,8.11701408773731
Knox College,Yes,1040,845,286,48,77,967,24,15747,4062,400,800,88.0,95,12.7,33,13224,79,-0.4174943155970008,-0.3460610267916266,-0.49922096329722465,1.1890885687490678,-0.7177958874864885,-1.4654695858923672,1.2609193153211102,-1.0385747647777013,-0.8317407991744724,1.0088928960519896,1.1635803366973685,-0.3026284411960633,0.8739402524684261,1.050524258435125,0.8125,Very High,3,1,-0.4174943155970002,-0.3460610267916249,-0.4992209632972254,1.1890885687490678,-0.7177958874864879,-1.465469585892367,1.26091931532111,-1.038574764777703,-0.8317407991744721,1.0088928960519896,1.1635803366973685,-0.30262844119606364,0.8739402524684262,1.050524258435085,0.4460420182607379,1.5296355527690197,0.6125530498969481,4.356708826689592,8.309676895987726
La Roche College,Yes,361,321,185,10,41,650,819,8842,4782,600,1100,57.0,73,14.2,14,7022,52,-1.4828377687198881,-1.387179963156489,-1.0179681980351356,-1.204141438433242,-1.2093394471407284,0.5845340400620087,-0.286917227340688,0.44960144391101303,-0.1865912069727965,-1.0343401508981573,-0.6232192944825511,0.08306456636014142,-0.6263490666426472,-0.4989918908026205,0.889196675900277,Medium,1,1,-1.4828377687198875,-1.3871799631564874,-1.0179681980351363,-1.204141438433242,-1.2093394471407277,0.5845340400620089,-0.28691722734068825,0.4496014439110113,-0.18659120697279616,-1.0343401508981573,-0.6232192944825511,0.08306456636014119,-0.6263490666426473,-0.4989918908026607,0.9677553622983834,-0.34649203129021994,0.6125530498969481,3.7376696182833684,8.472823243680297
La Salle University,Yes,2929,1834,622,20,56,2738,1662,12600,5610,450,3160,90.0,90,15.1,9,9084,84,0.5485658966797334,0.4386737989635411,0.344117885541795,-0.2637884142137955,0.38456102299753386,1.0887766844638758,0.6264060545068413,-0.6142542943018506,2.0633893898420603,1.1692659029158703,0.6902976719925955,0.3068689253343478,-1.1823654119674138,0.19598482610711043,0.6261522703994538,High,2,1,0.5485658966797341,0.43867379896354275,0.3441178855417943,-0.26378841421379556,0.3845610229975344,1.088776684463876,0.6264060545068411,-0.6142542943018524,2.0633893898420608,1.1692659029158703,0.6902976719925955,0.30686892533434756,-1.182365411967414,0.19598482610707021,-0.8215500386640247,0.5915717607393999,0.6125530498969481,4.04305126783455,8.632484235750972
Lafayette College,Yes,4010,2402,572,36,59,2018,226,18730,5740,600,1000,93.0,96,10.5,38,15365,92,0.8275444896739671,0.7021712309210789,0.25791678606918356,0.675328745331237,0.0869833820238342,-0.2471352471612089,1.7893131283006505,0.44960144391101303,-0.38127720198738435,1.4162709817701533,1.2632379969775114,-0.9021518855480517,1.1865255105248433,1.3462127927726988,0.599002493765586,Very High,3,1,0.8275444896739678,0.7021712309210806,0.25791678606918284,0.6753287453312369,0.08698338202383477,-0.24713524716120866,1.7893131283006503,0.4496014439110113,-0.381277201987384,1.4162709817701533,1.2632379969775114,-0.9021518855480521,1.1865255105248436,1.3462127927726586,-1.0062308033942615,1.5296355527690197,0.6125530498969481,4.0943445622221,8.655388690167637
LaGrange College,Yes,544,399,177,15,35,600,363,6987,3585,750,1500,77.0,83,12.5,12,9067,75,-1.0601969514929053,-1.1470951657416102,-1.0725717048206616,-0.6744109272506593,-1.313668369839305,0.04671874992599422,-0.8355010027325963,1.302364971752549,0.45655088669276045,0.18846094051108306,0.09569733284866454,-0.35536252142722496,-0.8347120424139982,0.1912709949874447,0.7334558823529411,Low,0,1,-1.0601969514929046,-1.1470951657416086,-1.0725717048206622,-0.6744109272506594,-1.3136683698393044,0.04671874992599448,-0.8355010027325965,1.3023649717525472,0.4565508866927608,0.18846094051108306,0.09569733284866458,-0.3553625214272253,-0.8347120424139983,0.1912709949874045,-0.09163931486211319,-1.2845558233198398,0.6125530498969481,3.58351893845611,8.184792654165078
Lake Forest College,Yes,979,638,271,31,70,968,20,16880,3970,920,1320,91.0,94,10.7,19,15687,77,-0.4761687026879971,-0.6411715897661949,-0.5615090164519779,0.42285937607467217,-0.7165718278770373,-1.5531623993304808,1.4687804455716031,2.1048997065873687,0.18968183135002825,1.2507419520369065,1.0656043502924986,-0.8457496758226627,-0.16286737272235163,1.385220665538785,0.651685393258427,Very High,3,1,-0.4761687026879965,-0.6411715897661933,-0.5615090164519786,0.4228593760746721,-0.7165718278770368,-1.5531623993304806,1.468780445571603,2.104899706587367,0.18968183135002858,1.2507419520369065,1.0656043502924986,-0.8457496758226631,-0.16286737272235163,1.385220665538745,-0.6478662283278471,1.5296355527690197,0.6125530498969481,4.2626798770413155,8.286773231131251
Lakeland College,Yes,497,452,231,24,47,887,1957,9400,4005,500,1000,49.0,65,17.2,25,4054,57,-1.152245604817201,-1.0110570162742476,-0.7492100440910737,0.012544204192919739,-0.8210469405406025,1.210291736108052,-0.13693542017306337,-0.2291945977334828,-0.38127720198738435,-1.4254510554849893,-1.094880026424442,0.8097944928735057,0.3177088594568356,-2.3498111466530602,0.9094567404426559,Medium,1,1,-1.1522456048172003,-1.011057016274246,-0.7492100440910744,0.012544204192919675,-0.8210469405406019,1.2102917361080523,-0.13693542017306365,-0.22919459773348455,-0.381277201987384,-1.4254510554849893,-1.094880026424442,0.8097944928735057,0.31770885945683564,-2.3498111466531006,1.1055702792912185,-0.34649203129021994,0.6125530498969481,3.871201010907891,8.295548516225763
Lamar University,No,2336,1725,1043,10,27,5438,4058,4752,3040,508,1463,48.0,82,18.4,12,5879,26,0.3436726202998404,0.3781450782958401,0.8520208475352463,-1.204141438433242,0.9854141914094662,1.7772331821266991,-1.643243433158621,-0.1707283051285852,0.4042113236687442,-1.470371731296988,0.01703484187169807,1.0864302139312219,-0.8347120424139982,-1.0383815588320011,0.7384417808219178,Low,0,0,0.343672620299841,0.37814507829584176,0.8520208475352457,-1.204141438433242,0.9854141914094667,1.7772331821266993,-1.6432434331586212,-0.17072830512858694,0.4042113236687445,-1.470371731296988,0.017034841871698108,1.0864302139312219,-0.8347120424139983,-1.0383815588320413,-0.05772376724875687,-1.2845558233198398,-1.6325116659989423,3.332204510175204,8.019941687677365
Lambuth University,Yes,831,538,224,15,35,840,325,5170,3430,600,1590,61.0,61,16.1,10,5531,60,-0.6365758919898623,-0.8230286757760024,-0.785908258102905,-0.6744109272506593,-0.8871538761426645,-0.023088318734798854,-1.4755979450908108,0.44960144391101303,0.5790362130069452,-0.8176986530101636,-1.2983753500580535,0.5495374118750593,-1.060970528103861,-1.2359551504696182,0.6474127557160048,Low,0,1,-0.6365758919898616,-0.8230286757760007,-0.7859082581029057,-0.6744109272506594,-0.8871538761426639,-0.023088318734798597,-1.475597945090811,0.4496014439110113,0.5790362130069455,-0.8176986530101636,-1.2983753500580535,0.5495374118750592,-1.0609705281038613,-1.2359551504696584,-0.6769299653666755,-1.2845558233198398,0.6125530498969481,3.58351893845611,8.14060704285845
Lander University,No,1166,1009,510,9,33,2074,341,4938,2987,528,1702,67.0,77,17.0,11,6119,51,-0.30718818103579604,-0.1627058549622109,0.13809099532900534,-1.3330274833513371,0.11449793484123197,0.007156298798464337,-1.5674959760606653,-0.027998323870775166,0.7227955340952711,-0.46650187191478404,-0.35347352257287784,0.7629678950964552,-0.9453261392418362,-0.9123291000186967,0.8653516295025729,Low,0,0,-0.3071881810357954,-0.16270585496220924,0.13809099532900465,-1.3330274833513371,0.11449793484123254,0.007156298798464593,-1.5674959760606655,-0.02799832387077691,0.7227955340952714,-0.46650187191478404,-0.3534735225728778,0.7629678950964552,-0.9453261392418363,-0.9123291000187369,0.8055543444726024,-1.2845558233198398,-1.6325116659989423,3.5263605246161616,8.002359546252707
Lawrence University,Yes,1243,947,324,50,77,1129,74,17163,3891,525,975,76.0,92,10.1,57,13965,77,-0.24590443840849815,-0.2280003847542452,-0.35694402172489637,1.2651043449994013,-0.5374191334014481,-0.8874268200608986,1.5192604133823406,-0.04910428251208369,-0.43276208261794613,0.11906038882416063,0.8746535950171559,-1.0162263075553521,2.2121597256922376,1.1607499668007888,0.7618664521319388,Very High,3,1,-0.24590443840849754,-0.22800038475424353,-0.3569440217248971,1.2651043449994013,-0.5374191334014475,-0.8874268200608983,1.5192604133823404,-0.049104282512085436,-0.4327620826179458,0.11906038882416065,0.8746535950171559,-1.0162263075553526,2.212159725692238,1.1607499668007486,0.10161773560886084,1.5296355527690197,0.6125530498969481,4.356708826689592,8.266678443305896
Le Moyne College,Yes,1470,1199,425,21,76,1820,558,11040,4840,400,900,89.0,92,13.3,28,8118,94,-0.08650841345958996,0.013490502534158936,-0.056724243491904344,-0.1910995085854955,-0.018321482131393306,0.3255137691295411,0.27253661788993777,-1.0385747647777013,-0.5948985253355604,1.0886494052534617,0.8746535950171559,-0.1463314798823474,0.5357515448375559,-0.09560237440084637,0.8156462585034013,High,2,1,-0.08650841345958933,0.0134905025341606,-0.05672424349190504,-0.19109950858549554,-0.01832148213139274,0.3255137691295414,0.2725366178899375,-1.038574764777703,-0.5948985253355601,1.0886494052534617,0.8746535950171559,-0.14633147988234768,0.535751544837556,-0.09560237440088658,0.4674437938363918,0.5915717607393999,0.6125530498969481,4.343805421853684,8.484876589939695
Lebanon Valley College,Yes,1386,1060,320,28,56,965,502,13850,4755,400,1125,84.0,84,12.3,30,8196,85,-0.14220238783805744,-0.11213352742344987,-0.37098989760362294,0.2564541555541443,-0.7202486420806409,0.25583455751090806,0.8896850314583712,-1.0385747647777013,-0.1404862061624641,0.6984756672128422,0.17590711389826053,-0.4084258992712101,0.6744919461391042,-0.07010481753836482,0.7647907647907648,High,2,1,-0.14220238783805683,-0.1121335274234482,-0.37098989760362366,0.25645415555414425,-0.7202486420806403,0.25583455751090833,0.889685031458371,-1.038574764777703,-0.14048620616246377,0.6984756672128422,0.17590711389826055,-0.4084258992712105,0.6744919461391043,-0.07010481753840503,0.12150977028102074,0.5915717607393999,0.6125530498969481,4.04305126783455,8.467162257810672
Lehigh University,Yes,6397,4304,1092,40,84,4298,132,18700,5580,750,1130,96.0,99,12.5,43,14665,91,1.2307082788860357,1.2552556031747562,0.8952126146722086,0.8591123720558882,0.789493117510525,-0.5643449338659922,1.7842852180989537,1.302364971752549,-0.13137917459726917,1.6710005215479578,1.572409762644023,-0.35536252142722496,1.4783988287579515,1.2568956011838275,0.6728153822104112,Very High,3,1,1.2307082788860364,1.2552556031747577,0.8952126146722079,0.8591123720558881,0.7894931175105255,-0.5643449338659919,1.7842852180989535,1.3023649717525472,-0.13137917459726883,1.6710005215479578,1.572409762644023,-0.3553625214272253,1.4783988287579517,1.2568956011837873,-0.5041338296779814,1.5296355527690197,0.6125530498969481,4.442651256490317,8.627123250788433
Lenoir-Rhyne College,Yes,979,743,259,25,46,1188,166,10100,4000,400,1000,88.0,92,12.0,20,8539,66,-0.4761687026879971,-0.4804505162186715,-0.6142741016068968,0.07620224590010687,-0.47942210427592374,-0.431205973875573,0.04316040253595542,-1.0385747647777013,-0.38127720198738435,1.0088928960519896,0.8746535950171559,-0.48865480211398754,-0.07789767130558382,0.0377263620870035,0.7589376915219612,Medium,1,1,-0.4761687026879965,-0.48045051621866985,-0.6142741016068974,0.0762022459001068,-0.4794221042759232,-0.43120597387557275,0.04316040253595514,-1.038574764777703,-0.381277201987384,1.0088928960519896,0.8746535950171559,-0.48865480211398793,-0.07789767130558381,0.0377263620869633,0.08169544466493703,-0.34649203129021994,0.6125530498969481,3.8501476017100584,8.294299608857235
Lesley College,Yes,244,198,82,12,33,1134,336,11700,5300,550,805,71.0,88,27.8,18,8694,58,-1.8985032876567225,-1.933577174950567,-2.0847712375567107,-0.9727316677869278,-0.5323622676063023,-0.0021552485639602073,0.42601925753919184,0.12366360639712475,-0.8192639039688303,-0.21493899577553588,0.5124477851823425,3.0516779731690153,-0.2501326836602141,0.08428964113927435,0.8114754098360656,High,2,1,-1.8985032876567218,-1.9335771749505655,-2.0847712375567116,-0.9727316677869279,-0.5323622676063018,-0.0021552485639599515,0.42601925753919156,0.123663606397123,-0.81926390396883,-0.21493899577553588,0.5124477851823425,3.051677973169016,-0.25013268366021413,0.08428964113923415,0.43907245465945055,0.5915717607393999,0.6125530498969481,3.5263605246161616,8.575650760987806
LeTourneau University,Yes,477,417,204,29,54,1532,77,8840,4240,600,1400,58.0,70,20.8,23,6863,56,-1.1942875885457878,-1.0988321938943242,-0.8985167294850508,0.3133361961439693,-0.19936324588212398,-0.8658275684892794,-0.2874658280935898,0.44960144391101303,0.31220519593736024,-0.9814944542822377,-0.8104772611976783,1.619475853561707,0.16480222734879074,-0.5656447474459456,0.8742138364779874,Medium,1,1,-1.194287588545787,-1.0988321938943226,-0.8985167294850515,0.31333619614396924,-0.19936324588212342,-0.8658275684892792,-0.28746582809359006,0.4496014439110113,0.31220519593736057,-0.9814944542822377,-0.8104772611976783,1.6194758535617073,0.1648022273487908,-0.5656447474459858,0.8658376824716167,-0.34649203129021994,0.6125530498969481,4.007333185232471,8.352554369474591
Lewis and Clark College,Yes,2774,2092,482,35,64,1763,59,15800,4790,450,950,,98,12.3,21,12999,69,0.49962859239283325,0.567833484044725,0.07833646140417255,0.6270233788095004,-0.051250681531073115,-1.008940142643816,1.2708579877093604,-0.6142542943018506,-0.4854840928742669,,1.467641878959388,-0.4084258992712101,0.004942005820180814,1.0151498771803276,0.7541456380677721,Very High,3,1,0.49962859239283386,0.5678334840447267,0.07833646140417186,0.6270233788095003,-0.051250681531072546,-1.0089401426438158,1.2708579877093602,-0.6142542943018524,-0.4854840928742666,,1.467641878959388,-0.4084258992712105,0.004942005820180843,1.0151498771802874,0.04909848784711079,1.5296355527690197,0.6125530498969481,4.174387269895637,8.474494436883122
Lewis University,Yes,1154,1050,395,12,31,2192,1423,10560,4520,500,1200,36.0,48,14.3,10,7701,61,-0.3171288144353537,-0.12184170358095706,-0.13649015717666843,-0.9727316677869278,0.16961992260165212,0.9751165585370247,0.1570841743525925,-0.2291945977334828,-0.007652220075795025,-1.9401726631853233,-1.8227310098814986,0.10819887934799702,-1.060970528103861,-0.23861344905684823,0.9098786828422877,High,2,1,-0.31712881443535307,-0.12184170358095539,-0.13649015717666912,-0.9727316677869279,0.16961992260165268,0.975116558537025,0.15708417435259223,-0.22919459773348455,-0.0076522200757946955,-1.9401726631853233,-1.8227310098814986,0.1081988793479968,-1.0609705281038613,-0.23861344905688844,1.1084404555761647,0.5915717607393999,0.6125530498969481,3.4657359027997265,8.416488487294606
Lincoln Memorial University,Yes,787,562,363,21,55,925,605,5950,2890,600,1300,67.0,72,14.6,35,5177,53,-0.6902417843019271,-0.7762683421206172,-0.22966727129555303,-0.1910995085854955,-0.7706458792310509,0.3792880943109691,-1.185171529100312,0.44960144391101303,0.15797762148941302,-0.46650187191478404,-0.6870519494859656,0.18319470821820666,1.001734296309972,-1.4576384330448144,0.7141041931385006,Low,0,1,-0.6902417843019264,-0.7762683421206156,-0.22966727129555373,-0.19109950858549554,-0.7706458792310503,0.3792880943109694,-1.1851715291003122,0.4496014439110113,0.15797762148941336,-0.46650187191478404,-0.6870519494859656,0.18319470821820644,1.0017342963099722,-1.4576384330448546,-0.223275195743967,-1.2845558233198398,0.6125530498969481,4.02535169073515,7.969357742016346
Lincoln University,No,1660,1091,326,15,41,1196,33,4818,3400,350,1400,71.0,72,12.6,8,10912,45,0.0277941705422539,-0.08264908168878321,-0.34999588767462286,-0.6744109272506593,-0.4718288446647472,-1.308458762070803,-1.6161459436838903,-1.5119094126371275,0.31220519593736024,-0.21493899577553588,-0.6870519494859656,-0.3289547743612044,-1.3104191724516414,0.6349582592619688,0.6572289156626506,Low,0,0,0.027794170542254523,-0.08264908168878154,-0.3499958876746236,-0.6744109272506594,-0.47182884466474667,-1.3084587620708028,-1.6161459436838905,-1.5119094126371293,0.31220519593736057,-0.21493899577553588,-0.6870519494859656,-0.32895477436120474,-1.3104191724516416,0.6349582592619286,-0.6101575587237623,-1.2845558233198398,-1.6325116659989423,3.7376696182833684,8.131824785007195
Lindenwood College,Yes,810,484,356,6,33,2155,191,9200,4800,1000,4200,65.0,85,24.1,9,3480,100,-0.6617988572958574,-0.9369441042636002,-0.2513150643197866,-1.7978331880954057,0.15273295403977152,-0.3482108538571652,-0.1900024498689417,2.4385555837110098,2.700735064118875,-0.5870586132298377,0.25767565625110594,2.3148101179651523,-1.1823654119674138,-2.969927884105032,0.5975308641975309,Medium,1,1,-0.6617988572958567,-0.9369441042635985,-0.25131506431978734,-1.7978331880954057,0.15273295403977208,-0.34821085385716494,-0.19000244986894196,2.438555583711008,2.7007350641188754,-0.5870586132298377,0.257675656251106,2.3148101179651523,-1.182365411967414,-2.9699278841050725,-1.0162412604854265,-0.34649203129021994,0.6125530498969481,3.5263605246161616,8.476579508530941
Linfield College,Yes,1561,1188,458,48,72,1548,840,13380,4210,500,900,89.0,91,17.8,34,8747,81,-0.029901556313497266,0.00413095262516769,0.02383984871169172,1.1890885687490678,-0.18824947626118482,0.6019717972126885,0.7925984055207709,-0.2291945977334828,-0.5948985253355604,1.0886494052534617,0.7816568116943878,0.949019493150806,0.9383237733786066,0.0999186336733127,0.7610506085842409,High,2,1,-0.029901556313496645,0.004130952625169355,0.023839848711691026,1.1890885687490678,-0.18824947626118427,0.6019717972126887,0.7925984055207707,-0.22919459773348455,-0.5948985253355601,1.0886494052534617,0.7816568116943878,0.949019493150806,0.9383237733786067,0.0999186336732725,0.09606812787834532,0.5915717607393999,0.6125530498969481,4.290459441148391,8.345455428161928
Livingstone College,Yes,900,473,217,22,47,621,11,4400,3400,800,900,53.0,93,10.4,16,9268,92,-0.5582726644819487,-0.9618136530021771,-0.8239537228442008,-0.12094221917214974,-1.2686048897713655,-1.8298731617089103,-1.7921050607552145,1.5536080205663902,-0.5948985253355604,-1.236939816910309,0.9692990979140862,-0.9305096229230176,-0.43232901744623836,0.2461490835061736,0.5255555555555556,Low,0,1,-0.558272664481948,-0.9618136530021755,-0.8239537228442014,-0.12094221917214981,-1.2686048897713649,-1.8298731617089101,-1.7921050607552147,1.5536080205663885,-0.5948985253355601,-1.236939816910309,0.9692990979140862,-0.9305096229230181,-0.4323290174462384,0.24614908350613338,-1.5058384759967054,-1.2845558233198398,0.6125530498969481,3.871201010907891,8.131824785007195
Lock Haven University of Pennsylvania,No,3570,2215,651,17,41,3390,325,7352,3620,225,500,47.0,55,16.1,14,6374,63,0.7250671282097557,0.6235319759187385,0.39052938603291865,-0.4994689411839057,0.5813642295611628,-0.023088318734798854,-0.7205902212326216,-3.021319094059702,-1.7565250573930093,-1.514407920851521,-1.5654940694465738,0.5495374118750593,-0.6263490666426472,-0.7864932022860812,0.6204481792717087,Low,0,0,0.7250671282097564,0.6235319759187402,0.3905293860329179,-0.4994689411839058,0.5813642295611634,-0.023088318734798597,-0.7205902212326218,-3.0213190940597037,-1.7565250573930091,-1.514407920851521,-1.5654940694465738,0.5495374118750592,-0.6263490666426473,-0.7864932022861214,-0.8603509439447266,-1.2845558233198398,-1.6325116659989423,3.7376696182833684,8.19450550976564
Longwood College,No,2747,1870,724,12,47,2874,118,7920,3962,550,2200,74.0,80,18.4,23,5553,62,0.49080454941240775,0.4578234044326196,0.49752215790860554,-0.9727316677869278,0.4300363145060854,-0.6283861383961893,-0.5490014173684451,0.12366360639712475,1.2713984995422554,-0.01714162821819213,-0.1356944211524122,1.0864302139312219,0.16480222734879074,-1.2229016753401747,0.6807426283218057,Medium,1,0,0.49080454941240836,0.45782340443262126,0.4975221579086048,-0.9727316677869279,0.430036314506086,-0.6283861383961891,-0.5490014173684453,0.123663606397123,1.2713984995422556,-0.01714162821819212,-0.13569442115241218,1.0864302139312219,0.1648022273487908,-1.2229016753402149,-0.4502103704245131,-0.34649203129021994,-1.6325116659989423,3.871201010907891,8.284756593190435
Loras College,Yes,1641,1283,527,20,39,1663,170,11200,4000,500,1200,61.0,62,14.2,24,7578,70,0.017012522122771906,0.08207089965864468,0.17255324686701148,-0.2637884142137955,-0.11228069362080101,-0.4172001723840956,0.3102865577817636,-0.2291945977334828,-0.007652220075795025,-0.8176986530101636,-1.2494530951634284,0.08306456636014142,0.2420706033059415,-0.28309959435544696,0.7818403412553321,High,2,1,0.017012522122772527,0.08207089965864635,0.1725532468670108,-0.26378841421379556,-0.11228069362080044,-0.41720017238409535,0.31028655778176334,-0.22919459773348455,-0.0076522200757946955,-0.8176986530101636,-1.2494530951634284,0.08306456636014119,0.24207060330594155,-0.28309959435548715,0.23748600324476013,0.5915717607393999,0.6125530498969481,3.6888794541139363,8.294299608857235
Louisiana College,Yes,2013,1053,212,33,61,912,158,5150,3036,500,1655,64.0,74,10.5,11,7547,59,0.20703776683242356,-0.11891890671213234,-0.8520063481131878,0.5272445442404738,-0.7875997659867329,-0.4601547085297253,-1.483412153110486,-0.2291945977334828,0.6635672182448654,-0.6460287307120804,-0.5579571392876599,-0.9021518855480517,-0.9453261392418362,-0.294487655660361,0.5230998509687034,Low,0,1,0.20703776683242417,-0.11891890671213068,-0.8520063481131884,0.5272445442404737,-0.7875997659867323,-0.460154708529725,-1.4834121531104862,-0.22919459773348455,0.6635672182448658,-0.6460287307120804,-0.5579571392876599,-0.9021518855480521,-0.9453261392418363,-0.2944876556604012,-1.522542900757448,-1.2845558233198398,0.6125530498969481,4.127134385045092,8.01862546504575
Louisiana State University at Baton Rouge,No,5996,4993,3079,29,57,16269,3757,5925,2980,600,2242,83.0,87,15.9,11,6741,37,1.1756399776950166,1.3925420184956452,1.7936696976159443,0.3133361961439693,1.7760773564528627,1.7153704089318045,-1.194078940490222,0.44960144391101303,1.3122353653522394,0.6230258404135154,0.4259346495311623,0.5014836955297912,-0.9453261392418362,-0.6184238503686443,0.8327218145430287,Low,0,0,1.1756399776950173,1.3925420184956467,1.7936696976159436,0.31333619614396924,1.7760773564528634,1.7153704089318047,-1.1940789404902221,0.4496014439110113,1.3122353653522396,0.6230258404135154,0.42593464953116233,0.5014836955297911,-0.9453261392418363,-0.6184238503686845,0.5835967475096299,-1.2845558233198398,-1.6325116659989423,4.060443010546419,8.000014093678072
Louisiana Tech University,No,2397,2144,1525,22,45,6720,1822,3957,2325,618,1656,66.0,77,20.0,13,4546,45,0.3671908445799653,0.5917971567329341,1.2004317069174382,-0.12094221917214974,1.153273814376933,1.1568916363031037,-1.9910237931069654,0.5611600848761253,0.6648435229706956,-0.5272161250696584,-0.35347352257287784,1.4445910751284765,-0.7285459157740776,-1.9171361761020183,0.8944513975803087,Low,0,0,0.3671908445799659,0.5917971567329358,1.2004317069174375,-0.12094221917214981,1.1532738143769337,1.1568916363031039,-1.9910237931069656,0.5611600848761236,0.6648435229706959,-0.5272161250696584,-0.3534735225728778,1.4445910751284765,-0.7285459157740777,-1.9171361761020584,1.0034995244474834,-1.2845558233198398,-1.6325116659989423,3.828641396489095,7.75190533307861
Loyola College,Yes,4076,3137,738,25,54,3010,184,12990,6300,600,900,86.0,88,14.7,27,9448,80,0.8418690104731892,0.9581025240939913,0.516617879302311,0.07620224590010687,0.47296127079593536,-0.3704128641720285,0.7103218447492516,0.44960144391101303,-0.5948985253355604,0.8519616169825402,0.5124477851823425,0.20805977145654062,0.4644668707230899,0.2937583083822423,0.7696270853778214,High,2,1,0.8418690104731898,0.958102524093993,0.5166178793023103,0.0762022459001068,0.4729612707959359,-0.37041286417202823,0.7103218447492514,0.4496014439110113,-0.5948985253355601,0.8519616169825402,0.5124477851823425,0.20805977145654042,0.46446687072308995,0.2937583083822021,0.1544078451544627,0.5915717607393999,0.6125530498969481,4.007333185232471,8.748463629942055
Loyola Marymount University,Yes,3768,2662,753,42,64,3558,436,13592,5916,545,1328,84.0,88,14.2,10,11677,84,0.7727685615890175,0.8012592516343979,0.536619351975036,0.9459121453121655,0.62466529357731,0.16408930983399242,0.8366635243852356,0.08966532863119296,0.20223912322248694,0.6984756672128422,0.5124477851823425,0.08306456636014142,-1.060970528103861,0.7864518491610535,0.7064755838641189,High,2,1,0.7727685615890182,0.8012592516343996,0.5366193519750353,0.9459121453121654,0.6246652935773106,0.16408930983399267,0.8366635243852354,0.08966532863119121,0.20223912322248727,0.6984756672128422,0.5124477851823425,0.08306456636014119,-1.0609705281038613,0.7864518491610133,-0.27516723941048915,0.5915717607393999,0.6125530498969481,4.174387269895637,8.685584842676693
Loyola University,Yes,1891,1698,719,24,80,2740,761,11100,5870,600,750,77.0,88,11.7,14,9456,53,0.1491912856009392,0.3625190030468857,0.4905988066322381,0.012544204192919739,0.38524958826335304,0.5341906841493281,0.2867347034270165,0.44960144391101303,-0.9606431574931019,0.18846094051108306,0.5124477851823425,-0.5696679314881975,-0.6263490666426472,0.295841779845231,0.8979375991538868,High,2,1,0.1491912856009398,0.3625190030468874,0.49059880663223737,0.012544204192919675,0.3852495882633536,0.5341906841493284,0.28673470342701624,0.4496014439110113,-0.9606431574931016,0.18846094051108306,0.5124477851823425,-0.5696679314881978,-0.6263490666426473,0.29584177984519083,1.0272136927551896,0.5915717607393999,0.6125530498969481,4.394449154672439,8.677780256064185
Loyola University Chicago,Yes,3579,2959,868,25,55,5244,3417,11500,5330,700,2000,,95,6.2,15,13009,65,0.7272963270741702,0.9025045294776199,0.6761538938389555,0.07620224590010687,0.9558168568558417,1.6398731002288558,0.3801236666635978,1.036080707406721,1.0664517667212474,,1.1635803366973685,-2.2409079766184807,-0.5277223848834107,1.0167420859984393,0.8267672534227438,High,2,1,0.7272963270741709,0.9025045294776216,0.6761538938389549,0.0762022459001068,0.9558168568558423,1.639873100228856,0.38012366666359754,1.0360807074067193,1.0664517667212476,,1.1635803366973685,-2.2409079766184816,-0.5277223848834108,1.016742085998399,0.5430920716827448,0.5915717607393999,0.6125530498969481,4.02535169073515,8.581294116822761
Luther College,Yes,1549,1392,587,38,72,2269,85,13240,3560,600,400,73.0,85,13.8,38,8949,77,-0.03716058612695644,0.16423050667470254,0.2846623611168618,0.7690207208177242,0.20367492016670885,-0.8117346098511224,0.7632467647761073,0.44960144391101303,-2.184436019568784,-0.08394204211030992,0.25767565625110594,-0.018169120424499485,1.1865255105248433,0.15817163376040988,0.8986442866365397,High,2,1,-0.037160586126955816,0.1642305066747042,0.28466236111686105,0.7690207208177241,0.2036749201667094,-0.8117346098511222,0.7632467647761071,0.4496014439110113,-2.1844360195687837,-0.08394204211030991,0.257675656251106,-0.018169120424499738,1.1865255105248436,0.15817163376036966,1.0320207888312147,0.5915717607393999,0.6125530498969481,4.290459441148391,8.177796683277778
Lycoming College,Yes,1286,1005,363,16,37,1363,74,13900,4300,500,900,75.0,81,14.0,32,8024,72,-0.21342887018169596,-0.16678732302438357,-0.22966727129555303,-0.5849046607537621,-0.3261526729691661,-0.8874268200608986,0.8998852924398955,-0.2291945977334828,-0.5948985253355604,0.05052602522539324,-0.060091883356808096,0.032588388009415346,0.8085395078716484,-0.12683687517030182,0.78149300155521,High,2,1,-0.21342887018169535,-0.1667873230243819,-0.22966727129555373,-0.5849046607537622,-0.32615267296916556,-0.8874268200608983,0.8998852924398952,-0.22919459773348455,-0.5948985253355601,0.05052602522539325,-0.06009188335680806,0.032588388009415103,0.8085395078716485,-0.12683687517034203,0.23512329646065694,0.5915717607393999,0.6125530498969481,3.6375861597263857,8.366602832783736
Lynchburg College,Yes,1756,1500,366,3,21,1524,280,12450,5400,450,870,62.0,66,12.4,24,8832,70,0.08031965650631415,0.23911562787142868,-0.22053657570559232,-2.4887995845903816,-0.20497332035690344,-0.11597494630920409,0.5936765164083418,-0.6142542943018506,-0.6632809495689884,-0.7613493814819632,-1.0407110988557453,-0.3818525885249732,0.2420706033059415,0.12468138665974944,0.8542141230068337,High,2,1,0.08031965650631477,0.23911562787143034,-0.220536575705593,-2.4887995845903816,-0.20497332035690288,-0.11597494630920384,0.5936765164083416,-0.6142542943018524,-0.6632809495689881,-0.7613493814819632,-1.0407110988557453,-0.3818525885249736,0.24207060330594155,0.12468138665970924,0.7297937500279595,0.5915717607393999,0.6125530498969481,3.091042453358316,8.594339400592892
Lyndon State College,No,535,502,223,6,20,959,150,7320,4640,500,600,48.0,65,12.6,15,7114,51,-1.0771458379492995,-0.8975239579944524,-0.7912587175211596,-1.7978331880954057,-0.7276442458726137,-0.4904558228650689,-0.730512630509906,-0.2291945977334828,-1.4016057553649468,-1.470371731296988,-1.094880026424442,-0.3289547743612044,-0.5277223848834107,-0.4614787189479588,0.9383177570093458,Low,0,0,-1.0771458379492989,-0.8975239579944507,-0.7912587175211603,-1.7978331880954057,-0.7276442458726131,-0.4904558228650686,-0.7305126305099062,-0.22919459773348455,-1.4016057553649466,-1.470371731296988,-1.094880026424442,-0.32895477436120474,-0.5277223848834108,-0.46147871894799897,1.3018914012771496,-1.2845558233198398,-1.6325116659989423,3.044522437723423,8.442685139241176
Macalester College,Yes,2939,1496,452,56,86,1723,113,15909,4772,500,700,85.0,91,11.9,37,14213,77,0.5516271679143121,0.23644628823255268,0.009699901680342994,1.4803479884652577,-0.07514372951015755,-0.6529279200826904,1.2912292689885556,-0.2291945977334828,-1.0977621251583494,0.7747877474272864,0.7816568116943878,-0.5155706906011422,1.1257980950091877,1.1956475168054088,0.5090166723375298,Very High,3,1,0.5516271679143128,0.23644628823255434,0.009699901680342298,1.4803479884652577,-0.07514372951015698,-0.6529279200826902,1.2912292689885554,-0.22919459773348455,-1.0977621251583491,0.7747877474272864,0.7816568116943878,-0.5155706906011426,1.125798095009188,1.1956475168053686,-1.6183408233154262,1.5296355527690197,0.6125530498969481,4.465908118654584,8.470730317005897
MacMurray College,Yes,740,558,177,12,29,628,63,9620,3750,550,950,49.0,55,10.8,33,10642,59,-0.7512440275450156,-0.7839117241522426,-1.0725717048206616,-0.9727316677869278,-1.2539949269573853,-0.9740319705249559,-0.07941154917988634,0.12366360639712475,-0.4854840928742669,-1.4254510554849893,-1.5654940694465738,-0.8177024902905383,0.8739402524684261,0.5775159700154037,0.754054054054054,Medium,1,1,-0.751244027545015,-0.783911724152241,-1.0725717048206622,-0.9727316677869279,-1.2539949269573847,-0.9740319705249557,-0.07941154917988662,0.123663606397123,-0.4854840928742666,-1.4254510554849893,-1.5654940694465738,-0.8177024902905388,0.8739402524684262,0.5775159700153635,0.04847550645324447,-0.34649203129021994,0.6125530498969481,3.4011973816621555,8.229777750081887
Malone College,Yes,874,758,428,21,46,1605,246,9858,3700,450,1200,42.0,45,17.6,16,4796,55,-0.5869970398481876,-0.45949140759832224,-0.0491067053906913,-0.1910995085854955,-0.1497659888519674,-0.19555710302836535,-0.018146215060422285,-0.6142542943018506,-0.007652220075795025,-1.7212912246169625,-1.9161399642376822,0.9028169702793557,-0.43232901744623836,-1.723950287391873,0.8672768878718535,Medium,1,1,-0.586997039848187,-0.4594914075983206,-0.04910670539069199,-0.19109950858549554,-0.14976598885196685,-0.1955571030283651,-0.01814621506042256,-0.6142542943018524,-0.0076522200757946955,-1.7212912246169625,-1.9161399642376822,0.9028169702793557,-0.4323290174462384,-1.7239502873919132,0.8186505180705277,-0.34649203129021994,0.6125530498969481,3.8501476017100584,8.216358332386156
Manchester College,Yes,1004,802,239,23,63,909,51,10440,3850,525,1450,63.0,72,11.8,20,7940,64,-0.4516600456628626,-0.4004789563418012,-0.7088084284580587,-0.053119072030679164,-0.7915540595069022,-1.0856771595189667,0.12768438698895676,-0.04910428251208369,0.3855304301230107,-0.7041258620108916,-0.6870519494859656,-0.542574720624852,-0.07789767130558382,-0.15522989657869318,0.798804780876494,Medium,1,1,-0.451660045662862,-0.40047895634179953,-0.7088084284580594,-0.053119072030679226,-0.7915540595069016,-1.0856771595189665,0.12768438698895648,-0.049104282512085436,0.385530430123011,-0.7041258620108916,-0.6870519494859656,-0.5425747206248523,-0.07789767130558381,-0.1552298965787334,0.3528831103630511,-0.34649203129021994,0.6125530498969481,4.1588830833596715,8.25608813381491
Manhattan College,Yes,2432,1730,563,20,63,2578,254,12370,6800,500,1800,92.0,92,13.6,25,10062,79,0.3803967803277876,0.3810100864450968,0.2414781334857494,-0.2637884142137955,0.3273994940921789,-0.17597858877416286,0.5761147458728345,-0.2291945977334828,0.8415717373291548,1.3330771206617404,0.8746535950171559,-0.06921363882471981,0.3177088594568356,0.4461676020749453,0.7113486842105263,High,2,1,0.38039678032778823,0.3810100864450985,0.2414781334857487,-0.26378841421379556,0.32739949409217944,-0.17597858877416261,0.5761147458728343,-0.22919459773348455,0.8415717373291551,1.3330771206617404,0.8746535950171559,-0.06921363882472008,0.31770885945683564,0.44616760207490513,-0.24201897779794065,0.5915717607393999,0.6125530498969481,4.1588830833596715,8.824824939175638
Manhattanville College,Yes,962,750,212,21,54,830,150,14700,6550,450,400,97.0,97,11.3,24,11291,70,-0.493221235438599,-0.4706138365827934,-0.8520063481131878,-0.1910995085854955,-0.9018018714840317,-0.4904558228650689,1.0599091241292744,-0.6142542943018506,-2.184436019568784,1.7576249773363266,1.3645882269351624,-0.6789541266546215,0.2420706033059415,0.71199077190249,0.7796257796257796,Very High,3,1,-0.4932212354385984,-0.4706138365827917,-0.8520063481131884,-0.19109950858549554,-0.9018018714840311,-0.4904558228650686,1.0599091241292742,-0.6142542943018524,-2.1844360195687837,1.7576249773363266,1.3645882269351624,-0.6789541266546218,0.24207060330594155,0.7119907719024499,0.22242190379365073,1.5296355527690197,0.6125530498969481,4.007333185232471,8.787372988731876
Mankato State University,No,3073,2672,1547,9,29,9649,1792,4300,2643,450,1660,57.0,68,19.0,11,5801,68,0.5916024099162774,0.8048609398404436,1.2131747737842142,-1.3330274833513371,1.4227455438033356,1.1445420441442986,-1.8358154428499396,-0.6142542943018506,0.6699416160952208,-1.0343401508981573,-0.9283307329438812,1.2221083432317035,-0.9453261392418362,-1.0810716245337828,0.8695086234949561,Low,0,0,0.5916024099162781,0.8048609398404453,1.2131747737842136,-1.3330274833513371,1.4227455438033363,1.1445420441442988,-1.8358154428499398,-0.6142542943018524,0.6699416160952212,-1.0343401508981573,-0.9283307329438812,1.2221083432317035,-0.9453261392418363,-1.081071624533823,0.8338314400762042,-1.2845558233198398,-1.6325116659989423,3.4011973816621555,7.880048200971577
Marian College of Fond du Lac,Yes,824,670,337,15,41,1160,653,9400,3400,500,1100,37.0,37,8.4,21,5352,59,-0.6449068227399252,-0.5893609930144568,-0.3126400038889764,-0.6744109272506593,-0.5064976273717405,0.43045216020189175,-0.13693542017306337,-0.2291945977334828,-0.1865912069727965,-1.905926433043926,-2.1196483779539492,-1.5221214719855227,0.004942005820180814,-1.3452225459391853,0.8131067961165048,Medium,1,1,-0.6449068227399245,-0.5893609930144551,-0.3126400038889771,-0.6744109272506594,-0.50649762737174,0.43045216020189203,-0.13693542017306365,-0.22919459773348455,-0.18659120697279616,-1.905926433043926,-2.1196483779539492,-1.5221214719855234,0.004942005820180843,-1.3452225459392255,0.45016962388868464,-0.34649203129021994,0.6125530498969481,3.7376696182833684,8.131824785007195
Marietta College,Yes,1611,960,342,27,60,1089,210,13850,3920,470,810,80.0,97,13.2,30,10223,96,-0.00028678821273885415,-0.21393812283687444,-0.29612223320675385,0.19803987368047105,-0.5788827269964539,-0.29145025136329783,0.8896850314583712,-0.45596272590866344,-0.8068585572844014,0.4018546093085536,1.3645882269351624,-0.17218743592901764,0.6744919461391042,0.4837783977991977,0.595903165735568,High,2,1,-0.0002867882127382323,-0.21393812283687277,-0.29612223320675457,0.198039873680471,-0.5788827269964534,-0.29145025136329755,0.889685031458371,-0.45596272590866516,-0.806858557284401,0.4018546093085536,1.3645882269351624,-0.17218743592901792,0.6744919461391043,0.4837783977991575,-1.0273133440888897,0.5915717607393999,0.6125530498969481,4.110873864173311,8.27410200229233
Marist College,Yes,4731,3171,830,12,31,3557,658,10700,5925,550,1200,74.0,81,17.6,34,8408,69,0.9718457680889685,0.9683381051611405,0.6325320786094438,-0.9727316677869278,0.624414970231984,0.4355850726742023,0.19110784129153285,0.12366360639712475,-0.007652220075795025,-0.01714162821819213,-0.060091883356808096,0.9028169702793557,0.9383237733786066,-0.0026555648125747592,0.6702599873176919,High,2,1,0.9718457680889692,0.9683381051611422,0.6325320786094432,-0.9727316677869279,0.6244149702319846,0.4355850726742026,0.19110784129153258,0.123663606397123,-0.0076522200757946955,-0.01714162821819212,-0.06009188335680806,0.9028169702793557,0.9383237733786067,-0.002655564812614964,-0.5215163772156444,0.5915717607393999,0.6125530498969481,3.4657359027997265,8.68710472813351
Marquette University,Yes,5152,4600,1685,36,71,7016,804,11610,4760,600,1950,,94,13.5,25,9982,77,1.0455687360586747,1.3169222822619557,1.2886172602021293,0.675328745331237,1.186513099491042,0.5718300632983053,0.40543054269898315,0.44960144391101303,1.0122534250576745,,1.0656043502924986,-0.09484535617925974,0.3177088594568356,0.427131894643879,0.8928571428571429,High,2,1,1.0455687360586754,1.3169222822619573,1.2886172602021286,0.6753287453312369,1.1865130994910427,0.5718300632983055,0.4054305426989829,0.4496014439110113,1.0122534250576747,,1.0656043502924986,-0.09484535617926002,0.31770885945683564,0.4271318946438388,0.9926549349902808,0.5915717607393999,0.6125530498969481,4.276666119016055,8.46821300919452
Marshall University,Yes,4226,3666,2007,14,60,7703,2339,5094,4010,700,1560,77.0,86,16.6,10,6203,50,0.8735199901734539,1.105326113244815,1.4399664582911935,-0.7684736752694478,1.257481109263603,1.3451608388976657,-1.5053985439238686,1.036080707406721,0.5389373744126061,0.18846094051108306,0.3410143789166372,0.6686666670859442,-1.060970528103861,-0.869996946450833,0.8674869853289162,Low,0,1,0.8735199901734546,1.1053261132448164,1.4399664582911929,-0.7684736752694479,1.2574811092636036,1.345160838897666,-1.5053985439238688,1.0360807074067193,0.5389373744126065,0.18846094051108306,0.3410143789166373,0.6686666670859441,-1.0609705281038613,-0.8699969464508732,0.8200796627578476,-1.2845558233198398,0.6125530498969481,4.110873864173311,8.296795865770052
Mary Baldwin College,Yes,499,441,199,26,52,846,377,11200,7400,600,1300,66.0,79,6.8,50,10819,90,-1.148141582351621,-1.0378370230292426,-0.9286672525884742,0.13799295441079093,-0.8784667292253139,0.07078414185244954,0.3102865577817636,0.44960144391101303,0.15797762148941302,-0.5272161250696584,-0.20978440474634713,-2.0362031633689686,1.8587440603808885,0.6154223597226631,0.8837675350701403,High,2,1,-1.1481415823516203,-1.037837023029241,-0.9286672525884748,0.13799295441079087,-0.8784667292253133,0.07078414185244979,0.31028655778176334,0.4496014439110113,0.15797762148941336,-0.5272161250696584,-0.2097844047463471,-2.0362031633689694,1.8587440603808887,0.6154223597226229,0.930824749797983,0.5915717607393999,0.6125530498969481,3.970291913552122,8.909370405197466
Mary Washington College,No,4350,2178,756,39,78,2997,736,6490,4942,650,2102,75.0,80,17.6,30,5358,84,0.8987879679441562,0.6071321003679937,0.5405644999312657,0.8144962912549331,0.4689612845132503,0.5114165899760813,-0.9984940856865023,0.7526774094232582,1.1732322499838022,0.05052602522539324,-0.1356944211524122,0.9028169702793557,0.6744919461391042,-1.3414689669260043,0.5006896551724138,Low,0,0,0.8987879679441568,0.6071321003679954,0.540564499931265,0.814496291254933,0.46896128451325086,0.5114165899760815,-0.9984940856865026,0.7526774094232564,1.1732322499838024,0.05052602522539325,-0.13569442115241218,0.9028169702793557,0.6744919461391043,-1.3414689669260444,-1.674983642838923,-1.2845558233198398,-1.6325116659989423,4.3694478524670215,8.505727713306959
Marymount College Tarrytown,Yes,478,327,117,9,34,731,370,11510,6450,575,1075,71.0,93,10.3,30,10502,77,-1.192140926635304,-1.366598876706171,-1.6022964453764632,-1.3330274833513371,-1.0595363505064501,0.05885402780243383,0.38243084587087894,0.2897201331165887,-0.23367680862738846,-0.21493899577553588,0.9692990979140862,-0.9589736427194986,0.6744919461391042,0.5468378860030482,0.6841004184100419,High,2,1,-1.1921409266353034,-1.3665988767061694,-1.6022964453764639,-1.3330274833513371,-1.0595363505064495,0.05885402780243409,0.38243084587087867,0.28972013311658695,-0.23367680862738813,-0.21493899577553588,0.9692990979140862,-0.958973642719499,0.6744919461391043,0.546837886003008,-0.4273696948026918,0.5915717607393999,0.6125530498969481,3.5553480614894135,8.771990436532242
Marymount Manhattan College,Yes,695,535,239,21,30,988,785,10200,7000,350,1100,63.0,76,11.7,20,10622,68,-0.813677452142826,-0.8290300690872363,-0.7088084284580587,-0.1910995085854955,-0.6924095012304674,0.5554281226120912,0.06821195754654148,-1.5119094126371275,-0.1865912069727965,-0.7041258620108916,-0.4230962065588109,-0.5696679314881975,-0.07789767130558382,0.5731715961484694,0.7697841726618705,Medium,1,1,-0.8136774521428254,-0.8290300690872346,-0.7088084284580594,-0.19109950858549554,-0.6924095012304669,0.5554281226120914,0.0682119575465412,-1.5119094126371293,-0.18659120697279616,-0.7041258620108916,-0.42309620655881086,-0.5696679314881978,-0.07789767130558381,0.5731715961484292,0.15547639905598495,-0.34649203129021994,0.6125530498969481,3.4339872044851463,8.853808274977197
Marymount University,Yes,941,772,214,10,30,1247,776,11390,5280,500,750,77.0,82,10.6,17,8575,55,-0.5147380558031105,-0.4403258506995372,-0.8406946364204384,-1.204141438433242,-0.42483403891232463,0.5475335506418704,0.3546572622011375,-0.2291945977334828,-0.9606431574931019,0.18846094051108306,0.01703484187169807,-0.8738990271409371,-0.33988160333066747,0.04865671384075893,0.820403825717322,High,2,1,-0.5147380558031098,-0.44032585069953556,-0.8406946364204391,-1.204141438433242,-0.4248340389123241,0.5475335506418706,0.35465726220113725,-0.22919459773348455,-0.9606431574931016,0.18846094051108306,0.017034841871698108,-0.8738990271409376,-0.3398816033306675,0.04865671384071873,0.4998061651063757,0.5915717607393999,0.6125530498969481,3.4339872044851463,8.571870752706934
Maryville College,Yes,1464,888,176,26,52,624,128,11200,4208,500,1642,80.0,90,11.1,43,8317,51,-0.09037197783414273,-0.2945265853987389,-1.0795968542171843,0.13799295441079093,-1.262319019742533,-0.5819923517098765,0.3102865577817636,-0.2291945977334828,0.6469099570002073,0.4018546093085536,0.6902976719925955,-0.7341609541828268,1.4783988287579515,-0.03128291531012251,0.6065573770491803,High,2,1,-0.09037197783414211,-0.2945265853987372,-1.079596854217185,0.13799295441079087,-1.2623190197425322,-0.5819923517098763,0.31028655778176334,-0.22919459773348455,0.6469099570002076,0.4018546093085536,0.6902976719925955,-0.7341609541828271,1.4783988287579517,-0.031282915310162716,-0.9548402655980351,0.5915717607393999,0.6125530498969481,3.970291913552122,8.344980368770571
Maryville University,Yes,549,397,169,26,51,1343,1751,9250,4550,425,1350,52.0,58,13.1,13,5925,61,-1.0509103946993723,-1.1526009238155517,-1.1300989314251952,0.13799295441079093,-0.3424197298695604,1.127359447455725,-0.17666519467420225,-0.8209747597609685,0.23641393758197868,-1.2853903165081058,-1.4375163915219222,-0.19811971128459815,-0.7285459157740776,-1.0136125893860917,0.7231329690346083,Medium,1,1,-1.0509103946993716,-1.1526009238155501,-1.130098931425196,0.13799295441079087,-0.3424197298695598,1.1273594474557251,-0.17666519467420252,-0.8209747597609702,0.236413937581979,-1.2853903165081058,-1.4375163915219222,-0.19811971128459846,-0.7285459157740777,-1.0136125893861319,-0.1618588069626659,-0.34649203129021994,0.6125530498969481,3.9512437185814275,8.423102268016642
Marywood College,Yes,1107,859,323,13,51,1452,402,11040,4500,600,700,65.0,76,11.8,30,9034,66,-0.35715990450884905,-0.3289803436376992,-0.36043666507006117,-0.8676768730139961,-0.25713686334550334,0.11182218825857136,0.27253661788993777,0.44960144391101303,-1.0977621251583494,-0.5870586132298377,-0.4230962065588109,-0.542574720624852,0.6744919461391042,0.18208158879143516,0.7759710930442638,High,2,1,-0.35715990450884844,-0.3289803436376975,-0.3604366650700619,-0.8676768730139962,-0.2571368633455028,0.11182218825857161,0.2725366178899375,0.4496014439110113,-1.0977621251583491,-0.5870586132298377,-0.42309620655881086,-0.5425747206248523,0.6744919461391043,0.18208158879139494,0.19756165091474817,0.5915717607393999,0.6125530498969481,3.9512437185814275,8.412054873292933
Massachusetts Institute of Technology,Yes,6411,2140,1078,96,99,4481,28,20100,5975,725,1600,99.0,99,10.1,35,33541,94,1.2325633952787982,0.5899759717527671,0.8831038352426647,2.5940317741350425,0.8249568972013424,-1.3900837948934839,2.0134989748534267,1.1712232036325305,0.5922469196218194,1.9334433724427944,1.572409762644023,-1.0162263075553521,1.001734296309972,2.550003006545823,0.33380127905163,Very High,3,1,1.2325633952787989,0.5899759717527687,0.883103835242664,2.5940317741350425,0.8249568972013429,-1.3900837948934837,2.013498974853426,1.1712232036325287,0.5922469196218197,1.9334433724427944,1.572409762644023,-1.0162263075553526,1.0017342963099722,2.5500030065457824,-2.810207454887759,1.5296355527690197,0.6125530498969481,4.605170185988092,8.695506726812653
Mayville State University,No,233,233,153,5,12,658,58,4486,2516,600,1900,68.0,68,15.7,11,6971,51,-1.9482385901277655,-1.7474639399811034,-1.2552002491538736,-1.9916231295773121,-1.1935557667455075,-1.0179999910485702,-1.7550331807304491,0.44960144391101303,0.956752752043269,-0.4049164499282882,-0.9283307329438812,0.45319423592896574,-0.9453261392418362,-0.5201155153614891,1.0,Low,0,0,-1.9482385901277648,-1.7474639399811018,-1.2552002491538743,-1.9916231295773121,-1.1935557667455068,-1.01799999104857,-1.7550331807304493,0.4496014439110113,0.9567527520432694,-0.4049164499282882,-0.9283307329438812,0.45319423592896557,-0.9453261392418363,-0.5201155153615293,1.7214721572963374,-1.2845558233198398,-1.6325116659989423,2.5649493574615367,7.830822995135316
McKendree College,Yes,1002,555,119,16,43,836,684,7680,3740,500,800,70.0,74,17.7,21,6652,52,-0.453596518607392,-0.7896828047327762,-1.579940754488706,-0.5849046607537621,-0.8929874370094172,0.46172263461915913,-0.6204837466933623,-0.2291945977334828,-0.8317407991744724,-0.27913443822970246,-0.5579571392876599,0.9259436202503536,0.004942005820180814,-0.6578652682482061,0.5538922155688623,Medium,1,1,-0.45359651860739136,-0.7896828047327745,-1.5799407544887067,-0.5849046607537622,-0.8929874370094166,0.4617226346191594,-0.6204837466933625,-0.22919459773348455,-0.8317407991744721,-0.27913443822970246,-0.5579571392876599,0.9259436202503536,0.004942005820180843,-0.6578652682482463,-1.3130841814869652,-0.34649203129021994,0.6125530498969481,3.784189633918261,8.227108234348146
McMurry University,Yes,578,411,187,25,50,880,477,6930,3452,400,1525,57.0,64,11.0,11,6383,32,-0.9987772257402141,-1.1146681605371072,-1.0047422182041945,0.07620224590010687,-0.8306185257214134,0.22243802574620308,-0.8537995141224842,-1.0385747647777013,0.4912429213666867,-1.0343401508981573,-1.1477182127095475,-0.761909398547313,-0.9453261392418362,-0.7821940639937002,0.7110726643598616,Low,0,1,-0.9987772257402134,-1.1146681605371056,-1.0047422182041952,0.0762022459001068,-0.8306185257214128,0.22243802574620333,-0.8537995141224844,-1.038574764777703,0.491242921366687,-1.0343401508981573,-1.1477182127095475,-0.7619093985473134,-0.9453261392418363,-0.7821940639937404,-0.24389654599266006,-1.2845558233198398,0.6125530498969481,3.9318256327243257,8.146998697389993
McPherson College,Yes,420,293,93,11,32,336,80,7950,3750,600,2740,54.0,54,9.8,45,9754,48,-1.3253506687769687,-1.4889969483910555,-1.910891341634475,-1.0845174670653988,-2.126558364539047,-0.8449738010651707,-0.5401666615228499,0.44960144391101303,1.7489351588651338,-1.187608809255785,-1.6057345224000523,-1.1029394441433198,1.5901700932363811,0.3715645121770093,0.6976190476190476,Medium,1,1,-1.325350668776968,-1.488996948391054,-1.9108913416344757,-1.0845174670653988,-2.1265583645390467,-0.8449738010651705,-0.5401666615228501,0.4496014439110113,1.748935158865134,-1.187608809255785,-1.6057345224000523,-1.1029394441433202,1.5901700932363814,0.3715645121769691,-0.3354120034340899,-0.34649203129021994,0.6125530498969481,3.4965075614664802,8.229777750081887
Mercer University,Yes,2286,1668,564,37,70,2943,1260,11985,4081,400,1500,93.0,95,9.2,15,8995,91,0.32389867483723994,0.34484205204552415,0.24331956598723925,0.7226458157909562,0.45211664038069665,0.8872642803522207,0.49053837892447655,-1.0385747647777013,0.45655088669276045,1.4162709817701533,1.1635803366973685,-1.2795288613085185,-0.5277223848834107,0.17115440621968855,0.7296587926509186,High,2,1,0.32389867483724055,0.3448420520455258,0.24331956598723856,0.7226458157909561,0.4521166403806972,0.8872642803522209,0.49053837892447627,-1.038574764777703,0.4565508866927608,1.4162709817701533,1.1635803366973685,-1.279528861308519,-0.5277223848834108,0.17115440621964834,-0.11746823564387977,0.5915717607393999,0.6125530498969481,4.2626798770413155,8.31434234336979
Mercyhurst College,Yes,1557,1074,397,15,40,1805,433,9813,4050,425,1000,45.0,63,16.7,29,7307,78,-0.03231456166476523,-0.09870534354210124,-0.13095805615211423,-0.6744109272506593,-0.026863925151019152,0.15962811472572122,-0.02965490558042674,-0.8209747597609685,-0.38127720198738435,-1.5998234319163254,-1.199238322126377,0.6923240948584863,0.6057379786639013,-0.3851616460014546,0.6897880539499036,Medium,1,1,-0.0323145616647646,-0.09870534354209957,-0.13095805615211492,-0.6744109272506594,-0.026863925151018587,0.15962811472572147,-0.029654905580427014,-0.8209747597609702,-0.381277201987384,-1.5998234319163254,-1.199238322126377,0.6923240948584862,0.6057379786639014,-0.3851616460014948,-0.38868072526994696,-0.34649203129021994,0.6125530498969481,3.713572066704308,8.30671904320269
Meredith College,Yes,857,772,376,25,58,1721,470,6720,3250,450,1520,77.0,82,13.9,33,6881,82,-0.6062784637407725,-0.4403258506995372,-0.19071311108962954,0.07620224590010687,-0.0763560923643278,0.2128043540403945,-0.9220812277039356,-0.6142542943018506,0.4843468547327138,0.18846094051108306,0.01703484187169807,0.007245150469287423,0.8739402524684261,-0.5579800636071004,0.9008168028004667,Low,0,1,-0.6062784637407719,-0.44032585069953556,-0.19071311108963024,0.0762022459001068,-0.07635609236432724,0.21280435404039474,-0.9220812277039359,-0.6142542943018524,0.48434685473271416,0.18846094051108306,0.017034841871698108,0.007245150469287173,0.8739402524684262,-0.5579800636071406,1.0467988826606254,-1.2845558233198398,0.6125530498969481,4.07753744390572,8.086717920303906
Merrimack College,Yes,1981,1541,514,18,36,1927,1084,12500,6200,375,1000,73.0,75,16.8,22,8707,80,0.19223640522195304,0.26604548770289327,0.14631774960385702,-0.41769469988544683,0.040225959143666015,0.7800662444554312,0.6046150057754334,-1.2683636802870528,-0.38127720198738435,-0.08394204211030992,-0.4912534379026085,0.7159264734321833,0.08579839053769144,0.08813674575466245,0.7778899545683998,High,2,1,0.19223640522195365,0.26604548770289493,0.14631774960385632,-0.4176946998854469,0.040225959143666584,0.7800662444554314,0.6046150057754331,-1.2683636802870546,-0.381277201987384,-0.08394204211030991,-0.49125343790260845,0.7159264734321832,0.08579839053769148,0.08813674575462224,0.21061431129084868,0.5915717607393999,0.6125530498969481,3.6109179126442243,8.732465848349879
Mesa State College,No,1584,1456,891,6,18,3471,911,5016,3798,540,2256,48.0,48,28.8,12,3871,59,-0.01615425482269328,0.20932546730894003,0.7014998553727269,-1.7978331880954057,0.6025604095471382,0.6581529004723541,-1.5362886608469797,0.05539421178077269,1.3256903476926882,-1.470371731296988,-1.8227310098814986,3.244143810817387,-0.8347120424139982,-2.532041574074914,0.9191919191919192,Low,0,0,-0.01615425482269266,0.2093254673089417,0.7014998553727262,-1.7978331880954057,0.6025604095471387,0.6581529004723543,-1.53628866084698,0.05539421178077094,1.3256903476926885,-1.470371731296988,-1.8227310098814986,3.2441438108173872,-0.8347120424139983,-2.5320415740749542,1.1717918280150017,-1.2845558233198398,-1.6325116659989423,2.9444389791664403,8.242493153187626
Messiah College,Yes,1742,1382,607,30,64,2258,53,10300,5080,475,1200,68.0,75,14.1,30,7762,89,0.0728542970814316,0.15698458600852105,0.31912176239996587,0.3687770077049723,0.19889686756655064,-1.065526666446129,0.09310267904364704,-0.417308161549658,-0.007652220075795025,-0.4049164499282882,-0.4912534379026085,0.0578612960059782,0.6744919461391042,-0.21695551051769307,0.7933409873708381,Medium,1,1,0.07285429708143222,0.15698458600852272,0.31912176239996515,0.36877700770497224,0.1988968675665512,-1.0655266664461287,0.09310267904364676,-0.4173081615496597,-0.0076522200757946955,-0.4049164499282882,-0.49125343790260845,0.05786129600597796,0.6744919461391043,-0.2169555105177333,0.3157167801732887,-0.34649203129021994,0.6125530498969481,4.174387269895637,8.533263371593732
Miami University at Oxford,No,9239,7788,3290,35,39,13606,807,8856,3960,500,1382,81.0,89,17.6,20,7846,85,1.5385405048171223,1.7952129447263823,1.8464035825485081,0.6270233788095004,1.6596984763696159,0.5743878482457949,-0.2830793027641169,-0.2291945977334828,0.28521337242824524,0.474714832564546,0.6005650532112241,0.9028169702793557,-0.07789767130558382,-0.18755746504191123,0.8429483710358264,Medium,1,0,1.538540504817123,1.7952129447263838,1.8464035825485074,0.6270233788095003,1.6596984763696165,0.5743878482457951,-0.2830793027641172,-0.22919459773348455,0.28521337242824557,0.474714832564546,0.6005650532112241,0.9028169702793557,-0.07789767130558381,-0.18755746504195145,0.6531607921467731,-0.34649203129021994,-1.6325116659989423,3.6888794541139363,8.284251797621916
Michigan State University,No,18114,15096,6180,23,57,26640,4120,10658,3734,504,600,93.0,95,14.0,9,10520,71,2.081408724531053,2.3722356757128966,2.3220483786687645,-0.053119072030679164,2.0745110253518426,1.7894598445809415,0.18093160634185956,-0.1998603841864384,-1.4016057553649468,1.4162709817701533,1.1635803366973685,0.032588388009415346,-1.1823654119674138,0.5508174598984344,0.8333885392514078,High,2,0,2.0814087245310535,2.3722356757128984,2.3220483786687636,-0.053119072030679226,2.074511025351843,1.7894598445809418,0.18093160634185929,-0.19986038418644014,-1.4016057553649466,1.4162709817701533,1.1635803366973685,0.032588388009415103,-1.182365411967414,0.5508174598983943,0.588132005042997,0.5915717607393999,-1.6325116659989423,4.060443010546419,8.225503097566918
Michigan Technological University,No,2618,2288,1032,42,77,5524,414,8127,3978,900,1200,82.0,82,17.0,25,7473,65,0.44731983648628126,0.6550463569565024,0.8420027084189083,0.9459121453121655,0.9981257653310152,0.13070930320260554,-0.4884823808240123,2.0175449708765014,-0.007652220075795025,0.5484387369161905,0.01703484187169807,0.7629678950964552,0.3177088594568356,-0.3219660797371311,0.8739495798319328,Medium,1,0,0.4473198364862819,0.655046356956504,0.8420027084189077,0.9459121453121654,0.9981257653310157,0.1307093032026058,-0.4884823808240126,2.0175449708764996,-0.0076522200757946955,0.5484387369161905,0.017034841871698108,0.7629678950964552,0.31770885945683564,-0.3219660797371713,0.8640401310539175,-0.34649203129021994,-1.6325116659989423,4.356708826689592,8.288785810426928
MidAmerica Nazarene College,Yes,331,331,225,15,36,1100,166,6840,3720,1100,4913,33.0,33,15.4,20,5524,49,-1.5738845470875875,-1.353101221664452,-0.780585278710829,-0.6744109272506593,-0.5672974061145423,-0.431205973875573,-0.8828942952654918,2.824358227011888,3.0577741518174486,-2.037529891541561,-2.1983538567064675,0.3803088445537738,-0.07789767130558382,-1.240125335646193,1.0,Low,0,1,-1.5738845470875868,-1.3531012216644505,-0.7805852787108296,-0.6744109272506594,-0.5672974061145417,-0.43120597387557275,-0.882894295265492,2.8243582270118863,3.057774151817449,-2.037529891541561,-2.1983538567064675,0.3803088445537736,-0.07789767130558381,-1.2401253356462332,1.7214721572963374,-1.2845558233198398,0.6125530498969481,3.6109179126442243,8.221747728346623
Millersville University of Penn.,No,6011,3075,960,22,60,5146,1532,7844,3830,450,1258,72.0,74,16.8,20,7832,71,1.1777701862323615,0.939128586285627,0.7732316609823825,-0.12094221917214974,0.9403535579303817,1.0289323140850855,-0.5714816336528199,-0.6142542943018506,0.08990169446979933,-0.14987467952129907,-0.5579571392876599,0.7159264734321833,-0.07789767130558382,-0.19242334963793736,0.5115621360838463,Medium,1,0,1.1777701862323622,0.9391285862856287,0.7732316609823818,-0.12094221917214981,0.9403535579303822,1.0289323140850857,-0.5714816336528201,-0.6142542943018524,0.08990169446979966,-0.14987467952129907,-0.5579571392876599,0.7159264734321832,-0.07789767130558381,-0.19242334963797758,-1.6010258303560954,-0.34649203129021994,-1.6325116659989423,4.110873864173311,8.25088114470065
Milligan College,Yes,610,461,189,26,52,685,49,8200,3300,550,1000,63.0,69,12.0,16,8128,64,-0.9444124019590651,-0.9896593149015002,-0.9916783979866695,0.13799295441079093,-1.1419646671461603,-1.1065527913653308,-0.4673816430927015,0.12366360639712475,-0.38127720198738435,-0.7041258620108916,-0.8700943318940553,-0.48865480211398754,-0.43232901744623836,-0.09231237800894349,0.7557377049180328,Medium,1,1,-0.9444124019590644,-0.9896593149014985,-0.9916783979866701,0.13799295441079087,-1.1419646671461596,-1.1065527913653306,-0.4673816430927018,0.123663606397123,-0.381277201987384,-0.7041258620108916,-0.8700943318940553,-0.48865480211398793,-0.4323290174462384,-0.09231237800898369,0.05992819474941463,-0.34649203129021994,0.6125530498969481,3.970291913552122,8.101980731853192
Millikin University,Yes,1444,1261,456,29,62,1788,95,11910,4378,450,965,60.0,77,11.4,25,8149,75,-0.10337429751099657,0.06458389615131298,0.019150392074915666,0.3133361961439693,-0.03665058865724941,-0.7502317576043804,0.473658251857913,-0.6142542943018506,-0.4536989838995871,-0.8731730296610826,-0.35347352257287784,-0.6514933647702706,0.3177088594568356,-0.08542366411709376,0.8732686980609419,High,2,1,-0.10337429751099594,0.06458389615131464,0.019150392074914972,0.31333619614396924,-0.03665058865724884,-0.7502317576043802,0.4736582518579127,-0.6142542943018524,-0.4536989838995868,-0.8731730296610826,-0.3534735225728778,-0.651493364770271,0.31770885945683564,-0.08542366411713397,0.8594085730174283,0.5915717607393999,0.6125530498969481,4.143134726391533,8.384575666801398
Millsaps College,Yes,905,834,319,32,61,1073,179,11320,4402,550,1350,82.0,89,12.7,38,11218,58,-0.552850872470577,-0.3596952001628266,-0.37453302440042296,0.4756588429698257,-0.5959912019559986,-0.38674238750608864,0.3383671391568183,0.12366360639712475,0.23641393758197868,0.5484387369161905,0.6005650532112241,-0.3026284411960633,1.1865255105248433,0.697465996493578,0.9215469613259668,High,2,1,-0.5528508724705763,-0.3596952001628249,-0.3745330244004237,0.47565884296982563,-0.5959912019559981,-0.38674238750608836,0.33836713915681804,0.123663606397123,0.236413937581979,0.5484387369161905,0.6005650532112241,-0.30262844119606364,1.1865255105248436,0.6974659964935378,1.1878115171694712,0.5915717607393999,0.6125530498969481,4.127134385045092,8.390041405755754
Milwaukee School of Engineering,Yes,1217,1088,496,36,69,1773,884,11505,3255,1000,2075,35.0,46,16.7,23,7140,67,-0.2661309512240571,-0.08546301796505433,0.10870013477491584,0.675328745331237,-0.04538054254823845,0.6372692488918638,0.3812774209451592,2.4385555837110098,1.1454418179097847,-1.973522754977013,-1.886083615874445,0.6923240948584863,0.16480222734879074,-0.45101249528195664,0.8940016433853739,High,2,1,-0.2661309512240565,-0.08546301796505267,0.10870013477491515,0.6753287453312369,-0.04538054254823788,0.637269248891864,0.38127742094515893,2.438555583711008,1.145441817909785,-1.973522754977013,-1.886083615874445,0.6923240948584862,0.1648022273487908,-0.45101249528199683,1.0004401641521368,0.5915717607393999,0.6125530498969481,4.248495242049359,8.08825472712243
Mississippi College,Yes,594,385,307,36,57,1695,721,5580,2830,600,700,77.0,79,16.5,18,6170,61,-0.9712020358050991,-1.186271023548447,-0.418077158140422,0.675328745331237,-0.09227483353597288,0.49741520841155135,-1.3196045030486936,0.44960144391101303,-1.0977621251583494,0.18846094051108306,-0.20978440474634713,0.6449537289305115,-0.2501326836602141,-0.8865214022492534,0.6481481481481481,Low,0,1,-0.9712020358050985,-1.1862710235484455,-0.41807715814042273,0.6753287453312369,-0.09227483353597231,0.4974152084115516,-1.3196045030486938,0.4496014439110113,-1.0977621251583491,0.18846094051108306,-0.2097844047463471,0.6449537289305114,-0.25013268366021413,-0.8865214022492935,-0.6719276097828123,-1.2845558233198398,0.6125530498969481,4.060443010546419,7.9483852851118995
Mississippi State University,No,4255,3277,1609,18,57,10094,1621,9866,3084,480,1479,77.0,77,15.9,20,6223,53,0.8795000394353131,0.9995115899105373,1.24799165497339,-0.41769469988544683,1.4548585971366912,1.0703723111886714,-0.01610384090631533,-0.3790064790554481,0.42699333851162624,0.18846094051108306,-0.35347352257287784,0.5014836955297912,-0.07789767130558382,-0.8600479604830834,0.7701527614571093,Medium,1,0,0.8795000394353137,0.999511589910539,1.2479916549733894,-0.4176946998854469,1.4548585971366919,1.0703723111886716,-0.016103840906315604,-0.3790064790554498,0.4269933385116266,0.18846094051108306,-0.3534735225728778,0.5014836955297911,-0.07789767130558381,-0.8600479604831236,0.1579836484338965,-0.34649203129021994,-1.6325116659989423,4.060443010546419,8.034306936339489
Mississippi University for Women,No,480,405,380,19,46,1673,1014,4386,2217,600,1500,49.0,54,15.8,8,5704,63,-1.1878620189628901,-1.1307532517832912,-0.17903891237415498,-0.3392340437249904,-0.10597880293695448,0.7330114910364504,-1.7981849544271413,0.44960144391101303,0.45655088669276045,-1.4254510554849893,-1.6057345224000523,0.477368692048737,-1.3104191724516414,-1.1354121026551938,0.84375,Low,0,0,-1.1878620189628895,-1.1307532517832897,-0.17903891237415567,-0.33923404372499044,-0.10597880293695391,0.7330114910364506,-1.7981849544271415,0.4496014439110113,0.4565508866927608,-1.4254510554849893,-1.6057345224000523,0.47736869204873683,-1.3104191724516416,-1.135412102655234,0.6586137081000044,-1.2845558233198398,-1.6325116659989423,3.8501476017100584,7.704361167910313
Missouri Southern State College,No,1576,1326,913,13,50,3689,2200,3840,2852,200,400,52.0,54,20.3,9,4172,100,-0.020911496682943686,0.11534282087239073,0.7250474060118076,-0.8676768730139961,0.6567357707654795,1.2985527019115968,-2.045983328948151,-3.4094060130785433,-2.184436019568784,-1.2853903165081058,-1.6057345224000523,1.5104862781751673,-1.1823654119674138,-2.238896455221811,0.8413705583756346,Low,0,0,-0.020911496682943065,0.1153428208723924,0.725047406011807,-0.8676768730139962,0.6567357707654801,1.298552701911597,-2.0459833289481515,-3.409406013078545,-2.1844360195687837,-1.2853903165081058,-1.6057345224000523,1.5104862781751676,-1.182365411967414,-2.2388964552218513,0.6424280464371165,-1.2845558233198398,-1.6325116659989423,3.9318256327243257,7.9561263512135
Missouri Valley College,Yes,1310,983,316,5,35,1057,175,8550,5050,400,900,35.0,67,17.4,16,4333,27,-0.19580567781889344,-0.1895504261763716,-0.38523975970161506,-1.9916231295773121,-0.6134135048771966,-0.4001047041054975,-0.3678919688749011,-1.0385747647777013,-0.5948985253355604,-1.973522754977013,-0.9851988400469104,0.8564097288576539,-0.43232901744623836,-2.095137673989544,0.750381679389313,Medium,1,1,-0.19580567781889283,-0.18955042617636994,-0.3852397597016158,-1.9916231295773121,-0.613413504877196,-0.4001047041054972,-0.3678919688749014,-1.038574764777703,-0.5948985253355601,-1.973522754977013,-0.9851988400469104,0.8564097288576539,-0.4323290174462384,-2.0951376739895844,0.023494934030623405,-0.34649203129021994,0.6125530498969481,3.58351893845611,8.527341522468053
Monmouth College IL,Yes,601,503,204,28,57,671,11,13000,4100,400,460,91.0,91,11.6,43,11087,56,-0.9593874737028985,-0.8953784504856623,-0.8985167294850508,0.2564541555541443,-1.1683997786233544,-1.8298731617089103,0.7124516289319573,-1.0385747647777013,-1.917250243661139,1.2507419520369065,0.7816568116943878,-0.5968513837520442,1.4783988287579515,0.671031984931584,0.8369384359400999,High,2,1,-0.9593874737028978,-0.8953784504856607,-0.8985167294850515,0.25645415555414425,-1.1683997786233538,-1.8298731617089101,0.7124516289319571,-1.038574764777703,-1.9172502436611387,1.2507419520369065,0.7816568116943878,-0.5968513837520445,1.4783988287579517,0.6710319849315438,0.6122794462548401,0.5915717607393999,0.6125530498969481,4.060443010546419,8.31898612539206
Monmouth College,Yes,2707,1881,478,14,34,1893,847,12480,5290,530,1740,70.0,85,14.2,15,9492,54,0.4775593922429145,0.4635961367716001,0.06947392682514149,-0.7684736752694478,0.02206057533204511,0.6076971359324965,0.6002430654648441,-0.013985653099363818,0.7695852833062512,-0.27913443822970246,0.25767565625110594,0.08306456636014142,-0.5277223848834107,0.3051838641850553,0.6948651643886221,High,2,1,0.4775593922429151,0.4635961367716018,0.0694739268251408,-0.7684736752694479,0.022060575332045675,0.6076971359324967,0.6002430654648439,-0.013985653099365565,0.7695852833062515,-0.27913443822970246,0.257675656251106,0.08306456636014119,-0.5277223848834108,0.3051838641850151,-0.35414472701525984,0.5915717607393999,0.6125530498969481,3.5553480614894135,8.57376254290413
Montana College of Mineral Sci. & Tech.,No,572,544,320,45,72,1470,416,6073,3400,550,1400,71.0,71,16.4,31,6112,74,-1.0093296631551862,-0.8111325015093598,-0.37098989760362294,1.0705183742130722,-0.24380491106868193,0.13380907960697694,-1.141701429010402,0.12366360639712475,0.31220519593736024,-0.21493899577553588,-0.7494672137091747,0.6211848125226329,0.7420738904172537,-0.9158972344651218,0.951048951048951,Low,0,0,-1.0093296631551856,-0.8111325015093581,-0.37098989760362366,1.0705183742130722,-0.24380491106868138,0.1338090796069772,-1.1417014290104022,0.123663606397123,0.31220519593736057,-0.21493899577553588,-0.7494672137091747,0.6211848125226328,0.7420738904172538,-0.915897234465162,1.388492727058605,-1.2845558233198398,-1.6325116659989423,4.290459441148391,8.131824785007195
Montana State University,No,3500,2836,1779,15,42,8730,993,5552,3710,550,2300,75.0,83,17.6,8,6324,37,0.7075203691427373,0.861954386517783,1.336035291760256,-0.6744109272506593,1.3503142996474367,0.7183237382392701,-1.3300133807260348,0.12366360639712475,1.3674797931781004,0.05052602522539324,0.09569733284866454,0.9028169702793557,-1.3104191724516414,-0.8105489177654445,0.8102857142857143,Low,0,0,0.707520369142738,0.8619543865177847,1.3360352917602554,-0.6744109272506594,1.3503142996474373,0.7183237382392703,-1.330013380726035,0.123663606397123,1.3674797931781006,0.05052602522539325,0.09569733284866458,0.9028169702793557,-1.3104191724516416,-0.8105489177654847,0.43097979566641265,-1.2845558233198398,-1.6325116659989423,3.7612001156935624,8.219056661060598
Montclair State University,No,5220,2128,865,19,53,6411,3186,3648,4834,700,950,82.0,87,21.5,9,6717,58,1.0568678491204706,0.5844905011715893,0.6727908578941864,-0.3392340437249904,1.1166147503392894,1.5846146929017697,-2.1386086248808036,1.036080707406721,-0.4854840928742669,0.5484387369161905,0.4259346495311623,1.7703640932805513,-1.1823654119674138,-0.6289803295052765,0.4076628352490421,Low,0,0,1.0568678491204713,0.584490501171591,0.6727908578941857,-0.33923404372499044,1.11661475033929,1.58461469290177,-2.138608624880804,1.0360807074067193,-0.4854840928742666,0.5484387369161905,0.42593464953116233,1.7703640932805516,-1.182365411967414,-0.6289803295053167,-2.3077794288064197,-1.2845558233198398,-1.6325116659989423,3.9889840465642745,8.483636407887394
Montreat-Anderson College,Yes,263,223,103,10,24,316,20,8438,3372,500,2958,42.0,50,11.1,4,11989,15,-1.8180119564571469,-1.7974151380416974,-1.7722654599603764,-1.204141438433242,-2.2187906689819967,-1.5531623993304808,-0.399432688473765,-0.2291945977334828,1.9173214273680312,-1.7212912246169625,-1.7549633934685398,-0.7341609541828268,-1.9198798890972208,0.8439180686922896,0.8479087452471483,Medium,1,1,-1.8180119564571462,-1.7974151380416958,-1.772265459960377,-1.204141438433242,-2.2187906689819963,-1.5531623993304806,-0.3994326884737653,-0.22919459773348455,1.9173214273680315,-1.7212912246169625,-1.7549633934685398,-0.7341609541828271,-1.919879889097221,0.8439180686922494,0.6869027162535193,-0.34649203129021994,0.6125530498969481,3.2188758248682006,8.12355783506165
Moorhead State University,No,2442,2164,1189,12,37,5983,1075,4426,2664,600,1000,,81,18.1,19,4795,60,0.3841324796354727,0.600848923000921,0.9744759554496015,-0.9727316677869278,1.0621180219031379,0.7741724525366295,-1.7808474609993439,0.44960144391101303,-0.38127720198738435,,-0.060091883356808096,1.0179463813154224,-0.16286737272235163,-1.7246919599680892,0.8861588861588862,Low,0,0,0.3841324796354733,0.6008489230009226,0.9744759554496009,-0.9727316677869279,1.0621180219031385,0.7741724525366297,-1.780847460999344,0.4496014439110113,-0.381277201987384,,-0.06009188335680806,1.0179463813154224,-0.16286737272235163,-1.7246919599681294,0.9470914231398609,-1.2845558233198398,-1.6325116659989423,3.6375861597263857,7.887959336599945
Moravian College,Yes,1232,955,303,23,58,1241,485,14990,4730,550,1250,86.0,92,15.2,28,9566,74,-0.25440589504460465,-0.21932245259679228,-0.43302986244091857,-0.053119072030679164,-0.430240142165721,0.23329315280482474,1.116502677554239,0.12366360639712475,0.07669669089682644,0.8519616169825402,0.8746535950171559,0.33141144615172624,0.5357515448375559,0.32421649717572715,0.7751623376623377,Very High,3,1,-0.25440589504460404,-0.21932245259679062,-0.4330298624409193,-0.053119072030679226,-0.43024014216572043,0.233293152804825,1.1165026775542388,0.123663606397123,0.07669669089682678,0.8519616169825402,0.8746535950171559,0.331411446151726,0.535751544837556,0.32421649717568696,0.19206025897226356,1.5296355527690197,0.6125530498969481,4.07753744390572,8.461891875631148
Morehouse College,Yes,3708,1678,722,41,66,2852,153,7050,5490,250,600,71.0,74,17.8,10,8122,83,0.7586031155182641,0.35077187874776283,0.49475945491402457,0.9029060992795955,0.4228600019340756,-0.47892596256981107,-0.81539007164612,-2.669140394993019,-1.4016057553649468,-0.21493899577553588,-0.5579571392876599,0.949019493150806,-1.060970528103861,-0.09428562614258186,0.4525350593311758,Low,0,1,0.7586031155182648,0.3507718787477645,0.49475945491402384,0.9029060992795954,0.42286000193407614,-0.4789259625698108,-0.8153900716461202,-2.6691403949930206,-1.4016057553649466,-0.21493899577553588,-0.5579571392876599,0.949019493150806,-1.0609705281038613,-0.09428562614262206,-2.0025453648068874,-1.2845558233198398,0.6125530498969481,4.204692619390966,8.610865667278873
Morningside College,Yes,586,533,239,16,36,950,228,10520,3678,500,1000,48.0,68,13.0,32,8111,56,-0.9848886661914785,-0.8330510212895699,-0.7088084284580587,-0.5849046607537621,-0.7388440564582319,-0.24179621121322845,0.14730874547157527,-0.2291945977334828,-0.38127720198738435,-1.470371731296988,-0.9283307329438812,-0.22412911641303207,0.8085395078716484,-0.09790909341634721,0.909556313993174,High,2,1,-0.9848886661914779,-0.8330510212895682,-0.7088084284580594,-0.5849046607537622,-0.7388440564582314,-0.2417962112132282,0.147308745471575,-0.22919459773348455,-0.381277201987384,-1.470371731296988,-0.9283307329438812,-0.22412911641303238,0.8085395078716485,-0.09790909341638741,1.1062476078639207,0.5915717607393999,0.6125530498969481,3.6109179126442243,8.210396255104774
Morris College,Yes,882,730,330,2,13,926,12,4515,2550,850,2100,53.0,60,18.6,34,6990,60,-0.5780621872609615,-0.4989843371073561,-0.33624595907368526,-2.839672107326027,-0.7693537765588416,-1.7906089740186033,-1.7426375422051703,1.7915241470302286,1.1711850671596715,-1.236939816910309,-1.3460179845367914,1.1318449162023048,0.9383237733786066,-0.5122181507519814,0.8276643990929705,Low,0,1,-0.5780621872609608,-0.49898433710735446,-0.336245959073686,-2.839672107326027,-0.7693537765588411,-1.790608974018603,-1.7426375422051705,1.7915241470302268,1.1711850671596717,-1.236939816910309,-1.3460179845367914,1.1318449162023048,0.9383237733786067,-0.5122181507520216,0.5491947203596109,-1.2845558233198398,0.6125530498969481,2.6390573296152584,7.844240718141811
Mount Holyoke College,Yes,1800,1314,526,47,79,1891,40,19300,5700,750,750,79.0,91,9.0,51,18359,84,0.10337309901163495,0.1061750063632076,0.17056176327416073,1.1501937769220463,0.020979657316502955,-1.2111897817628987,1.8838544256866507,1.302364971752549,-0.9606431574931019,0.32985855535977965,0.7816568116943878,-1.3393806851395524,1.9107499268195751,1.6671874383742777,0.73,Very High,3,1,0.10337309901163558,0.10617500636320927,0.17056176327416003,1.1501937769220463,0.02097965731650352,-1.2111897817628985,1.8838544256866505,1.3023649717525472,-0.9606431574931016,0.32985855535977965,0.7816568116943878,-1.3393806851395529,1.9107499268195753,1.6671874383742376,-0.11514724291492597,1.5296355527690197,0.6125530498969481,4.382026634673881,8.648396877031582
Mount Marty College,Yes,279,276,126,17,37,600,435,6844,2980,500,500,45.0,55,11.7,38,5073,44,-1.754926579361327,-1.5560260289508392,-1.5049785800313094,-0.4994689411839057,-1.313668369839305,0.1626053268429564,-0.8815958708025662,-0.2291945977334828,-1.7565250573930093,-1.5998234319163254,-1.5654940694465738,-0.5696679314881975,1.1865255105248433,-1.5272630165548016,0.989247311827957,Low,0,1,-1.7549265793613262,-1.5560260289508376,-1.50497858003131,-0.4994689411839058,-1.3136683698393044,0.16260532684295664,-0.8815958708025664,-0.22919459773348455,-1.7565250573930091,-1.5998234319163254,-1.5654940694465738,-0.5696679314881978,1.1865255105248436,-1.5272630165548418,1.6483292102548692,-1.2845558233198398,0.6125530498969481,3.6375861597263857,8.000014093678072
Mount Mary College,Yes,235,217,121,12,32,931,487,8950,3119,550,1125,51.0,51,10.7,26,7016,78,-1.939010881156301,-1.8285491429766048,-1.5580142934065944,-0.9727316677869278,-0.7629186781271848,0.23598171116388988,-0.2574130404925574,0.12366360639712475,-0.1404862061624641,-1.332959544717406,-1.7193887069886764,-0.8457496758226627,0.3918121720690085,-0.5014647257943616,0.9234042553191489,Medium,1,1,-1.9390108811563003,-1.8285491429766032,-1.558014293406595,-0.9727316677869279,-0.7629186781271843,0.23598171116389013,-0.2574130404925577,0.123663606397123,-0.14048620616246377,-1.332959544717406,-1.7193887069886764,-0.8457496758226631,0.39181217206900854,-0.5014647257944018,1.2004453770945605,-0.34649203129021994,0.6125530498969481,3.4965075614664802,8.045588280803528
Mount Mercy College,Yes,368,317,159,20,49,806,542,10500,3555,500,2285,44.0,50,11.3,30,6695,64,-1.4627613637733374,-1.4011305057284629,-1.2065910277498813,-0.2637884142137955,-0.9378525563862268,0.30627321086797704,0.1424118724317926,-0.2291945977334828,1.3533171895563236,-1.641201000258266,-1.7549633934685398,-0.6789541266546215,0.6744919461391042,-0.6387083356340864,0.8614130434782609,Medium,1,1,-1.4627613637733368,-1.4011305057284613,-1.206591027749882,-0.26378841421379556,-0.9378525563862262,0.3062732108679773,0.14241187243179232,-0.22919459773348455,1.3533171895563239,-1.641201000258266,-1.7549633934685398,-0.6789541266546218,0.6744919461391043,-0.6387083356341265,0.7787629240961116,-0.34649203129021994,0.6125530498969481,3.912023005428146,8.176391596633795
Mount Saint Clare College,Yes,325,284,95,16,33,364,88,9900,3650,500,1200,32.0,37,13.6,43,6525,21,-1.5931551764561336,-1.523948775441092,-1.8818309761633154,-0.5849046607537621,-2.008108234925843,-0.7926275114108617,-0.007435867506012867,-0.2291945977334828,-0.007652220075795025,-2.068184531034764,-2.1196483779539492,-0.06921363882471981,1.4783988287579515,-0.7155779285019678,0.8738461538461538,Medium,1,1,-1.593155176456133,-1.5239487754410905,-1.881830976163316,-0.5849046607537622,-2.0081082349258423,-0.7926275114108615,-0.007435867506013141,-0.22919459773348455,-0.0076522200757946955,-2.068184531034764,-2.1196483779539492,-0.06921363882472008,1.4783988287579517,-0.715577928502008,0.8633365970836673,-0.34649203129021994,0.6125530498969481,3.5263605246161616,8.202756381655638
Mount Saint Mary's College,Yes,1321,1159,328,15,36,1243,79,12850,6200,550,900,77.0,82,12.8,36,8536,80,-0.18784379648640645,-0.020995332642557117,-0.34309674714668065,-0.6744109272506593,-0.42843457418823366,-0.8518455715140616,0.6803911120003983,0.12366360639712475,-0.5948985253355604,0.18846094051108306,0.01703484187169807,-0.27638263282096814,1.0642129571506758,0.03681229130161451,0.8773656320968963,High,2,1,-0.18784379648640584,-0.020995332642555452,-0.34309674714668137,-0.6744109272506594,-0.4284345741882331,-0.8518455715140614,0.680391112000398,0.123663606397123,-0.5948985253355601,0.18846094051108306,0.017034841871698108,-0.2763826328209685,1.064212957150676,0.036812291301574304,0.8872771231352794,0.5915717607393999,0.6125530498969481,3.6109179126442243,8.732465848349879
Mount Saint Mary College,Yes,1170,695,238,14,48,1170,429,7470,4600,250,1400,74.0,75,15.3,23,6898,88,-0.3038990065097753,-0.5506922297903214,-0.7137726579415359,-0.7684736752694478,-0.49673720789139514,0.1536363248892522,-0.6842446310366418,-2.669140394993019,0.31220519593736024,-0.01714162821819213,-0.4912534379026085,0.35589122960456665,0.16480222734879074,-0.5507695367467623,0.594017094017094,Low,0,1,-0.3038990065097747,-0.5506922297903197,-0.7137726579415365,-0.7684736752694479,-0.4967372078913946,0.15363632488925244,-0.684244631036642,-2.6691403949930206,0.31220519593736057,-0.01714162821819212,-0.49125343790260845,0.35589122960456643,0.1648022273487908,-0.5507695367468025,-1.04014295856422,-1.2845558233198398,0.6125530498969481,3.8918202981106265,8.434028950155469
Mount St. Mary's College,Yes,657,537,113,37,90,1039,466,12474,5678,630,1278,53.0,71,11.9,19,10613,72,-0.8698747126236684,-0.8250251561367088,-1.6483602351139295,0.7226458157909562,-0.6334019862108408,0.20724118805424357,0.5989305859128776,0.6339700115112425,0.12257708734147962,-1.236939816910309,-0.7494672137091747,-0.5155706906011422,-0.16286737272235163,0.57121250945797,0.817351598173516,High,2,1,-0.8698747126236678,-0.8250251561367071,-1.6483602351139302,0.7226458157909561,-0.6334019862108402,0.20724118805424382,0.5989305859128774,0.6339700115112408,0.12257708734147996,-1.236939816910309,-0.7494672137091747,-0.5155706906011426,-0.16286737272235163,0.5712125094579298,0.4790440157700305,0.5915717607393999,0.6125530498969481,4.51085950651685,8.644530439877432
Mount Union College,Yes,1310,1086,458,26,61,1365,144,12250,3530,400,1150,85.0,87,16.7,35,7215,81,-0.19580567781889344,-0.08734358806928162,0.02383984871169172,0.13799295441079093,-0.32454198313995414,-0.5141529033467143,0.5496316382343792,-1.0385747647777013,-0.09532026063319256,0.7747877474272864,0.4259346495311623,0.6923240948584863,1.001734296309972,-0.42114799828728816,0.8290076335877863,High,2,1,-0.19580567781889283,-0.08734358806927996,0.023839848711691026,0.13799295441079087,-0.3245419831399536,-0.514152903346714,0.549631638234379,-1.038574764777703,-0.09532026063319222,0.7747877474272864,0.42593464953116233,0.6923240948584862,1.0017342963099722,-0.42114799828732835,0.5583317964048392,0.5915717607393999,0.6125530498969481,4.127134385045092,8.169336395928386
Mount Vernon Nazarene College,Yes,510,485,334,18,36,1114,94,7400,3346,600,600,57.0,57,19.8,7,6869,58,-1.1258803468589633,-0.9347132660271309,-0.3226869367651791,-0.41769469988544683,-0.552755053050713,-0.7561123349498996,-0.7057596657603669,0.44960144391101303,-1.4016057553649468,-1.0343401508981573,-1.481398373568703,1.400447168247116,-1.4463049617888242,-0.5630864110405578,0.9509803921568627,Low,0,1,-1.1258803468589627,-0.9347132660271292,-0.32268693676517984,-0.4176946998854469,-0.5527550530507125,-0.7561123349498994,-0.7057596657603671,0.4496014439110113,-1.4016057553649466,-1.0343401508981573,-1.481398373568703,1.400447168247116,-1.4463049617888244,-0.563086411040598,1.3880263693131738,-1.2845558233198398,0.6125530498969481,3.6109179126442243,8.115819701211327
Muhlenberg College,Yes,2519,1836,462,30,61,1656,352,16975,4565,600,850,76.0,86,12.8,39,10888,83,0.4123590373836647,0.4397481696812545,0.033148300375476364,0.3687770077049723,-0.11671956519865996,0.02721611181237335,1.4857875891230328,0.44960144391101303,-0.7100928489390356,0.11906038882416063,0.3410143789166372,-0.27638263282096814,1.2464286943453444,0.6299413831866394,0.7288606589916634,Very High,3,1,0.4123590373836653,0.4397481696812562,0.03314830037547567,0.36877700770497224,-0.11671956519865939,0.027216111812373607,1.4857875891230325,0.4496014439110113,-0.7100928489390352,0.11906038882416065,0.3410143789166373,-0.2763826328209685,1.2464286943453446,0.6299413831865992,-0.12289737550517488,1.5296355527690197,0.6125530498969481,4.127134385045092,8.42639282708974
Murray State University,No,2225,1910,1190,29,55,5968,955,4738,3110,700,940,72.0,76,20.2,27,5972,52,0.29913648334534454,0.47864381098039893,0.9752538185635835,0.3133361961439693,1.0601225176168763,0.6910194270697844,-1.6490231242923845,1.036080707406721,-0.5069333486336862,-0.14987467952129907,-0.4230962065588109,1.4885635714817704,0.4644668707230899,-0.988609633554513,0.8584269662921349,Low,0,0,0.29913648334534515,0.4786438109804006,0.9752538185635828,0.31333619614396924,1.060122517616877,0.6910194270697846,-1.6490231242923847,1.0360807074067193,-0.5069333486336859,-0.14987467952129907,-0.42309620655881086,1.4885635714817704,0.46446687072308995,-0.9886096335545532,0.7584507489458626,-1.2845558233198398,-1.6325116659989423,4.02535169073515,8.042699496897637
Muskingum College,Yes,1109,922,375,24,46,1115,70,13240,3914,600,800,73.0,85,13.4,27,9333,73,-0.35541959601246276,-0.25563281276564054,-0.19365405258009072,0.012544204192919739,-0.5517248463097829,-0.9174876980877469,0.7632467647761073,0.44960144391101303,-0.8317407991744724,-0.08394204211030992,0.25767565625110594,-0.12055104721793379,0.4644668707230899,0.26350460425086814,0.8313796212804329,High,2,1,-0.35541959601246215,-0.2556328127656389,-0.1936540525800914,0.012544204192919675,-0.5517248463097824,-0.9174876980877467,0.7632467647761071,0.4496014439110113,-0.8317407991744721,-0.08394204211030991,0.257675656251106,-0.12055104721793407,0.46446687072308995,0.26350460425082795,0.5744667542321615,0.5915717607393999,0.6125530498969481,3.8501476017100584,8.272570608424903
National-Louis University,Yes,513,347,279,23,48,2508,505,9090,4500,650,500,62.0,65,18.3,2,7905,71,-1.1198984330443544,-1.3008016202407127,-0.5278077443510664,-0.053119072030679164,0.3010145825303664,0.2597408629272588,-0.21951294018390313,0.7526774094232582,-1.7565250573930093,-0.7613493814819632,-1.094880026424442,1.0636508725674954,-2.3293571320628965,-0.16719745956234305,0.6764132553606238,Medium,1,1,-1.1198984330443538,-1.300801620240711,-0.527807744351067,-0.053119072030679226,0.30101458253036695,0.25974086292725906,-0.2195129401839034,0.7526774094232564,-1.7565250573930091,-0.7613493814819632,-1.094880026424442,1.0636508725674954,-2.329357132062897,-0.16719745956238327,-0.4796600384662045,-0.34649203129021994,0.6125530498969481,3.8918202981106265,8.412054873292933
Nazareth College of Rochester,Yes,947,798,266,36,68,1274,471,10850,5150,550,800,77.0,93,13.6,24,8797,61,-0.5085382375766302,-0.40569893405393226,-0.5831604225440965,0.675328745331237,-0.40089300828616137,0.2141884772793757,0.22723878076167214,0.12366360639712475,-0.8317407991744724,0.18846094051108306,0.9692990979140862,-0.06921363882471981,0.2420706033059415,0.11452965754145428,0.8426610348468849,High,2,1,-0.5085382375766295,-0.4056989340539306,-0.5831604225440972,0.6753287453312369,-0.4008930082861608,0.21418847727937596,0.22723878076167187,0.123663606397123,-0.8317407991744721,0.18846094051108306,0.9692990979140862,-0.06921363882472008,0.24207060330594155,0.11452965754141407,0.6512062468912446,0.5915717607393999,0.6125530498969481,4.23410650459726,8.546946149565585
New Jersey Institute of Technology,No,1879,1216,483,27,62,3311,1646,8832,5376,700,1850,92.0,98,13.5,19,12529,72,0.14328635277136292,0.02777617583060613,0.08053884418559284,0.19803987368047105,0.5600881790331139,1.0816436938410687,-0.28966104686054833,1.036080707406721,0.8998829173088259,1.3330771206617404,1.467641878959388,-0.09484535617925974,-0.16286737272235163,0.9381177434833989,0.6471527408195848,Medium,1,0,0.14328635277136353,0.027776175830607795,0.08053884418559215,0.198039873680471,0.5600881790331145,1.081643693841069,-0.2896610468605486,1.0360807074067193,0.8998829173088262,1.3330771206617404,1.467641878959388,-0.09484535617926002,-0.16286737272235163,0.9381177434833587,-0.678698663155967,-0.34649203129021994,-1.6325116659989423,4.143134726391533,8.589885876809678
New Mexico Institute of Mining and Tech.,No,787,601,233,40,73,1017,411,5376,3214,600,1100,99.0,100,13.7,11,9241,34,-0.6902417843019271,-0.7046581335343072,-0.738959994686081,0.8591123720558882,-0.6584133986484774,0.12603424105220834,-1.396243482107757,0.44960144391101303,-0.1865912069727965,1.9334433724427944,1.6789026453905742,-0.043655140683840785,-0.9453261392418362,0.23888457237644373,0.7636594663278272,Low,0,0,-0.6902417843019264,-0.7046581335343055,-0.7389599946860816,0.8591123720558881,-0.6584133986484768,0.1260342410522086,-1.3962434821077572,0.4496014439110113,-0.18659120697279616,1.9334433724427944,1.6789026453905742,-0.04365514068384104,-0.9453261392418363,0.2388845723764035,0.11381434544968615,-1.2845558233198398,-1.6325116659989423,4.30406509320417,8.07558263667172
New York University,Yes,13594,7244,2505,70,86,12408,2814,17748,7262,450,1000,87.0,98,7.8,16,21227,71,1.8531923324207467,1.7304646350144628,1.6260515926943788,1.9228546444162873,1.597886409710886,1.4875334508014404,1.621901635050351,-0.6142542943018506,-0.38127720198738435,0.9299968174778829,1.467641878959388,-1.7100169957075873,-0.43232901744623836,1.9069021322888502,0.5328821538914227,Very High,3,1,1.8531923324207473,1.7304646350144643,1.6260515926943782,1.9228546444162873,1.5978864097108867,1.4875334508014406,1.6219016350503508,-0.6142542943018524,-0.381277201987384,0.9299968174778829,1.467641878959388,-1.710016995707588,-0.4323290174462384,1.90690213228881,-1.4560007995477826,1.5296355527690197,0.6125530498969481,4.465908118654584,8.890548245606167
Newberry College,Yes,872,722,154,14,36,601,36,10194,2600,500,1500,57.0,63,11.4,32,5788,83,-0.5892444638969404,-0.5105660139207476,-1.246947559631307,-0.7684736752694478,-1.311479143516128,-1.264692158327937,0.06671342579414018,-0.2291945977334828,0.45655088669276045,-1.0343401508981573,-1.199238322126377,-0.6514933647702706,0.8085395078716484,-1.0882727843289703,0.8279816513761468,Medium,1,1,-0.5892444638969397,-0.510566013920746,-1.2469475596313078,-0.7684736752694479,-1.3114791435161273,-1.2646921583279367,0.0667134257941399,-0.22919459773348455,0.4565508866927608,-1.0343401508981573,-1.199238322126377,-0.651493364770271,0.8085395078716485,-1.0882727843290105,0.5513527636856955,-0.34649203129021994,0.6125530498969481,3.6109179126442243,7.8636512654486515
Niagara University,Yes,2220,1796,467,65,99,1919,334,10320,4762,450,650,68.0,100,14.2,20,7788,65,0.2970745868425783,0.41801933659658236,0.04465399170657096,1.7730824130587486,0.03598708911959885,-0.005914869171841798,0.0980617514579351,-0.6142542943018506,-1.2442682361696895,-0.4049164499282882,1.6789026453905742,0.08306456636014142,-0.07789767130558382,-0.20780387195287606,0.809009009009009,Medium,1,1,0.2970745868425789,0.418019336596584,0.044653991706570265,1.7730824130587486,0.03598708911959942,-0.005914869171841542,0.09806175145793482,-0.6142542943018524,-1.2442682361696893,-0.4049164499282882,1.6789026453905742,0.08306456636014119,-0.07789767130558381,-0.20780387195291627,0.42229527092734204,-0.34649203129021994,0.6125530498969481,4.605170185988092,8.46863300080086
North Adams State College,No,1563,1005,240,1,19,1380,136,5542,4330,500,1000,65.0,71,14.2,17,6562,57,-0.028697539858578695,-0.16678732302438357,-0.7038680989732606,-3.3612688093227097,-0.31255278187127394,-0.5471730267600206,-1.333739193520609,-0.2291945977334828,-0.38127720198738435,-0.5870586132298377,-0.7494672137091747,0.08306456636014142,-0.33988160333066747,-0.6985862721727822,0.6429942418426103,Low,0,0,-0.028697539858578074,-0.1667873230243819,-0.7038680989732613,-3.3612688093227097,-0.3125527818712734,-0.5471730267600203,-1.3337391935206093,-0.22919459773348455,-0.381277201987384,-0.5870586132298377,-0.7494672137091747,0.08306456636014119,-0.3398816033306675,-0.6985862721728224,-0.7069859961073378,-1.2845558233198398,-1.6325116659989423,2.995732273553991,8.373553741214627
North Carolina A. & T. State University,No,4809,3089,1429,12,33,6162,871,6806,1780,600,1651,72.0,72,16.7,9,7090,44,0.9860229682318564,0.9434485541578087,1.142231590092682,-0.9727316677869278,1.0854704640690527,0.6270083601755231,-0.8939510962294311,0.44960144391101303,0.6584548486502736,-0.14987467952129907,-0.6870519494859656,0.6923240948584863,-1.1823654119674138,-0.4711923484974094,0.6423372842586816,Low,0,0,0.9860229682318571,0.9434485541578104,1.1422315900926814,-0.9727316677869279,1.0854704640690533,0.6270083601755233,-0.8939510962294314,0.4496014439110113,0.6584548486502739,-0.14987467952129907,-0.6870519494859656,0.6923240948584862,-1.182365411967414,-0.47119234849744956,-0.711454814787928,-1.2845558233198398,-1.6325116659989423,3.5263605246161616,7.484930283289661
North Carolina State University at Raleigh,No,10634,7064,3176,39,78,16505,5481,8400,6540,600,1300,92.0,98,17.5,21,9670,62,1.6541376960742733,1.7078890950663916,1.8184138317167609,0.8144962912549331,1.785257225290381,2.02307212187992,-0.4101964618018934,0.44960144391101303,0.15797762148941302,1.3330771206617404,1.467641878959388,0.8796391420415897,0.004942005820180814,0.35058450733727714,0.6642843708858379,Medium,1,0,1.654137696074274,1.7078890950663932,1.8184138317167602,0.814496291254933,1.7852572252903816,2.0230721218799204,-0.4101964618018937,0.4496014439110113,0.15797762148941336,1.3330771206617404,1.467641878959388,0.8796391420415897,0.004942005820180843,0.35058450733723695,-0.5621642774636598,-0.34649203129021994,-1.6325116659989423,4.3694478524670215,8.785845337961213
North Carolina Wesleyan College,Yes,812,689,195,7,24,646,84,8242,4230,600,1295,77.0,77,12.7,11,10090,52,-0.6593666169243532,-0.5598355123212697,-0.9534237636293776,-1.6267810138219472,-1.2173203479373083,-0.8182388420878753,-0.4552973717633608,0.44960144391101303,0.1499810231396615,0.18846094051108306,-0.35347352257287784,-0.3026284411960633,-0.9453261392418362,0.4527750480063785,0.8485221674876847,Medium,1,1,-0.6593666169243525,-0.559835512321268,-0.9534237636293783,-1.6267810138219472,-1.2173203479373076,-0.8182388420878751,-0.4552973717633611,0.4496014439110113,0.14998102313966183,0.18846094051108306,-0.3534735225728778,-0.30262844119606364,-0.9453261392418363,0.45277504800633833,0.6910753947257052,-0.34649203129021994,0.6125530498969481,3.2188758248682006,8.350193650720067
North Central College,Yes,1127,884,308,30,64,1310,766,11718,7398,450,1800,73.0,87,16.4,33,8871,76,-0.3399066933248399,-0.299206712626628,-0.4143740765445859,0.3687770077049723,-0.369916637404251,0.5386644382875547,0.4301245042866015,-0.6142542943018506,0.8415717373291548,-0.08394204211030992,0.4259346495311623,0.6211848125226329,0.8739402524684261,0.13592047314028685,0.7843833185448092,High,2,1,-0.3399066933248393,-0.29920671262662635,-0.41437407654458663,0.36877700770497224,-0.36991663740425046,0.538664438287555,0.4301245042866012,-0.6142542943018524,0.8415717373291551,-0.08394204211030991,0.42593464953116233,0.6211848125226328,0.8739402524684262,0.13592047314024663,0.25478408259346536,0.5915717607393999,0.6125530498969481,4.174387269895637,8.90910013492555
North Dakota State University,No,2968,2297,1610,13,47,7368,1128,5834,2744,600,2000,79.0,83,17.0,24,6310,42,0.5604420603138858,0.6588570808829899,1.248540472300957,-0.8676768730139961,1.2238834011408197,0.8082604696171843,-1.2267120141059193,0.44960144391101303,1.0664517667212474,0.32985855535977965,0.09569733284866454,0.7629678950964552,0.2420706033059415,-0.8173371527370114,0.773921832884097,Low,0,0,0.5604420603138864,0.6588570808829916,1.2485404723009563,-0.8676768730139962,1.2238834011408204,0.8082604696171846,-1.2267120141059196,0.4496014439110113,1.0664517667212476,0.32985855535977965,0.09569733284866458,0.7629678950964552,0.24207060330594155,-0.8173371527370515,0.18362198066940585,-1.2845558233198398,-1.6325116659989423,3.871201010907891,7.917536353943631
North Park College,Yes,465,361,176,19,39,879,156,12580,4345,400,970,76.0,79,13.1,24,10889,74,-1.2204306503346198,-1.2571122555565248,-1.0795968542171843,-0.3392340437249904,-0.8319934696566976,-0.4675980676605612,0.6220569582239497,-1.0385747647777013,-0.443205551856596,0.11906038882416063,-0.20978440474634713,-0.19811971128459815,0.2420706033059415,0.6301507601355214,0.7763440860215054,High,2,1,-1.2204306503346192,-1.2571122555565233,-1.079596854217185,-0.33923404372499044,-0.8319934696566971,-0.46759806766056095,0.6220569582239495,-1.038574764777703,-0.44320555185659566,0.11906038882416065,-0.2097844047463471,-0.19811971128459846,0.24207060330594155,0.6301507601354812,0.20009885883380166,0.5915717607393999,0.6125530498969481,3.6888794541139363,8.377011160816375
Northeast Missouri State University,No,6040,4577,1620,36,72,5640,266,4856,3416,400,1100,69.0,72,15.7,13,6601,76,1.181872466893867,1.3122847396697337,1.2540071147372311,0.675328745331237,1.0148945562698897,-0.14762845649391362,-1.6006548393595166,-1.0385747647777013,-0.1865912069727965,-0.34246044604151626,-0.6870519494859656,0.45319423592896574,-0.7285459157740776,-0.6808353813309567,0.7577814569536424,Low,0,0,1.1818724668938676,1.3122847396697352,1.2540071147372305,0.6753287453312369,1.0148945562698903,-0.14762845649391337,-1.6006548393595168,-1.038574764777703,-0.18659120697279616,-0.34246044604151626,-0.6870519494859656,0.45319423592896557,-0.7285459157740777,-0.6808353813309969,0.07383039711171765,-1.2845558233198398,-1.6325116659989423,4.290459441148391,8.136518252115291
Northeastern University,Yes,11901,8492,2517,16,42,11160,10221,13380,7425,600,1750,73.0,82,12.9,17,9563,46,1.745822556678413,1.8721718123641244,1.6299945253589476,-0.5849046607537621,1.5252359346605333,2.5565749719739888,0.7925984055207709,0.44960144391101303,0.781741083845562,-0.08394204211030992,0.01703484187169807,-0.2502164766951095,-0.33988160333066747,0.32344932414554367,0.7135534829005966,High,2,1,1.7458225566784136,1.872171812364126,1.629994525358947,-0.5849046607537622,1.525235934660534,2.556574971973989,0.7925984055207707,0.4496014439110113,0.7817410838455623,-0.08394204211030991,0.017034841871698108,-0.2502164766951098,-0.3398816033306675,0.3234493241455035,-0.2270212887322241,0.5915717607393999,0.6125530498969481,3.7612001156935624,8.912742634737025
Northern Arizona University,No,5891,4931,1973,23,48,11249,2682,6746,3728,620,2342,78.0,83,21.7,7,6157,41,1.1605665458526926,1.3810440711640897,1.4253575507046292,-0.053119072030679164,1.5307384634333845,1.4502857346707396,-0.9135519513977952,0.5733801283497844,1.4066848534325738,0.25872716535248275,0.09569733284866454,1.8131223769503049,-1.4463049617888242,-0.8930685147799067,0.8370395518587677,Low,0,0,1.1605665458526933,1.3810440711640912,1.4253575507046286,-0.053119072030679226,1.5307384634333852,1.4502857346707398,-0.9135519513977954,0.5733801283497826,1.406684853432574,0.25872716535248275,0.09569733284866458,1.813122376950305,-1.4463049617888244,-0.8930685147799469,0.6129672664692677,-1.2845558233198398,-1.6325116659989423,3.8918202981106265,8.22389538017882
Northern Illinois University,No,10706,7219,2397,12,37,14826,1979,7799,3296,470,1750,73.0,78,17.3,11,6086,56,1.6596550505598737,1.7273652347162232,1.5895541009422456,-0.9727316677869278,1.7161752868027162,1.2186775488287007,-0.5848598009901799,-0.45596272590866344,0.781741083845562,-0.08394204211030992,-0.28237352323745246,0.8331283184580436,-0.9453261392418362,-0.9292056824217575,0.6742947879693629,Medium,1,0,1.6596550505598744,1.7273652347162247,1.589554100942245,-0.9727316677869279,1.716175286802717,1.218677548828701,-0.5848598009901801,-0.45596272590866516,0.7817410838455623,-0.08394204211030991,-0.2823735232374524,0.8331283184580436,-0.9453261392418363,-0.9292056824217977,-0.49407047664955506,-0.34649203129021994,-1.6325116659989423,3.6375861597263857,8.10076824307173
Northwest Missouri State University,No,2729,2535,1257,8,29,4787,472,3735,3136,250,1630,62.0,65,21.7,23,5284,54,0.48487000768861377,0.7542171396693662,1.025719413346419,-1.4730544512765091,0.8804819321715971,0.21556995474047796,-2.096250590745348,-2.669140394993019,0.631425288087214,-0.7613493814819632,-1.094880026424442,1.8131223769503049,0.16480222734879074,-1.3882216068549986,0.9289116892634665,Low,0,0,0.4848700076886144,0.7542171396693679,1.0257194133464183,-1.4730544512765091,0.8804819321715976,0.21556995474047821,-2.0962505907453486,-2.6691403949930206,0.6314252880872143,-0.7613493814819632,-1.094880026424442,1.813122376950305,0.1648022273487908,-1.3882216068550388,1.2379085623816553,-1.2845558233198398,-1.6325116659989423,3.4011973816621555,8.051022208190679
Northwest Nazarene College,Yes,616,514,385,29,52,1115,60,9840,2820,450,822,59.0,59,14.8,20,6261,58,-0.9345601103576885,-0.8720744829558998,-0.16464391628379804,0.3133361961439693,-0.5517248463097829,-1.000017635415509,-0.02274554130217709,-0.6142542943018506,-0.7773725994777065,-0.9277718533150182,-1.392393977623881,0.23285911367621054,-0.07789767130558382,-0.841280087760175,0.8344155844155844,Medium,1,1,-0.9345601103576878,-0.8720744829558982,-0.16464391628379874,0.31333619614396924,-0.5517248463097824,-1.0000176354155088,-0.022745541302177364,-0.6142542943018524,-0.7773725994777062,-0.9277718533150182,-1.392393977623881,0.23285911367621034,-0.07789767130558381,-0.8412800877602152,0.5951182682778857,-0.34649203129021994,0.6125530498969481,3.970291913552122,7.944846711001996
Northwestern College,Yes,860,811,366,22,56,1040,52,9900,3075,300,1800,68.0,68,14.9,34,6357,68,-0.6028462066853549,-0.3888350771359906,-0.22053657570559232,-0.12094221917214974,-0.6322804739620876,-1.0755146028246898,-0.007435867506012867,-2.0483080694901465,0.8415717373291548,-0.4049164499282882,-0.9283307329438812,0.2575933508983325,0.9383237733786066,-0.7946393967190328,0.9430232558139535,Medium,1,1,-0.6028462066853543,-0.3888350771359889,-0.220536575705593,-0.12094221917214981,-0.6322804739620871,-1.0755146028246896,-0.007435867506013141,-2.0483080694901483,0.8415717373291551,-0.4049164499282882,-0.9283307329438812,0.2575933508983323,0.9383237733786067,-0.794639396719073,1.333899587914977,-0.34649203129021994,0.6125530498969481,4.04305126783455,8.031385330625534
Northwestern University,Yes,12289,5200,1902,85,98,7450,45,16404,5520,759,1585,96.0,100,6.8,25,26385,92,1.7718161746322694,1.4298532965318849,1.3938918606031245,2.328985093693537,1.2322770374235155,-1.1507160945452133,1.3826050488587693,1.348644734075997,0.5724019852310975,1.6710005215479578,1.6789026453905742,-2.0362031633689686,0.3177088594568356,2.232585516876774,0.4231426478964928,Very High,3,1,1.77181617463227,1.4298532965318864,1.3938918606031239,2.328985093693537,1.2322770374235161,-1.150716094545213,1.3826050488587691,1.3486447340759953,0.5724019852310979,1.6710005215479578,1.6789026453905742,-2.0362031633689694,0.31770885945683564,2.2325855168767337,-2.202481190954777,1.5296355527690197,0.6125530498969481,4.59511985013459,8.616314282284044
Norwich University,Yes,1743,1625,626,8,29,1862,382,14134,5270,500,800,71.0,74,13.1,22,9209,63,0.07338966804017792,0.3189032360405013,0.35066623008694914,-1.4730544512765091,0.005147973043358322,0.07918403546691355,0.9473048279223203,-0.2291945977334828,-0.8317407991744724,-0.21493899577553588,-0.5579571392876599,-0.19811971128459815,0.08579839053769144,0.2302322746314767,0.9323006310958118,Very High,3,1,0.07338966804017855,0.31890323604050297,0.3506662300869484,-1.4730544512765091,0.0051479730433588895,0.0791840354669138,0.9473048279223201,-0.22919459773348455,-0.8317407991744721,-0.21493899577553588,-0.5579571392876599,-0.19811971128459846,0.08579839053769148,0.23023227463143647,1.2609611413278519,1.5296355527690197,0.6125530498969481,3.4011973816621555,8.569975376855206
Notre Dame College,Yes,379,324,107,15,37,500,311,9990,4900,400,600,44.0,47,12.1,26,4948,33,-1.4320261129623757,-1.3768384826711502,-1.7211042660661955,-0.6744109272506593,-1.558246388907632,-0.05067400576780651,0.015414767758354089,-1.0385747647777013,-1.4016057553649468,-1.641201000258266,-1.854952083311673,-0.4618260365186871,0.3918121720690085,-1.6139170936026428,0.8548812664907651,Medium,1,1,-1.432026112962375,-1.3768384826711486,-1.7211042660661962,-0.6744109272506594,-1.5582463889076312,-0.05067400576780625,0.015414767758353815,-1.038574764777703,-1.4016057553649466,-1.641201000258266,-1.854952083311673,-0.4618260365186875,0.39181217206900854,-1.613917093602683,0.7343318561957851,-0.34649203129021994,0.6125530498969481,3.6375861597263857,8.497194544909547
Oakland University,No,3041,2581,1173,16,56,6441,3982,9114,4030,400,650,88.0,90,19.7,13,6637,53,0.5822284608944138,0.7715413026086829,0.9619265318804608,-0.5849046607537621,1.1202673821558295,1.7620138884653844,-0.2130543614146971,-1.0385747647777013,-1.2442682361696895,1.0088928960519896,0.6902976719925955,1.378310185059992,-0.7285459157740776,-0.6645929172857235,0.8487339690891155,Medium,1,0,0.5822284608944145,0.7715413026086846,0.9619265318804602,-0.5849046607537622,1.1202673821558302,1.7620138884653846,-0.21305436141469739,-1.038574764777703,-1.2442682361696893,1.0088928960519896,0.6902976719925955,1.378310185059992,-0.7285459157740777,-0.6645929172857636,0.6925161315041627,-0.34649203129021994,-1.6325116659989423,4.04305126783455,8.301769763117166
Oberlin College,Yes,4778,2767,678,50,89,2587,120,19670,5820,575,1119,77.0,96,10.1,47,16593,83,0.9804181849709411,0.8383749507313241,0.4316450364297553,1.2651043449994013,0.33072841973188627,-0.6188310905150493,1.9442453259620027,0.2897201331165887,-0.15146424351859833,0.18846094051108306,1.2632379969775114,-1.0162263075553521,1.6993805009224885,1.4886487505922559,0.5791125994139807,Very High,3,1,0.9804181849709418,0.8383749507313257,0.4316450364297546,1.2651043449994013,0.3307284197318868,-0.618831090515049,1.9442453259620025,0.28972013311658695,-0.151464243518598,0.18846094051108306,1.2632379969775114,-1.0162263075553526,1.6993805009224887,1.4886487505922157,-1.1415277138917084,1.5296355527690197,0.6125530498969481,4.499809670330265,8.669227347271736
Occidental College,Yes,2324,1319,370,52,81,1686,35,16560,5140,558,1152,91.0,93,10.5,30,16196,79,0.3389685687368429,0.1100057639074099,-0.2084957069868163,1.3388902885586311,-0.09785464923877887,-1.2789032854925575,1.4110262795548678,0.1775048400609377,-0.09174636910501384,1.2507419520369065,0.9692990979140862,-0.9021518855480517,0.6744919461391042,1.4444266857341659,0.5675559380378657,Very High,3,1,0.3389685687368435,0.11000576390741157,-0.208495706986817,1.3388902885586311,-0.0978546492387783,-1.2789032854925573,1.4110262795548676,0.17750484006093595,-0.0917463691050135,1.2507419520369065,0.9692990979140862,-0.9021518855480521,0.6744919461391043,1.4444266857341257,-1.2201395230955787,1.5296355527690197,0.6125530498969481,4.406719247264253,8.545002892055505
Oglethorpe University,Yes,792,649,186,56,87,769,377,12900,4340,600,4110,91.0,95,13.1,27,8568,67,-0.683983350223143,-0.623054330104206,-1.0113347037556053,1.4803479884652577,-0.9960743700299987,0.07078414185244954,0.6911051395485793,0.44960144391101303,2.6517364736289113,1.2507419520369065,1.1635803366973685,-0.19811971128459815,0.4644668707230899,0.046536916303246495,0.8194444444444444,High,2,1,-0.6839833502231424,-0.6230543301042043,-1.011334703755606,1.4803479884652577,-0.9960743700299981,0.07078414185244979,0.6911051395485791,0.4496014439110113,2.6517364736289117,1.2507419520369065,1.1635803366973685,-0.19811971128459846,0.46446687072308995,0.04653691630320629,0.4932801715583525,0.5915717607393999,0.6125530498969481,4.477336814478207,8.375860015299594
Ohio Northern University,Yes,2936,2342,669,35,62,2502,66,15990,4080,600,825,73.0,78,14.5,31,9979,83,0.5507099612573031,0.6776742895006215,0.41815290080248924,0.6270233788095004,0.29871132648458665,-0.9491384422820587,1.3063082494435967,0.44960144391101303,-0.7700634021766275,-0.08394204211030992,-0.28237352323745246,0.15826329784626644,0.7420738904172537,0.42641347989232603,0.797683923705722,Very High,3,1,0.5507099612573038,0.6776742895006231,0.4181529008024885,0.6270233788095003,0.2987113264845872,-0.9491384422820585,1.3063082494435965,0.4496014439110113,-0.7700634021766272,-0.08394204211030991,-0.2823735232374524,0.15826329784626622,0.7420738904172538,0.42641347989228584,0.34525871027154875,1.5296355527690197,0.6125530498969481,4.143134726391533,8.314097335405807
Ohio University,No,11023,8298,3183,21,54,14861,1310,7629,4095,550,2300,79.0,87,20.4,13,8811,64,1.6834822982041728,1.851665547070755,1.8201656750955622,-0.1910995085854955,1.7177111480100535,0.9152518309651748,-0.6358621845925833,0.12366360639712475,1.3674797931781004,0.32985855535977965,0.4259346495311623,1.532367010249284,-0.7285459157740776,0.11859781231464181,0.7527896217000817,Medium,1,0,1.6834822982041735,1.8516655470707566,1.8201656750955615,-0.19109950858549554,1.7177111480100542,0.915251830965175,-0.6358621845925835,0.123663606397123,1.3674797931781006,0.32985855535977965,0.42593464953116233,1.5323670102492841,-0.7285459157740777,0.1185978123146016,0.03987446574376157,-0.34649203129021994,-1.6325116659989423,4.007333185232471,8.317766166719343
Ohio Wesleyan University,Yes,2190,1700,458,36,65,1780,48,16732,5650,550,550,93.0,93,12.1,32,12011,75,0.28459763918774733,0.36368557075564245,0.02383984871169172,0.675328745331237,-0.041295405480533266,-1.117280187767305,1.44215936800973,0.12366360639712475,-1.5715860923599767,1.4162709817701533,0.9692990979140862,-0.4618260365186871,0.8085395078716484,0.8478830787309943,0.776255707762557,Very High,3,1,0.28459763918774794,0.3636855707556441,0.023839848711691026,0.6753287453312369,-0.0412954054805327,-1.1172801877673049,1.4421593680097298,0.123663606397123,-1.5715860923599765,1.4162709817701533,0.9692990979140862,-0.4618260365186875,0.8085395078716485,0.8478830787309541,0.19949768392661107,1.5296355527690197,0.6125530498969481,4.189654742026425,8.639587799629844
Oklahoma Baptist University,Yes,758,681,484,35,59,1707,705,5390,3140,515,1290,63.0,71,15.1,18,5511,50,-0.7274030357673339,-0.5721598688458475,0.08273597384868624,0.6270233788095004,-0.08489100248516802,0.48218803881857747,-1.3909234819232947,-0.12022466278968705,0.14195578645591098,-0.7041258620108916,-0.7494672137091747,0.3068689253343478,-0.2501326836602141,-1.2478916300693557,0.8984168865435356,Low,0,1,-0.7274030357673332,-0.5721598688458458,0.08273597384868554,0.6270233788095003,-0.08489100248516745,0.48218803881857775,-1.390923481923295,-0.1202246627896888,0.1419557864559113,-0.7041258620108916,-0.7494672137091747,0.30686892533434756,-0.25013268366021413,-1.2478916300693959,1.0304739465259507,-1.2845558233198398,0.6125530498969481,4.0943445622221,8.052296499538647
Oklahoma Christian University,Yes,776,765,351,22,44,1419,228,6400,3150,500,1900,58.0,64,16.2,8,6578,45,-0.7041618001642567,-0.44986175332134654,-0.2670805907577139,-0.12094221917214974,-0.28211010117224,-0.24179621121322845,-1.0288789635676352,-0.2291945977334828,0.956752752043269,-0.9814944542822377,-1.1477182127095475,0.5734771392100787,-1.3104191724516414,-0.6912842205744246,0.9858247422680413,Low,0,1,-0.704161800164256,-0.44986175332134487,-0.2670805907577146,-0.12094221917214981,-0.28211010117223945,-0.2417962112132282,-1.0288789635676354,-0.22919459773348455,0.9567527520432694,-0.9814944542822377,-1.1477182127095475,0.5734771392100786,-1.3104191724516416,-0.6912842205744648,1.6250478856166704,-1.2845558233198398,0.6125530498969481,3.8066624897703196,8.055475141757274
Oklahoma State University,No,4522,3913,2181,29,57,12830,1658,5336,3344,800,3100,84.0,92,15.3,14,6433,48,0.9325862788248893,1.1664571705668334,1.5105116813642911,0.3133361961439693,1.6204599530494332,1.086999257554847,-1.4114938112785376,1.5536080205663902,2.0209274850356964,0.6984756672128422,0.8746535950171559,0.35589122960456665,-0.6263490666426472,-0.7584791088066984,0.8653250773993808,Low,0,0,0.93258627882489,1.166457170566835,1.5105116813642905,0.31333619614396924,1.620459953049434,1.0869992575548473,-1.4114938112785378,1.5536080205663885,2.020927485035697,0.6984756672128422,0.8746535950171559,0.35589122960456643,-0.6263490666426473,-0.7584791088067386,0.8053737292583836,-1.2845558233198398,-1.6325116659989423,4.060443010546419,8.11522197256233
Otterbein College,Yes,1496,1205,428,26,57,1648,936,12888,4440,420,840,62.0,68,13.9,30,8802,87,-0.06995955266305678,0.01855709426768175,-0.0491067053906913,0.13799295441079093,-0.12182065199204371,0.6769980867983897,0.6885362644273548,-0.8635857353809032,-0.733882541184687,-0.7613493814819632,-0.9283307329438812,0.007245150469287423,0.6744919461391042,0.1159837155745499,0.80548128342246,High,2,1,-0.06995955266305616,0.018557094267683417,-0.04910670539069199,0.13799295441079087,-0.12182065199204314,0.6769980867983899,0.6885362644273546,-0.863585735380905,-0.7338825411846867,-0.7613493814819632,-0.9283307329438812,0.007245150469287173,0.6744919461391043,0.11598371557450969,0.3982986440722399,0.5915717607393999,0.6125530498969481,4.060443010546419,8.398634855292102
Ouachita Baptist University,Yes,910,773,450,31,73,1310,61,6530,2800,500,1500,63.0,67,13.3,10,6413,65,-0.5474611200147484,-0.4389711294139181,0.004938412362080209,0.42285937607467217,-0.369916637404251,-0.9912281496306629,-0.9850785240587809,-0.2291945977334828,0.45655088669276045,-0.7041258620108916,-0.9851988400469104,-0.1463314798823474,-1.060970528103861,-0.7679308655684332,0.8494505494505494,Low,0,1,-0.5474611200147478,-0.4389711294139164,0.0049384123620795145,0.4228593760746721,-0.36991663740425046,-0.9912281496306626,-0.9850785240587812,-0.22919459773348455,0.4565508866927608,-0.7041258620108916,-0.9851988400469104,-0.14633147988234768,-1.0609705281038613,-0.7679308655684733,0.6973905218509036,-1.2845558233198398,0.6125530498969481,4.30406509320417,7.937731775260109
Our Lady of the Lake University,Yes,2308,1336,295,22,46,1202,942,8530,3644,616,1576,56.0,64,14.9,25,7114,37,0.3326558057246569,0.12291516106175518,-0.4636302335001798,-0.12094221917214974,-0.46617441422578015,0.6814533752195652,-0.3735042485964829,0.5489055382844905,0.5604113931552523,-1.0863082490971052,-1.1477182127095475,0.2575933508983325,0.3177088594568356,-0.4614787189479588,0.5788561525129983,Medium,1,1,0.3326558057246575,0.12291516106175684,-0.4636302335001805,-0.12094221917214981,-0.4661744142257796,0.6814533752195654,-0.3735042485964832,0.5489055382844887,0.5604113931552527,-1.0863082490971052,-1.1477182127095475,0.2575933508983323,0.31770885945683564,-0.46147871894799897,-1.1432721411267768,-0.34649203129021994,0.6125530498969481,3.8501476017100584,8.201111644442758
Pace University,Yes,8256,3750,1522,37,70,5809,4379,11000,5160,660,1115,90.0,95,13.8,10,10059,62,1.4452112710543799,1.1265972104470652,1.198677597356468,0.7226458157909562,1.0385868662355267,1.8388062589232614,0.26304304288094843,0.8108422001480808,-0.1588132543878092,1.1692659029158703,1.1635803366973685,-0.018169120424499485,-1.060970528103861,0.44545797936702314,0.45421511627906974,High,2,1,1.4452112710543805,1.1265972104470667,1.1986775973564674,0.7226458157909561,1.0385868662355273,1.8388062589232617,0.26304304288094815,0.8108422001480791,-0.15881325438780886,1.1692659029158703,1.1635803366973685,-0.018169120424499738,-1.0609705281038613,0.44545797936698295,-1.9911171233848068,0.5915717607393999,0.6125530498969481,4.2626798770413155,8.548885638148727
Pacific Lutheran University,Yes,1603,1392,504,31,68,2580,302,13312,4488,600,1516,78.0,78,11.0,23,9431,83,-0.004958337490483793,0.16423050667470254,0.1256102869210365,0.42285937607467217,0.3281404783037218,-0.06900478214199397,0.7783672242636009,0.44960144391101303,0.47881486221006797,0.25872716535248275,-0.28237352323745246,-0.761909398547313,0.16480222734879074,0.2893218839079174,0.8683718028696195,High,2,1,-0.004958337490483171,0.1642305066747042,0.12561028692103582,0.4228593760746721,0.32814047830372234,-0.06900478214199372,0.7783672242636007,0.4496014439110113,0.4788148622100683,0.25872716535248275,-0.2823735232374524,-0.7619093985473134,0.1648022273487908,0.2893218839078772,0.8260984518723025,0.5915717607393999,0.6125530498969481,4.23410650459726,8.409385238781931
Pacific Union College,Yes,940,668,385,20,48,1316,139,11925,3825,630,1926,48.0,87,12.3,12,9157,69,-0.5157754807972291,-0.5925208946392506,-0.16464391628379804,-0.2637884142137955,-0.3648548132680998,-0.5345902777664516,0.4770398521241707,0.6339700115112425,0.9857796287839332,-1.470371731296988,0.4259346495311623,-0.4084258992712101,-0.8347120424139982,0.21607293964752927,0.7106382978723405,High,2,1,-0.5157754807972285,-0.592520894639249,-0.16464391628379874,-0.26378841421379556,-0.36485481326809927,-0.5345902777664514,0.47703985212417044,0.6339700115112408,0.9857796287839335,-1.470371731296988,0.42593464953116233,-0.4084258992712105,-0.8347120424139983,0.21607293964748905,-0.24685123457704145,0.5915717607393999,0.6125530498969481,3.8918202981106265,8.249575150000199
Pacific University,Yes,943,849,288,41,71,1041,35,14210,3994,450,1100,76.0,76,10.9,22,11216,42,-0.5126667492758132,-0.3411501361785807,-0.49120131495986397,0.9029060992795955,-0.6311602754168675,-1.2789032854925575,0.9625950037563699,-0.6142542943018506,-0.1865912069727965,0.11906038882416063,-0.4230962065588109,-0.7897561588604067,0.08579839053769144,0.6970660064402734,0.9003181336161188,Very High,3,1,-0.5126667492758126,-0.34115013617857903,-0.4912013149598647,0.9029060992795954,-0.6311602754168669,-1.2789032854925573,0.9625950037563696,-0.6142542943018524,-0.18659120697279616,0.11906038882416065,-0.42309620655881086,-0.7897561588604072,0.08579839053769148,0.6970660064402332,1.043406788222622,1.5296355527690197,0.6125530498969481,4.276666119016055,8.292798858200374
Pembroke State University,No,944,774,440,14,34,2174,529,6360,2760,550,1498,77.0,77,15.0,5,6443,48,-0.5116328625522548,-0.43761828060055347,-0.01924087892737898,-0.7684736752694478,0.1614484026985064,0.2902595832078523,-1.0424734859036977,0.12366360639712475,0.4537524452470541,0.18846094051108306,-0.35347352257287784,0.282263089279496,-1.7484034481882336,-0.7537702079521837,0.8199152542372882,Low,0,0,-0.5116328625522542,-0.4376182806005518,-0.019240878927379673,-0.7684736752694479,0.16144840269850697,0.29025958320785256,-1.042473485903698,0.123663606397123,0.45375244524705444,0.18846094051108306,-0.3534735225728778,0.2822630892794958,-1.7484034481882338,-0.7537702079522239,0.496482758222598,-1.2845558233198398,-1.6325116659989423,3.5553480614894135,7.923348211930154
Pennsylvania State Univ. Main Campus,No,19315,10344,3450,48,93,28938,2025,10645,4060,512,2394,77.0,96,18.1,19,8992,63,2.1317976993666155,2.0458987280315384,1.8838551542076258,1.1890885687490678,2.1215012615845956,1.235943436070582,0.17777648132971624,-0.1417953924292049,1.454332315240158,0.18846094051108306,1.2632379969775114,1.0179463813154224,-0.16286737272235163,0.170310827182809,0.5355423246181724,High,2,0,2.131797699366616,2.04589872803154,1.8838551542076252,1.1890885687490678,2.121501261584596,1.2359434360705823,0.17777648132971596,-0.14179539242920663,1.4543323152401582,0.18846094051108306,1.2632379969775114,1.0179463813154224,-0.16286737272235163,0.17031082718276877,-1.437905535975106,0.5915717607393999,-1.6325116659989423,4.543294782270004,8.309184527686298
Pepperdine University,Yes,3821,2037,680,86,96,2488,625,18200,6770,500,700,95.0,98,11.6,13,16185,66,0.7850815367837308,0.5417841525873195,0.43461524159518944,2.354101083761265,0.293310779140834,0.40103590338053213,1.6996951338517094,-0.2291945977334828,-1.0977621251583494,1.5852330973790323,1.467641878959388,-0.5968513837520442,-0.7285459157740776,1.4431776157179133,0.5331065166186862,Very High,3,1,0.7850815367837315,0.5417841525873212,0.4346152415951887,2.354101083761265,0.29331077914083453,0.4010359033805324,1.6996951338517092,-0.22919459773348455,-1.0977621251583491,1.5852330973790323,1.467641878959388,-0.5968513837520445,-0.7285459157740777,1.443177615717873,-1.454474618297499,1.5296355527690197,0.6125530498969481,4.574710978503383,8.820404065485645
Peru State College,No,701,501,458,10,40,959,457,2580,2624,500,900,48.0,100,20.1,24,4870,44,-0.8051063283804659,-0.8996740399058225,0.02383984871169172,-1.204141438433242,-0.7276442458726137,0.1945650196537428,-2.7232092507461854,-0.2291945977334828,-0.5948985253355604,-1.470371731296988,1.6789026453905742,1.4665986012512737,0.2420706033059415,-1.6697198684887762,0.7146932952924394,Low,0,0,-0.8051063283804653,-0.8996740399058208,0.023839848711691026,-1.204141438433242,-0.7276442458726131,0.19456501965374304,-2.723209250746186,-0.22919459773348455,-0.5948985253355601,-1.470371731296988,1.6789026453905742,1.4665986012512737,0.24207060330594155,-1.6697198684888164,-0.2192679496527438,-1.2845558233198398,-1.6325116659989423,3.713572066704308,7.872836175025724
Pfeiffer College,Yes,838,651,159,11,25,654,162,8640,3700,400,1915,62.0,62,12.2,13,7634,48,-0.6283199062642019,-0.6197955744359059,-1.2065910277498813,-1.0845174670653988,-1.2014181888893443,-0.44551928585790695,-0.34274287756054267,-1.0385747647777013,0.9735435765184449,-0.7613493814819632,-1.2494530951634284,-0.43508339525120426,-0.7285459157740776,-0.2627086709293968,0.7768496420047732,Medium,1,1,-0.6283199062642012,-0.6197955744359043,-1.206591027749882,-1.0845174670653988,-1.2014181888893436,-0.4455192858579067,-0.34274287756054295,-1.038574764777703,0.9735435765184453,-0.7613493814819632,-1.2494530951634284,-0.43508339525120465,-0.7285459157740777,-0.262708670929437,0.2035377993032928,-0.34649203129021994,0.6125530498969481,3.258096538021482,8.216358332386156
Philadelphia Coll. of Textiles and Sci.,Yes,1538,1259,468,19,42,1664,1042,11690,5062,600,1664,48.0,80,12.9,15,8028,68,-0.04386789039106693,0.06297801970245233,0.04693807982132777,-0.3392340437249904,-0.1116484284915398,0.752174465758969,0.4237367718403794,0.44960144391101303,0.675028347605611,-1.470371731296988,-0.1356944211524122,-0.2502164766951095,-0.5277223848834107,-0.12549626589483603,0.8185955786736021,High,2,1,-0.043867890391066304,0.062978019702454,0.046938079821327076,-0.33923404372499044,-0.11164842849153923,0.7521744657589692,0.4237367718403791,0.4496014439110113,0.6750283476056114,-1.470371731296988,-0.13569442115241218,-0.2502164766951098,-0.5277223848834108,-0.12549626589487625,0.4875059369550033,0.5915717607393999,0.6125530498969481,3.7612001156935624,8.529714471969909
Phillips University,Yes,692,576,174,19,50,597,83,10500,3860,600,940,58.0,64,11.6,19,8990,39,-0.8179928307605432,-0.7499673188375232,-1.0937862971100665,-0.3392340437249904,-1.3202628273561652,-0.8248132324389376,0.1424118724317926,0.44960144391101303,-0.5069333486336862,-0.9814944542822377,-1.1477182127095475,-0.5968513837520442,-0.16286737272235163,0.16974819996112464,0.8323699421965318,Medium,1,1,-0.8179928307605425,-0.7499673188375215,-1.0937862971100671,-0.33923404372499044,-1.3202628273561645,-0.8248132324389373,0.14241187243179232,0.4496014439110113,-0.5069333486336859,-0.9814944542822377,-1.1477182127095475,-0.5968513837520445,-0.16286737272235163,0.16974819996108442,0.581203208331948,-0.34649203129021994,0.6125530498969481,3.9318256327243257,8.258681496264236
Piedmont College,Yes,663,562,127,20,40,641,63,5640,3620,600,750,89.0,89,13.2,17,7309,31,-0.8607730933120695,-0.7762683421206172,-1.4946627369472683,-0.2637884142137955,-1.2273816009701404,-0.9740319705249559,-1.2974147564820286,0.44960144391101303,-0.9606431574931019,1.0886494052534617,0.6005650532112241,-0.17218743592901764,-0.33988160333066747,-0.3843871007626564,0.8476621417797888,Low,0,1,-0.8607730933120689,-0.7762683421206156,-1.494662736947269,-0.26378841421379556,-1.2273816009701397,-0.9740319705249557,-1.2974147564820289,0.4496014439110113,-0.9606431574931016,1.0886494052534617,0.6005650532112241,-0.17218743592901792,-0.3398816033306675,-0.3843871007626966,0.6852252469486607,-1.2845558233198398,0.6125530498969481,3.713572066704308,8.19450550976564
Pikeville College,Yes,404,400,169,28,48,797,100,6000,3000,500,500,48.0,57,13.4,14,5557,61,-1.3655929791790236,-1.1443533411958087,-1.1300989314251952,0.2564541555541443,-0.9517104153928454,-0.7216402910850437,-1.1674301958517874,-0.2291945977334828,-1.7565250573930093,-1.470371731296988,-1.481398373568703,-0.12055104721793379,-0.6263490666426472,-1.220536883217599,0.9900990099009901,Low,0,1,-1.365592979179023,-1.1443533411958071,-1.130098931425196,0.25645415555414425,-0.9517104153928448,-0.7216402910850435,-1.1674301958517876,-0.22919459773348455,-1.7565250573930091,-1.470371731296988,-1.481398373568703,-0.12055104721793407,-0.6263490666426473,-1.220536883217639,1.6541227110106291,-1.2845558233198398,0.6125530498969481,3.8918202981106265,8.006700845440367
Pitzer College,Yes,1133,630,220,37,73,750,30,17688,5900,650,850,100.0,100,10.4,11,14820,73,-0.3347947210987923,-0.6545588141349044,-0.8074776554826101,0.7226458157909562,-1.0273153927462602,-1.3559697713457746,1.6114775799679804,0.7526774094232582,-0.7100928489390356,2.022636516832633,1.6789026453905742,-0.9305096229230176,-0.9453261392418362,1.2772327683754374,0.556045895851721,Very High,3,1,-0.3347947210987917,-0.6545588141349027,-0.8074776554826107,0.7226458157909561,-1.0273153927462595,-1.3559697713457743,1.6114775799679801,0.7526774094232564,-0.7100928489390352,2.022636516832633,1.6789026453905742,-0.9305096229230181,-0.9453261392418363,1.2772327683753972,-1.2984342148597396,1.5296355527690197,0.6125530498969481,4.30406509320417,8.682877107057168
Point Loma Nazarene College,Yes,809,687,428,20,43,1889,217,10178,4190,800,750,71.0,71,16.1,19,7895,54,-0.6630173945723598,-0.5629022032301116,-0.0491067053906913,-0.2637884142137955,0.019897344884858746,-0.2717006389429036,0.0627145062529262,1.5536080205663902,-0.9606431574931019,-0.21493899577553588,-0.7494672137091747,0.5495374118750593,-0.16286737272235163,-0.17063178502208903,0.8491965389369592,Medium,1,1,-0.6630173945723591,-0.56290220323011,-0.04910670539069199,-0.26378841421379556,0.01989734488485931,-0.2717006389429033,0.06271450625292592,1.5536080205663885,-0.9606431574931016,-0.21493899577553588,-0.7494672137091747,0.5495374118750592,-0.16286737272235163,-0.17063178502212925,0.6956626676393577,-0.34649203129021994,0.6125530498969481,3.784189633918261,8.340694647925071
Point Park College,Yes,875,744,207,7,38,1173,1402,9700,4830,400,1200,45.0,90,14.5,10,7652,66,-0.5858753958239299,-0.47903922435181556,-0.880832690196907,-1.6267810138219472,-0.49382889549771775,0.9643233998613193,-0.05870817156231771,-1.0385747647777013,-0.007652220075795025,-1.5998234319163254,0.6902976719925955,0.15826329784626644,-1.060970528103861,-0.25620337050149916,0.8502857142857143,Medium,1,1,-0.5858753958239292,-0.4790392243518139,-0.8808326901969077,-1.6267810138219472,-0.4938288954977172,0.9643233998613195,-0.05870817156231799,-1.038574764777703,-0.0076522200757946955,-1.5998234319163254,0.6902976719925955,0.15826329784626622,-1.0609705281038613,-0.25620337050153935,0.7030715586606741,-0.34649203129021994,0.6125530498969481,3.6635616461296463,8.482808764554406
Polytechnic University,Yes,1132,847,302,58,89,1379,214,16200,4200,436,2486,90.0,90,10.4,14,14329,62,-0.33564469683059467,-0.34360248198041354,-0.4368036320882189,1.5482723599064572,-0.3133471103113865,-0.28009340678382877,1.3451696241042976,-0.7287469488871388,1.5363316533596363,1.1692659029158703,0.6902976719925955,-0.9305096229230176,-0.6263490666426472,1.2116499685694828,0.7482332155477032,Very High,3,1,-0.33564469683059406,-0.3436024819804119,-0.4368036320882196,1.5482723599064572,-0.31334711031138596,-0.2800934067838285,1.3451696241042974,-0.7287469488871405,1.5363316533596365,1.1692659029158703,0.6902976719925955,-0.9305096229230181,-0.6263490666426473,1.2116499685694426,0.008880451170797382,1.5296355527690197,0.6125530498969481,4.499809670330265,8.343077871169383
Prairie View A. and M. University,No,2405,2234,1061,10,22,4564,448,4290,3500,598,1582,,93,19.4,1,5967,35,0.37022749888127976,0.631840086963588,0.8681541233453204,-1.204141438433242,0.840464394481643,0.18166184939151506,-1.8402230679700669,0.43702668168787084,0.5684121413555141,,0.9692990979140862,1.3116354246838142,-2.591529959333052,-0.9912550775306536,0.928898128898129,Low,0,0,0.37022749888128037,0.6318400869635896,0.8681541233453197,-1.204141438433242,0.8404643944816436,0.1816618493915153,-1.840223067970067,0.4370266816878691,0.5684121413555144,,0.9692990979140862,1.3116354246838142,-2.5915299593330525,-0.9912550775306938,1.237816320788867,-1.2845558233198398,-1.6325116659989423,3.1354942159291497,8.160803920954665
Presbyterian College,Yes,1082,832,302,34,63,1133,30,11859,3635,554,1429,80.0,85,13.4,42,8354,85,-0.37920279380223426,-0.3621947894926489,-0.4368036320882189,0.5776799288914052,-0.5333714638444964,-1.3559697713457746,0.4621398389290514,0.15066889522820914,0.3550234736341275,0.4018546093085536,0.25767565625110594,-0.12055104721793379,1.4214972168606004,-0.019585210066804658,0.7689463955637708,High,2,1,-0.37920279380223365,-0.3621947894926472,-0.4368036320882196,0.5776799288914051,-0.5333714638444959,-1.3559697713457743,0.46213983892905114,0.1506688952282074,0.35502347363412784,0.4018546093085536,0.257675656251106,-0.12055104721793407,1.4214972168606006,-0.01958521006684486,0.14977759286553063,0.5915717607393999,0.6125530498969481,4.1588830833596715,8.19863945529737
Princeton University,Yes,13218,2042,1153,90,98,4540,146,19900,5910,675,1575,91.0,96,8.4,54,28320,99,1.8306360473599776,0.5441831670636706,0.9459591985578121,2.452443922292768,0.8360158508577998,-0.5061565996033311,1.981410306111448,0.8966657976865622,0.5590751939473553,1.2507419520369065,1.2632379969775114,-1.5221214719855227,2.063646274733743,2.33053015414705,0.15448630655167198,Very High,3,1,1.8306360473599783,0.5441831670636723,0.9459591985578114,2.452443922292768,0.8360158508578004,-0.5061565996033309,1.9814103061114479,0.8966657976865604,0.5590751939473556,1.2507419520369065,1.2632379969775114,-1.5221214719855234,2.0636462747337436,2.3305301541470094,-4.029960629857285,1.5296355527690197,0.6125530498969481,4.59511985013459,8.684570300824369
Providence College,Yes,5139,3346,973,20,55,3717,1358,14400,6200,450,1100,66.0,74,18.4,35,8135,96,1.0433904002673369,1.019229849250285,0.786080102174223,-0.2637884142137955,0.663410627600749,0.9412284493768915,1.0005868453678388,-0.6142542943018506,-0.1865912069727965,-0.5272161250696584,-0.5579571392876599,1.0864302139312219,1.001734296309972,-0.09001309276925237,0.651099435687877,Very High,3,1,1.0433904002673375,1.0192298492502865,0.7860801021742223,-0.26378841421379556,0.6634106276007495,0.9412284493768918,1.0005868453678386,-0.6142542943018524,-0.18659120697279616,-0.5272161250696584,-0.5579571392876599,1.0864302139312219,1.0017342963099722,-0.09001309276929258,-0.6518520840381169,1.5296355527690197,0.6125530498969481,4.02535169073515,8.732465848349879
Purdue University at West Lafayette,No,21804,18744,5874,29,60,26213,4065,9556,3990,570,1060,86.0,86,18.2,15,8604,67,2.226298745812437,2.5552800799665554,2.285414806581724,0.3133361961439693,2.0652346851094014,1.7786220096058747,-0.09605583656555074,0.257019026226166,-0.2624172032290547,0.8519616169825402,0.3410143789166372,1.0408230518289996,-0.5277223848834107,0.05741037916067402,0.8596587782058338,Medium,1,0,2.2262987458124375,2.555280079966557,2.285414806581723,0.31333619614396924,2.065234685109402,1.778622009605875,-0.09605583656555101,0.2570190262261643,-0.2624172032290544,0.8519616169825402,0.3410143789166373,1.0408230518289996,-0.5277223848834108,0.057410379160633816,0.7668298958277545,-0.34649203129021994,-1.6325116659989423,4.110873864173311,8.291797105048733
Queens College,Yes,516,392,154,32,62,630,549,11020,4970,610,1900,73.0,75,14.0,36,9315,58,-1.1139539295533878,-1.1664960962919384,-1.246947559631307,0.4756588429698257,-1.249857079077316,0.3147530959025511,0.2677926601421741,0.51193277076662,0.956752752043269,-0.08394204211030992,-0.4912534379026085,0.032588388009415346,1.0642129571506758,0.2587171655003692,0.7596899224806202,High,2,1,-1.1139539295533871,-1.1664960962919368,-1.2469475596313078,0.47565884296982563,-1.2498570790773154,0.3147530959025514,0.26779266014217384,0.5119327707666183,0.9567527520432694,-0.08394204211030991,-0.49125343790260845,0.032588388009415103,1.064212957150676,0.258717165500329,0.08681234085794645,0.5915717607393999,0.6125530498969481,4.143134726391533,8.511376306094673
Quincy University,Yes,1025,707,297,22,66,1070,72,10100,4140,450,1080,69.0,71,16.3,32,6880,80,-0.43157344614572946,-0.5326562067768549,-0.455891177755806,-0.12094221917214974,-0.5992336650914178,-0.9022691057091238,0.04316040253595542,-0.6142542943018506,-0.22417915209308378,-0.34246044604151626,-0.7494672137091747,0.5973594431689156,0.8085395078716484,-0.5584050678317484,0.6897560975609756,Medium,1,1,-0.43157344614572885,-0.5326562067768532,-0.45589117775580673,-0.12094221917214981,-0.5992336650914173,-0.9022691057091236,0.04316040253595514,-0.6142542943018524,-0.22417915209308345,-0.34246044604151626,-0.7494672137091747,0.5973594431689155,0.8085395078716485,-0.5584050678317886,-0.3888981020250061,-0.34649203129021994,0.6125530498969481,4.204692619390966,8.328692583545568
Quinnipiac College,Yes,3712,2153,806,17,45,2677,714,12030,6140,1000,500,63.0,73,12.0,33,8847,86,0.7595551039557203,0.5958815752334474,0.6037771105286838,-0.4994689411839057,0.3632603571840615,0.4907911797800222,0.5006331677019721,2.4385555837110098,-1.7565250573930093,-0.7041258620108916,-0.6232192944825511,-0.48865480211398754,0.8739402524684261,0.1290131548058799,0.580010775862069,High,2,1,0.759555103955721,0.5958815752334491,0.6037771105286831,-0.4994689411839058,0.3632603571840621,0.49079117978002246,0.5006331677019719,2.438555583711008,-1.7565250573930091,-0.7041258620108916,-0.6232192944825511,-0.48865480211398793,0.8739402524684262,0.1290131548058397,-1.1354180535607024,0.5915717607393999,0.6125530498969481,3.828641396489095,8.722742874329398
Radford University,No,5702,4894,1742,15,37,8077,472,6684,4110,500,900,73.0,83,19.6,9,4519,62,1.132693608594836,1.3741085080474453,1.317723570418919,-0.6744109272506593,1.2929472324042766,0.21556995474047796,-0.9339268603208138,-0.2291945977334828,-0.5948985253355604,-0.08394204211030992,0.09569733284866454,1.356129441000271,-1.1823654119674138,-1.938981577108127,0.858295334970186,Low,0,0,1.1326936085948367,1.3741085080474469,1.3177235704189183,-0.6744109272506594,1.2929472324042772,0.21556995474047821,-0.9339268603208141,-0.22919459773348455,-0.5948985253355601,-0.08394204211030991,0.09569733284866458,1.356129441000271,-1.182365411967414,-1.938981577108167,0.7575553539845039,-1.2845558233198398,-1.6325116659989423,3.6375861597263857,8.321421586897879
Ramapo College of New Jersey,No,2088,957,362,6,29,2745,1938,4449,4860,600,1655,74.0,95,17.8,8,7333,47,0.24076178143400673,-0.21716511203169753,-0.23273019403061607,-1.7978331880954057,0.386968324484403,1.2029807928286214,-1.770924973792436,0.44960144391101303,0.6635672182448654,-0.01714162821819213,1.1635803366973685,0.949019493150806,-1.3104191724516414,-0.37511798509969513,0.4583333333333333,Low,0,0,0.24076178143400734,-0.21716511203169586,-0.23273019403061676,-1.7978331880954057,0.38696832448440355,1.2029807928286216,-1.7709249737924362,0.4496014439110113,0.6635672182448658,-0.01714162821819212,1.1635803366973685,0.949019493150806,-1.3104191724516416,-0.3751179850997353,-1.9631037999176166,-1.2845558233198398,-1.6325116659989423,3.4011973816621555,8.488999457045455
Randolph-Macon College,Yes,1771,1325,306,21,46,1071,27,13840,3735,400,900,77.0,80,10.7,38,11080,74,0.08824773074776611,0.11458223091742946,-0.42179417873863634,-0.1910995085854955,-0.5981516140813559,-1.407972650027876,0.8876420774712049,-1.0385747647777013,-0.5948985253355604,0.18846094051108306,-0.1356944211524122,-0.8457496758226627,1.1865255105248433,0.6696059270201028,0.7481648785996612,High,2,1,0.08824773074776673,0.11458223091743112,-0.42179417873863706,-0.19109950858549554,-0.5981516140813553,-1.4079726500278757,0.8876420774712047,-1.038574764777703,-0.5948985253355601,0.18846094051108306,-0.13569442115241218,-0.8457496758226631,1.1865255105248436,0.6696059270200626,0.008415603154037641,0.5915717607393999,0.6125530498969481,3.8501476017100584,8.225770799348734
Randolph-Macon Woman's College,Yes,696,616,169,35,66,653,56,13970,6110,370,920,88.0,97,9.2,24,16358,68,-0.8122434318233116,-0.6784297468573649,-1.1300989314251952,0.6270233788095004,-1.2033929563374504,-1.0365500942946195,0.9141252420783167,-1.3159168069880618,-0.550473254354852,1.0088928960519896,1.3645882269351624,-1.2795288613085185,0.2420706033059415,1.4626718153826495,0.8850574712643678,High,2,1,-0.8122434318233109,-0.6784297468573632,-1.130098931425196,0.6270233788095003,-1.2033929563374497,-1.0365500942946193,0.9141252420783165,-1.3159168069880636,-0.5504732543548516,1.0088928960519896,1.3645882269351624,-1.279528861308519,0.24207060330594155,1.4626718153826093,0.9395992751289203,0.5915717607393999,0.6125530498969481,4.204692619390966,8.717845704894916
Reed College,Yes,1966,1436,327,47,80,1199,61,19960,5490,500,450,90.0,90,11.8,37,15886,68,0.18520972865031457,0.19546474125186242,-0.34654023357685937,1.1501937769220463,-0.4689973181040081,-0.9912281496306629,1.9910590659179963,-0.2291945977334828,-1.959451346189694,1.1692659029158703,0.6902976719925955,-0.542574720624852,1.1257980950091877,1.4087161707952758,0.7304170905391658,Very High,3,1,0.18520972865031518,0.19546474125186408,-0.3465402335768601,1.1501937769220463,-0.4689973181040075,-0.9912281496306626,1.991059065917996,-0.22919459773348455,-1.9594513461896939,1.1692659029158703,0.6902976719925955,-0.5425747206248523,1.125798095009188,1.4087161707952356,-0.11231007041167951,1.5296355527690197,0.6125530498969481,4.394449154672439,8.610865667278873
Regis College,Yes,427,385,143,18,38,581,533,12700,5800,450,700,81.0,85,10.3,37,11758,84,-1.3082589769265809,-1.186271023548447,-1.3413148601096168,-0.41769469988544683,-1.356128824646746,0.2952242791684142,0.6480837816681111,-0.6142542943018506,-1.0977621251583494,0.474714832564546,0.25767565625110594,-0.9589736427194986,1.1257980950091877,0.8015967825477371,0.9016393442622951,High,2,1,-1.3082589769265802,-1.1862710235484455,-1.3413148601096174,-0.4176946998854469,-1.3561288246467453,0.2952242791684145,0.6480837816681109,-0.6142542943018524,-1.0977621251583491,0.474714832564546,0.257675656251106,-0.958973642719499,1.125798095009188,0.801596782547697,1.0523940515727441,0.5915717607393999,0.6125530498969481,3.6635616461296463,8.665785595466064
Rensselaer Polytechnic Institute,Yes,4996,4165,936,53,82,4291,16,17475,5976,1230,1100,94.0,98,15.4,21,15605,70,1.0190310418743462,1.2247136136559045,0.7489755982375111,1.3749937779595973,0.7881001855829313,-1.658361763019646,1.574283462969669,3.2825891089534323,-0.1865912069727965,1.5003231131674828,1.467641878959388,0.3803088445537738,0.004942005820180814,1.375404893733151,0.8336669335468375,Very High,3,1,1.019031041874347,1.224713613655906,0.7489755982375105,1.3749937779595973,0.7881001855829318,-1.6583617630196459,1.5742834629696687,3.2825891089534305,-0.18659120697279616,1.5003231131674828,1.467641878959388,0.3803088445537736,0.004942005820180843,1.3754048937331107,0.5900257249092726,1.5296355527690197,0.6125530498969481,4.418840607796598,8.695674048824253
Rhodes College,Yes,2302,1831,391,58,82,1345,59,15200,4768,550,1500,90.0,96,10.8,47,13388,77,0.3302764072170951,0.43705989191206396,-0.14765192414485703,1.5482723599064572,-0.34077977642032076,-1.008940142643816,1.1570367062804472,0.12366360639712475,0.45655088669276045,1.1692659029158703,1.2632379969775114,-0.8177024902905383,1.6993805009224885,1.0757286677847484,0.7953953084274544,Very High,3,1,0.3302764072170957,0.4370598919120656,-0.14765192414485773,1.5482723599064572,-0.3407797764203202,-1.0089401426438158,1.157036706280447,0.123663606397123,0.4565508866927608,1.1692659029158703,1.2632379969775114,-0.8177024902905388,1.6993805009224887,1.0757286677847082,0.3296908761245627,1.5296355527690197,0.6125530498969481,4.418840607796598,8.469891918298224
Rider University,Yes,3586,2424,730,16,31,2748,1309,13250,5420,700,3100,84.0,92,12.3,23,11299,70,0.7290259948552834,0.710989911094992,0.5057577425052063,-0.5849046607537621,0.38799773554180855,0.9147015859817643,0.7653500535832432,1.036080707406721,2.0209274850356964,0.6984756672128422,0.8746535950171559,-0.4084258992712101,0.16480222734879074,0.7135737229763609,0.6759620747350809,High,2,1,0.7290259948552841,0.7109899110949937,0.5057577425052057,-0.5849046607537622,0.3879977355418091,0.9147015859817645,0.7653500535832429,1.0360807074067193,2.020927485035697,0.6984756672128422,0.8746535950171559,-0.4084258992712105,0.1648022273487908,0.7135737229763207,-0.4827291017620253,0.5915717607393999,0.6125530498969481,3.4657359027997265,8.598035579260339
Ripon College,Yes,587,501,211,28,52,735,28,15200,4100,350,650,87.0,90,9.4,49,12472,64,-0.9831669114228404,-0.8996740399058225,-0.8577084569624351,0.2564541555541443,-1.052668780513983,-1.3900837948934839,1.1570367062804472,-1.5119094126371275,-1.2442682361696895,0.9299968174778829,0.6902976719925955,-1.2201811501799786,1.8061919062938572,0.9284721944119869,0.8534923339011925,Very High,3,1,-0.9831669114228397,-0.8996740399058208,-0.8577084569624358,0.25645415555414425,-1.0526687805139823,-1.3900837948934837,1.157036706280447,-1.5119094126371293,-1.2442682361696893,0.9299968174778829,0.6902976719925955,-1.220181150179979,1.8061919062938574,0.9284721944119467,0.7248839282713602,1.5296355527690197,0.6125530498969481,3.970291913552122,8.31898612539206
Rivier College,Yes,484,386,141,6,28,590,1196,9870,4860,600,1100,59.0,59,12.2,19,6744,81,-1.1793612904171216,-1.1834226061876625,-1.3593716853941504,-1.7978331880954057,-1.335808250584777,0.849941859466046,-0.01508306179876824,0.44960144391101303,-0.1865912069727965,-0.9277718533150182,-1.392393977623881,-0.43508339525120426,-0.16286737272235163,-0.617108365927878,0.7975206611570248,Medium,1,1,-1.179361290417121,-1.183422606187661,-1.359371685394151,-1.7978331880954057,-1.3358082505847764,0.8499418594660462,-0.015083061798768515,0.4496014439110113,-0.18659120697279616,-0.9277718533150182,-1.392393977623881,-0.43508339525120465,-0.16286737272235163,-0.6171083659279182,0.34414815040389946,-0.34649203129021994,0.6125530498969481,3.367295829986474,8.488999457045455
Roanoke College,Yes,2227,1790,437,27,54,1460,239,13425,4425,450,1200,85.0,89,13.0,26,9405,72,0.29995985054845514,0.4147154349271125,-0.026618478703078787,0.19803987368047105,-0.251186820637223,-0.21316481794747663,0.8019899920325411,-0.6142542943018506,-0.007652220075795025,0.7747877474272864,0.6005650532112241,-0.22412911641303207,0.3918121720690085,0.28251285425200917,0.8037718904355635,High,2,1,0.29995985054845575,0.41471543492711416,-0.02661847870307948,0.198039873680471,-0.2511868206372224,-0.21316481794747638,0.8019899920325408,-0.6142542943018524,-0.0076522200757946955,0.7747877474272864,0.6005650532112241,-0.22412911641303238,0.39181217206900854,0.282512854251969,0.386670850285873,0.5915717607393999,0.6125530498969481,4.007333185232471,8.395251520610994
Rockhurst College,Yes,935,858,345,22,50,1127,754,9490,4100,500,1500,60.0,79,10.7,21,7519,79,-0.5209804276467502,-0.33019048873376033,-0.2863447083092569,-0.12094221917214974,-0.5394495289192723,0.5278827188663581,-0.11329713689841309,-0.2291945977334828,0.45655088669276045,-0.8731730296610826,-0.20978440474634713,-0.8457496758226627,0.004942005820180814,-0.30483583477479637,0.9176470588235294,Medium,1,1,-0.5209804276467496,-0.33019048873375867,-0.2863447083092576,-0.12094221917214981,-0.5394495289192718,0.5278827188663583,-0.11329713689841336,-0.22919459773348455,0.4565508866927608,-0.8731730296610826,-0.2097844047463471,-0.8457496758226631,0.004942005820180843,-0.30483583477483656,1.1612832334846228,-0.34649203129021994,0.6125530498969481,3.9318256327243257,8.31898612539206
Rocky Mountain College,Yes,560,392,270,11,31,743,118,8734,3362,600,625,56.0,78,11.3,27,6422,68,-1.0307954322663369,-1.1664960962919384,-0.5658022415807163,-1.0845174670653988,-1.039069317256311,-0.6283861383961893,-0.3166591231457777,0.44960144391101303,-1.3214798053921624,-1.0863082490971052,-0.28237352323745246,-0.6789541266546215,0.4644668707230899,-0.7636719569184205,0.7,Medium,1,1,-1.0307954322663362,-1.1664960962919368,-0.565802241580717,-1.0845174670653988,-1.0390693172563104,-0.6283861383961891,-0.316659123145778,0.4496014439110113,-1.3214798053921621,-1.0863082490971052,-0.2823735232374524,-0.6789541266546218,0.46446687072308995,-0.7636719569184607,-0.31921606516062206,-0.34649203129021994,0.6125530498969481,3.4657359027997265,8.12058871174027
Roger Williams University,Yes,3304,2804,679,10,20,2111,1489,12520,6050,500,730,44.0,54,16.4,8,7957,61,0.6563121331503674,0.85109615806864,0.43313140039352394,-1.204141438433242,0.1321850974571828,1.008127569020998,0.6089823530815689,-0.2291945977334828,-1.0144444682719085,-1.641201000258266,-1.6057345224000523,0.6211848125226329,-1.3104191724516414,-0.14944639468591678,0.8486682808716707,High,2,1,0.6563121331503681,0.8510961580686417,0.4331314003935232,-1.204141438433242,0.13218509745718335,1.0081275690209983,0.6089823530815687,-0.22919459773348455,-1.0144444682719083,-1.641201000258266,-1.6057345224000523,0.6211848125226328,-1.3104191724516416,-0.149446394685957,0.6920693009318502,0.5915717607393999,0.6125530498969481,3.044522437723423,8.707978826622321
Rollins College,Yes,1777,1151,382,31,55,1668,1052,16425,5220,955,750,81.0,85,13.3,23,11561,90,0.09139881122043815,-0.02804512258176211,-0.17325484451667084,0.42285937607467217,-0.10912399167352864,0.7589060467809827,1.386441296986302,2.2538654919075194,-0.9606431574931019,0.474714832564546,0.25767565625110594,-0.1463314798823474,0.16480222734879074,0.764478381565027,0.6477208778840743,Very High,3,1,0.09139881122043877,-0.028045122581760444,-0.17325484451667153,0.4228593760746721,-0.10912399167352807,0.758906046780983,1.3864412969863018,2.2538654919075176,-0.9606431574931016,0.474714832564546,0.257675656251106,-0.14633147988234768,0.1648022273487908,0.7644783815649868,-0.6748340277684842,1.5296355527690197,0.6125530498969481,4.02535169073515,8.560444233410552
Rosary College,Yes,434,321,141,28,53,624,269,10950,4600,550,950,79.0,82,12.9,30,9264,81,-1.2914652580055257,-1.387179963156489,-1.3593716853941504,0.2564541555541443,-1.262319019742533,-0.14072124272825168,0.2511441271952387,0.12366360639712475,-0.4854840928742669,0.32985855535977965,0.01703484187169807,-0.2502164766951095,0.6744919461391042,0.2450749205154074,0.7396313364055299,High,2,1,-1.291465258005525,-1.3871799631564874,-1.359371685394151,0.25645415555414425,-1.2623190197425322,-0.14072124272825143,0.25114412719523843,0.123663606397123,-0.4854840928742666,0.32985855535977965,0.017034841871698108,-0.2502164766951098,0.6744919461391043,0.2450749205153672,-0.0496320603506397,0.5915717607393999,0.6125530498969481,3.9889840465642745,8.434028950155469
Rowan College of New Jersey,No,3820,1431,695,21,70,5303,3942,4356,4830,800,800,76.0,81,22.1,6,7252,51,0.7848509163200428,0.1919673017626421,0.45657546961931306,-0.1910995085854955,0.9649575131121805,1.753898283780728,-1.8112563614226775,1.5536080205663902,-0.8317407991744724,0.11906038882416063,-0.060091883356808096,1.8981817442254214,-1.5915825941910087,-0.4065905952790035,0.37460732984293194,Low,0,0,0.7848509163200434,0.19196730176264376,0.45657546961931234,-0.19109950858549554,0.964957513112181,1.7538982837807282,-1.8112563614226778,1.5536080205663885,-0.8317407991744721,0.11906038882416065,-0.06009188335680806,1.8981817442254216,-1.591582594191009,-0.4065905952790437,-2.532632697371791,-1.2845558233198398,-1.6325116659989423,4.2626798770413155,8.482808764554406
Rutgers at New Brunswick,No,48094,26330,4520,36,79,21401,3712,7410,4748,690,2009,90.0,95,19.5,19,10474,77,2.8229880628053405,2.8372031843540046,2.09179219053454,0.675328745331237,1.94596474451516,1.7057405701743897,-0.7026779268500261,0.9808435904743689,1.0760740167354799,1.1692659029158703,1.1635803366973685,1.3339046256249534,-0.16286737272235163,0.5406264827823865,0.5474695388198112,Low,0,0,2.822988062805341,2.8372031843540064,2.091792190534539,0.6753287453312369,1.9459647445151607,1.70574057017439,-0.7026779268500263,0.9808435904743671,1.07607401673548,1.1692659029158703,1.1635803366973685,1.3339046256249534,-0.16286737272235163,0.5406264827823463,-1.356773117481754,-1.2845558233198398,-1.6325116659989423,4.382026634673881,8.465689348549121
Rutgers State University at Camden,No,3366,1752,232,27,79,2585,1300,7411,4748,690,2009,90.0,95,18.6,12,10134,57,0.6728554579110178,0.39351181457684414,-0.7440722794103786,0.19803987368047105,0.3299898796868281,0.9097322620602105,-0.7023699032627505,0.9808435904743689,1.0760740167354799,1.1692659029158703,1.1635803366973685,1.1318449162023048,-0.8347120424139982,0.4631012379706993,0.5204991087344029,Low,0,0,0.6728554579110184,0.3935118145768458,-0.7440722794103792,0.198039873680471,0.32998987968682864,0.9097322620602107,-0.7023699032627507,0.9808435904743671,1.07607401673548,1.1692659029158703,1.1635803366973685,1.1318449162023048,-0.8347120424139983,0.4631012379706591,-1.5402339142480594,-1.2845558233198398,-1.6325116659989423,4.382026634673881,8.465689348549121
Rutgers State University at Newark,No,5785,2690,499,26,62,4005,1886,7410,4748,690,2009,90.0,95,17.4,16,11878,58,1.1450543392019037,0.8113078080649083,0.11507806589137938,0.13799295441079093,0.7286976975908533,1.1826364700910967,-0.7026779268500261,0.9808435904743689,1.0760740167354799,1.1692659029158703,1.1635803366973685,0.8564097288576539,-0.43232901744623836,0.8237403153221827,0.46499567847882456,Low,0,0,1.1450543392019044,0.81130780806491,0.11507806589137869,0.13799295441079087,0.7286976975908539,1.182636470091097,-0.7026779268500263,0.9808435904743671,1.07607401673548,1.1692659029158703,1.1635803366973685,0.8564097288576539,-0.4323290174462384,0.8237403153221425,-1.9177845690097923,-1.2845558233198398,-1.6325116659989423,4.143134726391533,8.465689348549121
Sacred Heart University,Yes,2307,1896,509,19,51,1707,1889,11070,5780,400,600,71.0,73,14.8,16,7120,82,0.3322597004438221,0.47141014260512526,0.13602267460253614,-0.3392340437249904,-0.08489100248516802,1.1838238392664235,0.27964198004126445,-1.0385747647777013,-1.4016057553649468,-0.21493899577553588,-0.6232192944825511,0.23285911367621054,-0.43232901744623836,-0.4590582053102019,0.8218465539661899,High,2,1,0.3322597004438227,0.4714101426051269,0.13602267460253545,-0.33923404372499044,-0.08489100248516745,1.1838238392664238,0.27964198004126417,-1.038574764777703,-1.4016057553649466,-0.21493899577553588,-0.6232192944825511,0.23285911367621034,-0.4323290174462384,-0.4590582053102421,0.5096200269252782,0.5915717607393999,0.6125530498969481,3.9512437185814275,8.662331957082475
Saint Ambrose University,Yes,897,718,276,12,48,1345,390,10450,4020,500,1500,56.0,56,14.1,16,7444,70,-0.5615412723540021,-0.5164084131059969,-0.5403135442163238,-0.9727316677869278,-0.34077977642032076,0.09241998140341552,0.13014282232927557,-0.2291945977334828,0.45655088669276045,-1.0863082490971052,-1.5240531582747878,0.0578612960059782,-0.43232901744623836,-0.33284940244283134,0.8004459308807135,Medium,1,1,-0.5615412723540014,-0.5164084131059953,-0.5403135442163245,-0.9727316677869279,-0.3407797764203202,0.09241998140341577,0.1301428223292753,-0.22919459773348455,0.4565508866927608,-1.0863082490971052,-1.5240531582747878,0.05786129600597796,-0.4323290174462384,-0.33284940244287153,0.3640466953127041,-0.34649203129021994,0.6125530498969481,3.8918202981106265,8.299285906897275
Saint Anselm College,Yes,2095,1553,514,15,40,1873,94,12950,5400,450,1120,70.0,82,14.5,29,6719,97,0.24384283258777767,0.27378265307298477,0.14631774960385702,-0.6744109272506593,0.011188250723066997,-0.7561123349498996,0.7017919204959063,-0.6142542943018506,-0.14963079157608924,-0.27913443822970246,0.01703484187169807,0.15826329784626644,0.6057379786639013,-0.6280984021063717,0.7412887828162291,High,2,1,0.24384283258777828,0.27378265307298644,0.14631774960385632,-0.6744109272506594,0.011188250723067564,-0.7561123349498994,0.7017919204959061,-0.6142542943018524,-0.1496307915760889,-0.27913443822970246,0.017034841871698108,0.15826329784626622,0.6057379786639014,-0.6280984021064119,-0.038357622451748286,0.5915717607393999,0.6125530498969481,3.713572066704308,8.594339400592892
Saint Cloud State University,No,3971,3306,1921,10,34,11493,2206,4259,2625,350,1884,70.0,75,18.9,10,4629,58,0.818960614891444,1.0078525506298417,1.4024433981340434,-1.204141438433242,1.5455558928314517,1.3006186600480962,-1.8539297490760829,-1.5119094126371275,0.9387067124648479,-0.27913443822970246,-0.4912534379026085,1.1996123627079116,-1.060970528103861,-1.8512163846354668,0.8325358851674641,Low,0,0,0.8189606148914447,1.0078525506298432,1.4024433981340427,-1.204141438433242,1.5455558928314523,1.3006186600480965,-1.853929749076083,-1.5119094126371293,0.9387067124648483,-0.27913443822970246,-0.49125343790260845,1.1996123627079116,-1.0609705281038613,-1.851216384635507,0.5823320012198849,-1.2845558233198398,-1.6325116659989423,3.5553480614894135,7.873217054862741
Saint Francis College IN,Yes,213,166,85,13,36,513,247,8670,3820,450,1000,43.0,78,12.5,4,7440,48,-2.045479161654492,-2.137512719188282,-2.034794972452065,-0.8676768730139961,-1.5232207201768324,-0.19307867368286977,-0.3343981078496482,-0.6142542943018506,-0.38127720198738435,-1.681690574231242,-0.28237352323745246,-0.35536252142722496,-1.9198798890972208,-0.3343556831845995,0.7793427230046949,Medium,1,1,-2.0454791616544914,-2.13751271918828,-2.0347949724520658,-0.8676768730139962,-1.5232207201768317,-0.19307867368286952,-0.33439810784964846,-0.6142542943018524,-0.381277201987384,-1.681690574231242,-0.2823735232374524,-0.3553625214272253,-1.919879889097221,-0.3343556831846397,0.22049646941719708,-0.34649203129021994,0.6125530498969481,3.6109179126442243,8.2482674474469
Saint Francis College,Yes,1046,824,284,21,45,1223,451,10880,5050,400,1235,64.0,64,19.3,24,7344,69,-0.4119235528306632,-0.3722577940585366,-0.5073055598220004,-0.1910995085854955,-0.4466515645670517,0.18598865828906008,0.2344255283436202,-1.0385747647777013,0.051725006361670184,-0.6460287307120804,-1.1477182127095475,1.2893215200527974,0.2420706033059415,-0.37088526166853,0.7877629063097514,High,2,1,-0.41192355283066256,-0.37225779405853493,-0.5073055598220011,-0.19109950858549554,-0.44665156456705113,0.18598865828906033,0.23442552834361993,-1.038574764777703,0.05172500636167051,-0.6460287307120804,-1.1477182127095475,1.2893215200527974,0.24207060330594155,-0.37088526166857017,0.2777730324223892,0.5915717607393999,0.6125530498969481,3.828641396489095,8.527341522468053
Saint John's University,Yes,933,800,444,18,45,1691,72,12247,4081,500,600,76.0,85,12.0,38,9853,70,-0.5230707724659575,-0.4030854570558676,-0.009493833128641185,-0.41769469988544683,-0.0947502822317212,-0.9022691057091238,0.5489673813859551,-0.2291945977334828,-1.4016057553649468,0.11906038882416063,0.25767565625110594,-0.48865480211398754,1.1865255105248433,0.395936010730769,0.857449088960343,High,2,1,-0.5230707724659568,-0.40308545705586596,-0.00949383312864188,-0.4176946998854469,-0.09475028223172063,-0.9022691057091236,0.5489673813859549,-0.22919459773348455,-1.4016057553649466,0.11906038882416065,0.257675656251106,-0.48865480211398793,1.1865255105248436,0.3959360107307288,0.7517989397658782,0.5915717607393999,0.6125530498969481,3.828641396489095,8.31434234336979
Saint Joseph's College IN,Yes,920,684,225,24,42,815,222,11200,4250,600,950,55.0,60,14.8,19,7360,67,-0.5367762845676514,-0.5675201829568968,-0.780585278710829,0.012544204192919739,-0.9241820444327393,-0.25794229884583064,0.3102865577817636,0.44960144391101303,-0.4854840928742669,-1.1373980419630705,-1.3460179845367914,0.23285911367621054,-0.16286737272235163,-0.36474599831746674,0.7434782608695653,High,2,1,-0.5367762845676507,-0.5675201829568951,-0.7805852787108296,0.012544204192919675,-0.9241820444327388,-0.25794229884583036,0.31028655778176334,0.4496014439110113,-0.4854840928742666,-1.1373980419630705,-1.3460179845367914,0.23285911367621034,-0.16286737272235163,-0.3647459983175069,-0.02346414886251148,0.5915717607393999,0.6125530498969481,3.7612001156935624,8.35490952835879
Saint Joseph's College,Yes,833,682,217,12,33,716,2196,9985,5180,500,800,53.0,89,27.2,8,4322,85,-0.6342094485939085,-0.5706108828998417,-0.8239537228442008,-0.9727316677869278,-1.0857037011407664,1.2971725737137616,0.014148844162083918,-0.2291945977334828,-0.8317407991744724,-1.236939816910309,0.6005650532112241,2.934904971104353,-1.3104191724516414,-2.1046961629673473,0.8187274909963985,Medium,1,1,-0.6342094485939078,-0.5706108828998401,-0.8239537228442014,-0.9727316677869279,-1.0857037011407658,1.2971725737137618,0.014148844162083644,-0.22919459773348455,-0.8317407991744721,-1.236939816910309,0.6005650532112241,2.934904971104353,-1.3104191724516416,-2.1046961629673877,0.48840324336676194,-0.34649203129021994,0.6125530498969481,3.5263605246161616,8.552753366814787
Saint Joseph's University,Yes,2519,2003,776,39,71,2473,1314,12750,6350,350,1690,84.0,90,17.4,13,8243,83,0.4123590373836647,0.5253020047229597,0.5664123550939681,0.8144962912549331,0.2874832189718084,0.9174490323886001,0.6588806117068091,-1.5119094126371275,0.7078187570133003,0.6984756672128422,0.6902976719925955,0.8564097288576539,-0.7285459157740776,-0.05492086408215119,0.7951568082572449,High,2,1,0.4123590373836653,0.5253020047229614,0.5664123550939675,0.814496291254933,0.28748321897180895,0.9174490323886003,0.6588806117068089,-1.5119094126371293,0.7078187570133007,0.6984756672128422,0.6902976719925955,0.8564097288576539,-0.7285459157740777,-0.05492086408219139,0.3280685278298941,0.5915717607393999,0.6125530498969481,4.276666119016055,8.756367559802975
Saint Joseph College,Yes,292,241,96,20,52,543,712,12200,4600,650,950,87.0,90,11.2,32,8680,76,-1.7064634802962677,-1.7091260618991269,-1.8675642192973305,-0.2637884142137955,-1.44636381324485,0.48888785093970066,0.538546706109194,0.7526774094232582,-0.4854840928742669,0.9299968174778829,0.6902976719925955,-0.7065095975671861,0.8085395078716484,0.08013667059832047,0.8253424657534246,High,2,1,-1.706463480296267,-1.7091260618991253,-1.8675642192973312,-0.26378841421379556,-1.4463638132448493,0.48888785093970094,0.5385467061091938,0.7526774094232564,-0.4854840928742666,0.9299968174778829,0.6902976719925955,-0.7065095975671865,0.8085395078716485,0.08013667059828027,0.5334002469618061,0.5915717607393999,0.6125530498969481,3.970291913552122,8.434028950155469
Saint Louis University,Yes,3294,2855,956,44,67,4576,1140,11690,4730,800,6800,84.0,94,4.6,19,18367,67,0.6536126906719811,0.8683396576523792,0.7692378760489555,1.0296888476949617,0.8426779868198009,0.815777704404397,0.4237367718403794,1.5536080205663902,3.8112409758295183,0.6984756672128422,1.0656043502924986,-2.8286743248449393,-0.16286737272235163,1.6679355100154276,0.8667273831208258,High,2,1,0.6536126906719818,0.8683396576523809,0.7692378760489549,1.0296888476949617,0.8426779868198014,0.8157777044043972,0.4237367718403791,1.5536080205663885,3.8112409758295187,0.6984756672128422,1.0656043502924986,-2.82867432484494,-0.16286737272235163,1.6679355100153874,0.8149126251585059,0.5915717607393999,0.6125530498969481,4.219507705176107,8.461891875631148
Saint Mary's College,Yes,888,734,393,26,60,1433,27,12730,4514,500,1525,74.0,95,9.9,31,11165,98,-0.5714179144605619,-0.4932442816310475,-0.14205466112492937,0.13799295441079093,-0.271429816918448,-1.407972650027876,0.6545652233846636,-0.2291945977334828,0.4912429213666867,-0.01714162821819213,1.1635803366973685,-1.07392177987466,0.7420738904172537,0.6868289478523678,0.8265765765765766,High,2,1,-0.5714179144605612,-0.49324428163104583,-0.14205466112493007,0.13799295441079087,-0.2714298169184474,-1.4079726500278757,0.6545652233846634,-0.22919459773348455,0.491242921366687,-0.01714162821819212,1.1635803366973685,-1.0739217798746605,0.7420738904172538,0.6868289478523276,0.541795031701849,0.5915717607393999,0.6125530498969481,4.110873864173311,8.415160465851086
Saint Mary's College of Minnesota,Yes,876,802,367,14,35,1263,118,10800,3600,400,820,68.0,74,18.8,19,5081,78,-0.5847551261141801,-0.4004789563418012,-0.21751217837643624,-0.7684736752694478,-0.41057141369962685,-0.6283861383961893,0.2152318024408838,-1.0385747647777013,-0.7822591319693937,-0.4049164499282882,-0.5579571392876599,1.1770700273279142,-0.16286737272235163,-1.5218293455062655,0.9155251141552512,High,2,1,-0.5847551261141795,-0.40047895634179953,-0.21751217837643694,-0.7684736752694479,-0.4105714136996263,-0.6283861383961891,0.21523180244088352,-1.038574764777703,-0.7822591319693933,-0.4049164499282882,-0.5579571392876599,1.1770700273279142,-0.16286737272235163,-1.5218293455063057,1.1468491418404205,0.5915717607393999,0.6125530498969481,3.58351893845611,8.188966863648876
Saint Mary-of-the-Woods College,Yes,150,130,88,23,50,341,768,10300,4130,500,1700,44.0,58,10.2,37,9678,75,-2.431564402220915,-2.4244647191983604,-1.986812982491884,-0.053119072030679164,-2.104542754452261,0.5404465746821491,0.09310267904364704,-0.2291945977334828,0.7203062078785692,-1.641201000258266,-1.4375163915219222,-0.9875453810067325,1.1257980950091877,0.3525946969075402,0.8666666666666667,Medium,1,1,-2.4315644022209146,-2.4244647191983586,-1.9868129824918848,-0.053119072030679226,-2.1045427544522606,0.5404465746821493,0.09310267904364676,-0.22919459773348455,0.7203062078785696,-1.641201000258266,-1.4375163915219222,-0.987545381006733,1.125798095009188,0.3525946969075,0.8144996139821334,-0.34649203129021994,0.6125530498969481,3.9318256327243257,8.326274787396764
Saint Michael's College,Yes,1910,1380,463,16,64,1715,106,13030,5860,500,750,79.0,88,14.5,34,10190,84,0.1584590373676201,0.15552867583746435,0.03546089341443312,-0.5849046607537621,-0.0800035102034036,-0.6889842338107853,0.7188345309434646,-0.2291945977334828,-0.9606431574931019,0.32985855535977965,0.5124477851823425,0.15826329784626644,0.9383237733786066,0.47614408376032097,0.7225130890052356,High,2,1,0.1584590373676207,0.15552867583746602,0.035460893414432426,-0.5849046607537622,-0.08000351020340303,-0.6889842338107851,0.7188345309434644,-0.22919459773348455,-0.9606431574931016,0.32985855535977965,0.5124477851823425,0.15826329784626622,0.9383237733786067,0.4761440837602808,-0.16607541321359,0.5915717607393999,0.6125530498969481,4.174387269895637,8.676075516476429
Saint Olaf College,Yes,2248,1673,745,38,73,2888,105,14350,3750,550,550,82.0,88,10.0,31,12502,83,0.3085576170827429,0.34781170237882375,0.5260096943675744,0.7690207208177242,0.434568285604426,-0.6943092873174953,0.9906210769743672,0.12366360639712475,-1.5715860923599767,0.5484387369161905,0.5124477851823425,-1.0450179269704816,0.7420738904172537,0.9335572542834675,0.7442170818505338,Very High,3,1,0.3085576170827435,0.3478117023788254,0.5260096943675737,0.7690207208177241,0.43456828560442656,-0.6943092873174951,0.990621076974367,0.123663606397123,-1.5715860923599765,0.5484387369161905,0.5124477851823425,-1.045017926970482,0.7420738904172538,0.9335572542834273,-0.01843847128128937,1.5296355527690197,0.6125530498969481,4.30406509320417,8.229777750081887
Saint Peter's College,Yes,1606,1413,530,23,38,1921,1154,9408,5520,500,450,78.0,78,12.1,22,7669,53,-0.0032035816267788407,0.17926744895709418,0.17850164494855578,-0.053119072030679164,0.037048823355109055,0.8244582066396593,-0.13482823435653962,-0.2291945977334828,-1.959451346189694,0.25872716535248275,-0.28237352323745246,-0.4618260365186871,0.08579839053769144,-0.2500811103479073,0.8798256537982565,Medium,1,1,-0.003203581626778219,0.17926744895709584,0.17850164494855508,-0.053119072030679226,0.037048823355109624,0.8244582066396595,-0.1348282343565399,-0.22919459773348455,-1.9594513461896939,0.25872716535248275,-0.2823735232374524,-0.4618260365186875,0.08579839053769148,-0.2500811103479475,0.9040109141784601,-0.34649203129021994,0.6125530498969481,3.6635616461296463,8.616314282284044
Saint Vincent College,Yes,700,595,278,19,35,1035,182,10850,3936,500,900,62.0,64,12.3,31,8534,88,-0.8065293710478012,-0.7153460615881299,-0.5319590398731038,-0.3392340437249904,-0.6379012285170879,-0.37689610893187386,0.22723878076167214,-0.2291945977334828,-0.5948985253355604,-0.7613493814819632,-1.1477182127095475,-0.4084258992712101,0.7420738904172537,0.03620263546184313,0.85,High,2,1,-0.8065293710478005,-0.7153460615881282,-0.5319590398731044,-0.33923404372499044,-0.6379012285170873,-0.3768961089318736,0.22723878076167187,-0.22919459773348455,-0.5948985253355601,-0.7613493814819632,-1.1477182127095475,-0.4084258992712105,0.7420738904172538,0.036202635461802926,0.7011280460678576,0.5915717607393999,0.6125530498969481,3.58351893845611,8.278174290943738
Saint Xavier University,Yes,785,647,295,15,65,1670,726,10860,4624,600,794,87.0,100,13.7,15,8953,55,-0.6927571105204792,-0.6263238404864965,-0.4636302335001798,-0.6744109272506593,-0.10786453887796292,0.502111266263199,0.22963581213625453,0.44960144391101303,-0.8468087347169219,0.9299968174778829,1.6789026453905742,-0.043655140683840785,-0.5277223848834107,0.15930465334087432,0.824203821656051,High,2,1,-0.6927571105204785,-0.6263238404864948,-0.4636302335001805,-0.6744109272506594,-0.10786453887796235,0.5021112662631992,0.22963581213625425,0.4496014439110113,-0.8468087347169215,0.9299968174778829,1.6789026453905742,-0.04365514068384104,-0.5277223848834108,0.1593046533408341,0.5256548549648711,0.5915717607393999,0.6125530498969481,4.189654742026425,8.439231649946526
Salem-Teikyo University,Yes,489,384,120,23,52,700,45,10575,3952,400,620,46.0,24,13.0,9,8946,98,-1.168840747257599,-1.1891273621254719,-1.5689248347768936,-0.053119072030679164,-1.114362426580797,-1.1507160945452133,0.1607436883483082,-1.0385747647777013,-1.3372646170103415,-1.557558776598059,-2.32584996579349,-0.22412911641303207,-1.1823654119674138,0.15732135635104066,0.7852760736196319,High,2,1,-1.1688407472575983,-1.1891273621254703,-1.5689248347768943,-0.053119072030679226,-1.1143624265807963,-1.150716094545213,0.16074368834830793,-1.038574764777703,-1.3372646170103413,-1.557558776598059,-2.32584996579349,-0.22412911641303238,-1.182365411967414,0.15732135635100045,0.26085686514922973,0.5915717607393999,0.6125530498969481,3.970291913552122,8.282230063296685
Salem College,Yes,335,284,132,28,69,534,216,10475,6300,500,2000,68.0,68,11.2,46,9599,60,-1.5612445059649591,-1.523948775441092,-1.4444518445039682,0.2564541555541443,-1.4688665677704165,-0.27448654623298974,0.1362821565272364,-0.2291945977334828,1.0664517667212474,-0.4049164499282882,-0.9283307329438812,-0.7065095975671861,1.645084879245121,0.3326309800566427,0.8477611940298507,Medium,1,1,-1.5612445059649585,-1.5239487754410905,-1.444451844503969,0.25645415555414425,-1.4688665677704158,-0.27448654623298946,0.13628215652723613,-0.22919459773348455,1.0664517667212476,-0.4049164499282882,-0.9283307329438812,-0.7065095975671865,1.6450848792451211,0.3326309800566025,0.6858990294823579,-0.34649203129021994,0.6125530498969481,4.248495242049359,8.748463629942055
Salisbury State University,No,4216,2290,736,20,52,4296,1027,5130,4690,600,1450,73.0,75,17.9,18,5125,56,0.8714476908710376,0.655894567825741,0.5139156195908633,-0.2637884142137955,0.7890954192905252,0.7419671210529585,-1.4912463226655415,0.44960144391101303,0.3855304301230107,-0.08394204211030992,-0.4912534379026085,0.9720449847980202,-0.2501326836602141,-1.4921783297372369,0.543168880455408,Low,0,0,0.8714476908710382,0.6558945678257426,0.5139156195908626,-0.26378841421379556,0.7890954192905257,0.7419671210529587,-1.4912463226655417,0.4496014439110113,0.385530430123011,-0.08394204211030991,-0.49125343790260845,0.9720449847980202,-0.25013268366021413,-1.492178329737277,-1.386027460391916,-1.2845558233198398,-1.6325116659989423,3.970291913552122,8.453401058328458
Samford University,Yes,1680,1395,691,34,76,2959,402,8236,3700,569,1650,,75,14.7,17,9533,61,0.03900118363451362,0.16639343426286357,0.4507732493389179,0.5776799288914052,0.4571466728643761,0.11182218825857136,-0.4570212155969449,0.2504488318303033,0.6571749644083246,,-0.4912534379026085,0.20805977145654062,-0.33988160333066747,0.3157571241291543,0.8303571428571429,Medium,1,1,0.03900118363451424,0.16639343426286524,0.45077324933891716,0.5776799288914051,0.45714667286437666,0.11182218825857161,-0.4570212155969452,0.2504488318303016,0.6571749644083249,,-0.49125343790260845,0.20805977145654042,-0.3398816033306675,0.3157571241291141,0.5675115553117477,-0.34649203129021994,0.6125530498969481,4.343805421853684,8.216358332386156
San Diego State University,No,9402,7020,2151,20,70,16407,5550,8384,5110,612,2400,87.0,93,19.5,7,7930,41,1.5529814262512422,1.7022770462764205,1.4988219823502467,-0.2637884142137955,1.78146479342251,2.033462656595394,-0.4147381473745046,0.5242920941092779,1.4597682933535363,0.9299968174778829,0.9692990979140862,1.3339046256249534,-1.4463049617888242,-0.15864088609362925,0.7466496490108487,Medium,1,0,1.552981426251243,1.702277046276422,1.498821982350246,-0.26378841421379556,1.7814647934225107,2.0334626565953946,-0.4147381473745049,0.5242920941092761,1.4597682933535365,0.9299968174778829,0.9692990979140862,1.3339046256249534,-1.4463049617888244,-0.15864088609366947,-0.0018914340999885851,-0.34649203129021994,-1.6325116659989423,4.2626798770413155,8.53915035876828
Santa Clara University,Yes,4019,2779,888,40,73,3891,128,13584,5928,630,1278,88.0,92,13.9,19,10872,100,0.8295126659532778,0.8425205749569299,0.6982369196588913,0.8591123720558882,0.7035607931359539,-0.5819923517098765,0.835008919022907,0.6339700115112425,0.12257708734147962,1.0088928960519896,0.8746535950171559,0.007245150469287423,-0.16286737272235163,0.6265873133132989,0.6914655386912167,High,2,1,0.8295126659532784,0.8425205749569316,0.6982369196588907,0.8591123720558881,0.7035607931359544,-0.5819923517098763,0.8350089190229067,0.6339700115112408,0.12257708734147996,1.0088928960519896,0.8746535950171559,0.007245150469287173,-0.16286737272235163,0.6265873133132587,-0.3772699807534504,0.5915717607393999,0.6125530498969481,4.30406509320417,8.687610843707368
Sarah Lawrence College,Yes,1380,768,263,57,82,1000,105,19300,6694,600,700,89.0,93,6.1,18,14779,83,-0.14631823813228298,-0.4457635613093842,-0.5963778302123304,1.51453184767177,-0.6781964875177116,-0.6943092873174953,1.8838544256866507,0.44960144391101303,-1.0977621251583494,1.0886494052534617,0.9692990979140862,-2.2757616068538096,-0.2501326836602141,1.2718852721740328,0.5565217391304348,Very High,3,1,-0.14631823813228237,-0.44576356130938255,-0.596377830212331,1.51453184767177,-0.678196487517711,-0.6943092873174951,1.8838544256866505,0.4496014439110113,-1.0977621251583491,1.0886494052534617,0.9692990979140862,-2.2757616068538105,-0.25013268366021413,1.2718852721739926,-1.2951973889443846,1.5296355527690197,0.6125530498969481,4.418840607796598,8.809116258125274
Savannah Coll. of Art and Design,Yes,1109,688,386,20,65,1897,208,8325,5000,1200,1600,14.0,98,16.1,26,6874,55,-0.35541959601246276,-0.5613676663504984,-0.16179079217954367,-0.2637884142137955,0.02421824117137407,-0.2972019675334946,-0.4315349946892218,3.1807270964121486,0.5922469196218194,-2.464421198102988,1.467641878959388,0.5495374118750593,0.3918121720690085,-0.560957095452124,0.6203787195671776,Medium,1,1,-0.35541959601246215,-0.5613676663504967,-0.16179079217954437,-0.26378841421379556,0.024218241171374635,-0.2972019675334943,-0.4315349946892221,3.180727096412147,0.5922469196218197,-2.464421198102988,1.467641878959388,0.5495374118750592,0.39181217206900854,-0.5609570954521642,-0.8608234292812997,-0.34649203129021994,0.6125530498969481,4.189654742026425,8.517393171418904
Schreiner College,Yes,584,413,131,19,51,521,99,8955,5900,500,1488,51.0,56,11.8,23,8545,52,-0.9883416514249662,-1.1093621947210885,-1.4543166003436572,-0.3392340437249904,-1.5021998597412747,-0.7272538841097259,-0.25605278437406587,-0.2291945977334828,0.4397081362910102,-1.332959544717406,-1.5240531582747878,-0.542574720624852,0.16480222734879074,0.03955301857300391,0.7071917808219178,Medium,1,1,-0.9883416514249656,-1.109362194721087,-1.4543166003436578,-0.33923404372499044,-1.502199859741274,-0.7272538841097257,-0.25605278437406614,-0.22919459773348455,0.4397081362910105,-1.332959544717406,-1.5240531582747878,-0.5425747206248523,0.1648022273487908,0.03955301857296371,-0.27029545708802344,-0.34649203129021994,0.6125530498969481,3.9512437185814275,8.682877107057168
Scripps College,Yes,855,632,139,60,83,569,7,17238,7350,600,800,95.0,100,8.2,41,18372,73,-0.6085738034593213,-0.6511950390301582,-1.3777263776980513,1.6144757210802636,-1.3838278284984231,-2.028489116527091,1.5325467164599382,0.44960144391101303,-0.8317407991744724,1.5852330973790323,1.6789026453905742,-1.5841549263009003,1.3638859737288738,1.6684027996412942,0.7391812865497076,Very High,3,1,-0.6085738034593207,-0.6511950390301565,-1.377726377698052,1.6144757210802636,-1.3838278284984225,-2.0284891165270906,1.532546716459938,0.4496014439110113,-0.8317407991744721,1.5852330973790323,1.6789026453905742,-1.584154926300901,1.363885973728874,1.668402799641254,-0.05269343181828984,1.5296355527690197,0.6125530498969481,4.430816798843313,8.902591637374087
Seattle Pacific University,Yes,1183,1016,411,42,82,1922,704,12669,4875,600,1250,83.0,85,16.8,20,10368,66,-0.29329191090655765,-0.15560473980258138,-0.09311187024081621,0.9459121453121655,0.03757918532039625,0.4812260334227036,0.6413757165310602,0.44960144391101303,0.07669669089682644,0.6230258404135154,0.25767565625110594,0.7159264734321833,-0.07789767130558382,0.516877927903643,0.8588334742180896,High,2,1,-0.29329191090655704,-0.15560473980257972,-0.09311187024081691,0.9459121453121654,0.03757918532039682,0.48122603342270387,0.64137571653106,0.4496014439110113,0.07669669089682678,0.6230258404135154,0.257675656251106,0.7159264734321832,-0.07789767130558381,0.5168779279036028,0.7612159354019669,0.5915717607393999,0.6125530498969481,4.418840607796598,8.492080490601163
Seattle University,Yes,2115,1540,494,28,72,2993,347,12825,4375,500,1500,85.0,85,12.2,16,10175,89,0.25258534964907037,0.2653978183759211,0.10442341073364286,0.2564541555541443,0.4677262628088088,0.01816909685153841,0.6750238258559333,-0.2291945977334828,0.45655088669276045,0.7747877474272864,0.25767565625110594,-0.43508339525120426,-0.43232901744623836,0.4726613226772955,0.7281323877068558,High,2,1,0.252585349649071,0.26539781837592274,0.10442341073364217,0.25645415555414425,0.46772626280880936,0.018169096851538665,0.6750238258559331,-0.22919459773348455,0.4565508866927608,0.7747877474272864,0.257675656251106,-0.43508339525120465,-0.4323290174462384,0.4726613226772553,-0.12785129095070955,0.5915717607393999,0.6125530498969481,4.290459441148391,8.383890344101816
Seton Hall University,Yes,4576,3565,1000,16,36,4384,1530,12000,6484,650,1000,81.0,84,14.4,15,10080,64,0.9429135634690603,1.0790492887697967,0.8121438225591208,-0.5849046607537621,0.8063838390011772,1.0279763910974948,0.49390607097335004,0.7526774094232582,-0.38127720198738435,0.474714832564546,0.17590711389826053,0.1332649038957073,-0.5277223848834107,0.4504184957636033,0.7790646853146853,High,2,1,0.942913563469061,1.0790492887697982,0.8121438225591201,-0.5849046607537622,0.8063838390011777,1.027976391097495,0.49390607097334976,0.7526774094232564,-0.381277201987384,0.474714832564546,0.17590711389826055,0.13326490389570708,-0.5277223848834108,0.45041849576356313,0.21860517528585827,0.5915717607393999,0.6125530498969481,3.6109179126442243,8.777247096750544
Seton Hill College,Yes,936,794,197,24,56,752,210,11240,4180,350,2000,71.0,71,11.2,37,10065,71,-0.5199370532617783,-0.4109469620888374,-0.9409730328969353,0.012544204192919739,-1.0239816712165557,-0.29145025136329783,0.3196686173908399,-1.5119094126371275,1.0664517667212474,-0.21493899577553588,-0.7494672137091747,-0.7065095975671861,1.1257980950091877,0.4468768985352348,0.8482905982905983,High,2,1,-0.5199370532617776,-0.41094696208883574,-0.940973032896936,0.012544204192919675,-1.023981671216555,-0.29145025136329755,0.3196686173908396,-1.5119094126371293,1.0664517667212476,-0.21493899577553588,-0.7494672137091747,-0.7065095975671865,1.125798095009188,0.44687689853519463,0.6895001929484448,0.5915717607393999,0.6125530498969481,4.04305126783455,8.338305731356565
Shippensburg University of Penn.,No,5818,3281,1116,14,53,5268,300,7844,3504,450,1700,80.0,83,18.8,13,6719,72,1.1499160787312148,1.0006667488852894,0.9155596562765704,-0.7684736752694478,0.9595501418986464,-0.07314506384833197,-0.5714816336528199,-0.6142542943018506,0.7203062078785692,0.4018546093085536,0.09569733284866454,1.1770700273279142,-0.7285459157740776,-0.6280984021063717,0.5639394981093159,Medium,1,0,1.1499160787312155,1.000666748885291,0.9155596562765698,-0.7684736752694479,0.959550141898647,-0.07314506384833172,-0.5714816336528201,-0.6142542943018524,0.7203062078785696,0.4018546093085536,0.09569733284866458,1.1770700273279142,-0.7285459157740777,-0.6280984021064119,-1.2447396109936282,-0.34649203129021994,-1.6325116659989423,3.9889840465642745,8.16194579946869
Shorter College,Yes,540,445,165,23,70,1115,111,7210,3600,500,2000,62.0,65,13.2,18,7356,58,-1.067692366861455,-1.0280170322289612,-1.16005292130857,-0.053119072030679164,-0.5517248463097829,-0.6630195489235096,-0.7648398586414817,-0.2291945977334828,1.0664517667212474,-0.7613493814819632,-1.094880026424442,-0.17218743592901764,-0.2501326836602141,-0.3662788831444254,0.8240740740740741,Low,0,1,-1.0676923668614544,-1.0280170322289597,-1.1600529213085706,-0.053119072030679226,-0.5517248463097824,-0.6630195489235093,-0.764839858641482,-0.22919459773348455,1.0664517667212476,-0.7613493814819632,-1.094880026424442,-0.17218743592901792,-0.25013268366021413,-0.3662788831444656,0.5247722737567625,-1.2845558233198398,0.6125530498969481,4.2626798770413155,8.188966863648876
Siena College,Yes,2961,1932,628,24,68,2669,616,10800,5100,575,1090,71.0,82,14.1,42,8189,100,0.5583228139676669,0.48989724211697866,0.35392232914144955,0.012544204192919739,0.3604229752565132,0.3913281850542212,0.2152318024408838,0.2897201331165887,-0.20530535570802172,-0.21493899577553588,0.01703484187169807,0.0578612960059782,1.4214972168606004,-0.07237775097556182,0.6524822695035462,High,2,1,0.5583228139676676,0.4898972421169803,0.35392232914144883,0.012544204192919675,0.36042297525651373,0.39132818505422146,0.21523180244088352,0.28972013311658695,-0.2053053557080214,-0.21493899577553588,0.017034841871698108,0.05786129600597796,1.4214972168606006,-0.07237775097560202,-0.6424456417672791,0.5915717607393999,0.6125530498969481,4.23410650459726,8.537191877922927
Siena Heights College,Yes,464,419,183,10,31,686,287,9240,3880,475,1090,29.0,49,7.2,17,9431,47,-1.222641827890807,-1.0936076178050262,-1.031360136383057,-1.204141438433242,-1.1401016856010957,-0.10067963175366583,-0.17932884992884388,-0.417308161549658,-0.20530535570802172,-2.1547374751669635,-1.7894061555299154,-1.9036274484289153,-0.33988160333066747,0.2893218839079174,0.9030172413793104,Medium,1,1,-1.2226418278908064,-1.0936076178050247,-1.0313601363830576,-1.204141438433242,-1.140101685601095,-0.10067963175366558,-0.17932884992884415,-0.4173081615496597,-0.2053053557080214,-2.1547374751669635,-1.7894061555299154,-1.903627448428916,-0.3398816033306675,0.2893218839078772,1.0617669129675793,-0.34649203129021994,0.6125530498969481,3.4657359027997265,8.263848131368906
Simmons College,Yes,1003,782,295,23,53,1144,160,16160,6950,500,1200,74.0,81,8.9,33,14086,79,-0.4526277643426086,-0.42686230294965494,-0.4636302335001798,-0.053119072030679164,-0.5223295887704753,-0.45279577970094953,1.3377930819000552,-0.2291945977334828,-0.007652220075795025,-0.01714162821819213,-0.060091883356808096,-1.369500491403887,0.8739402524684261,1.1778949762804045,0.7796610169491526,Very High,3,1,-0.452627764342608,-0.42686230294965327,-0.4636302335001805,-0.053119072030679226,-0.5223295887704748,-0.45279577970094925,1.337793081900055,-0.22919459773348455,-0.0076522200757946955,-0.01714162821819212,-0.06009188335680806,-1.3695004914038875,0.8739402524684262,1.1778949762803643,0.22266159842964445,1.5296355527690197,0.6125530498969481,3.9889840465642745,8.846640813100485
Simpson College,Yes,1016,872,300,27,57,1116,602,11250,4980,550,1400,66.0,73,15.8,36,7411,70,-0.44012742581521036,-0.3133841337785611,-0.44439459704764983,0.19803987368047105,-0.5506957651927538,0.375970200174883,0.32201070401890103,0.12366360639712475,0.31220519593736024,-0.5272161250696584,-0.6232192944825511,0.477368692048737,1.0642129571506758,-0.3453136948940068,0.8582677165354331,High,2,1,-0.44012742581520975,-0.31338413377855945,-0.44439459704765055,0.198039873680471,-0.5506957651927532,0.37597020017488325,0.32201070401890075,0.123663606397123,0.31220519593736057,-0.5272161250696584,-0.6232192944825511,0.47736869204873683,1.064212957150676,-0.345313694894047,0.7573674852694278,0.5915717607393999,0.6125530498969481,4.060443010546419,8.513385953073284
Sioux Falls College,Yes,437,400,211,13,35,614,271,8990,3064,500,1700,73.0,73,14.8,7,7881,48,-1.2843567012088433,-1.1443533411958087,-0.8577084569624351,-0.8676768730139961,-1.2834169861994247,-0.13615489828360278,-0.24654493376420988,-0.2291945977334828,0.7203062078785692,-0.08394204211030992,-0.6232192944825511,0.23285911367621054,-1.4463049617888242,-0.17545112803170976,0.9153318077803204,Medium,1,1,-1.2843567012088426,-1.1443533411958071,-0.8577084569624358,-0.8676768730139962,-1.283416986199424,-0.13615489828360253,-0.24654493376421016,-0.22919459773348455,0.7203062078785696,-0.08394204211030991,-0.6232192944825511,0.23285911367621034,-1.4463049617888244,-0.17545112803174998,1.145534215031597,-0.34649203129021994,0.6125530498969481,3.58351893845611,8.027802848370312
Skidmore College,Yes,4293,2728,591,25,62,2322,263,18710,5970,500,700,87.0,92,12.7,29,14837,81,0.8872701202014979,0.8247677032225085,0.2916615434487778,0.07620224590010687,0.2263071548731504,-0.15460623362821735,1.7859617765642195,-0.2291945977334828,-1.0977621251583494,0.9299968174778829,0.8746535950171559,-0.3026284411960633,0.6057379786639013,1.2794433361044744,0.6354530631260191,Very High,3,1,0.8872701202014985,0.8247677032225101,0.2916615434487771,0.0762022459001068,0.22630715487315095,-0.1546062336282171,1.7859617765642193,-0.22919459773348455,-1.0977621251583491,0.9299968174778829,0.8746535950171559,-0.30262844119606364,0.6057379786639014,1.2794433361044342,-0.7582833114086404,1.5296355527690197,0.6125530498969481,4.143134726391533,8.694669696546992
Smith College,Yes,2925,1598,632,51,88,2479,95,18820,6390,500,1050,85.0,97,10.3,44,21199,90,0.5473382474836732,0.30223820105380006,0.3603987922767181,1.3022664532279355,0.2898194000256918,-0.7502317576043804,1.804365188179075,-0.2291945977334828,-0.2817874149273265,0.7747877474272864,1.3645882269351624,-0.9589736427194986,1.534615386900544,1.9048062344810985,0.5463247863247863,Very High,3,1,0.5473382474836739,0.3022382010538017,0.3603987922767174,1.3022664532279355,0.28981940002569234,-0.7502317576043802,1.8043651881790748,-0.22919459773348455,-0.2817874149273262,0.7747877474272864,1.3645882269351624,-0.958973642719499,1.5346153869005443,1.9048062344810583,-1.364560060595839,1.5296355527690197,0.6125530498969481,4.48863636973214,8.762646029650282
South Dakota State University,No,2807,2589,1701,13,37,7000,1103,3811,2190,500,1970,62.0,65,15.0,29,5084,67,0.5102892429329745,0.7745204805827669,1.296900794609678,-0.8676768730139961,1.1847604028803445,0.7923652481466137,-2.059775469724659,-0.2291945977334828,1.0340854665830022,-0.7613493814819632,-1.094880026424442,0.282263089279496,0.6057379786639013,-1.519795119465329,0.9223370146063413,Low,0,0,0.5102892429329752,0.7745204805827686,1.2969007946096773,-0.8676768730139962,1.1847604028803451,0.7923652481466139,-2.0597754697246593,-0.22919459773348455,1.0340854665830024,-0.7613493814819632,-1.094880026424442,0.2822630892794958,0.6057379786639014,-1.5197951194653692,1.1931856919173836,-1.2845558233198398,-1.6325116659989423,3.6375861597263857,7.692113339595466
Southeast Missouri State University,No,2281,1870,1408,18,43,6553,1246,4680,3540,200,2150,75.0,76,17.1,8,5916,45,0.32189580868990697,0.4578234044326196,1.1288983485059891,-0.41769469988544683,1.1337228623767779,0.8792484284109215,-1.6730878145462138,-3.4094060130785433,1.2218312966148086,0.05052602522539324,-0.4230962065588109,0.786407828322618,-1.3104191724516414,-1.0184353103807793,0.8198158702323542,Low,0,0,0.3218958086899076,0.45782340443262126,1.1288983485059885,-0.4176946998854469,1.1337228623767786,0.8792484284109218,-1.673087814546214,-3.409406013078545,1.2218312966148088,0.05052602522539325,-0.42309620655881086,0.786407828322618,-1.3104191724516416,-1.0184353103808195,0.49580671899470047,-1.2845558233198398,-1.6325116659989423,3.784189633918261,8.172164452111904
Southeastern Oklahoma State Univ.,No,818,700,447,20,50,2962,651,3738,2619,450,1022,55.0,59,19.6,9,4444,53,-0.6521082746315597,-0.5431370635680384,-0.002249779794150835,-0.2637884142137955,0.45808611322283593,0.4283890725211731,-2.094801585568201,-0.6142542943018506,-0.33694699196797384,-1.1373980419630705,-1.392393977623881,1.356129441000271,-1.1823654119674138,-2.0007340874946853,0.8557457212713936,Low,0,0,-0.6521082746315591,-0.5431370635680367,-0.00224977979415153,-0.26378841421379556,0.4580861132228365,0.42838907252117336,-2.0948015855682014,-0.6142542943018524,-0.3369469919679735,-1.1373980419630705,-1.392393977623881,1.356129441000271,-1.182365411967414,-2.0007340874947257,0.7402121318280355,-1.2845558233198398,-1.6325116659989423,3.9318256327243257,7.8709295967551425
Southern California College,Yes,385,340,193,18,38,784,127,9520,4124,630,1818,63.0,65,18.6,11,8219,43,-1.4156622262596026,-1.3233585872439582,-0.9660226653453975,-0.41769469988544683,-0.9720676921023219,-0.5864818062904431,-0.10545044905563535,0.6339700115112425,0.862734590776383,-0.7041258620108916,-1.094880026424442,1.1318449162023048,-0.9453261392418362,-0.06265763990760014,0.8831168831168831,Medium,1,1,-1.415662226259602,-1.3233585872439566,-0.9660226653453982,-0.4176946998854469,-0.9720676921023214,-0.5864818062904429,-0.10545044905563562,0.6339700115112408,0.8627345907763834,-0.7041258620108916,-1.094880026424442,1.1318449162023048,-0.9453261392418363,-0.06265763990764034,0.9263988238715478,-0.34649203129021994,0.6125530498969481,3.6635616461296463,8.324821298768782
Southern Illinois University at Edwardsville,No,2540,2195,994,13,40,6063,2550,5472,3598,221,2216,76.0,81,16.5,8,7498,43,0.41989670266023144,0.6147038736844722,0.8064226068616909,-0.8676768730139961,1.0726586931778377,1.4113477472292013,-1.3599443666311688,-3.08080320091328,1.2870398347241956,0.11906038882416063,-0.060091883356808096,0.6449537289305115,-1.3104191724516414,-0.31263605499622954,0.8641732283464567,Low,0,0,0.41989670266023205,0.6147038736844739,0.8064226068616902,-0.8676768730139962,1.0726586931778384,1.4113477472292015,-1.359944366631169,-3.080803200913282,1.2870398347241958,0.11906038882416065,-0.06009188335680806,0.6449537289305114,-1.3104191724516416,-0.31263605499626973,0.7975385132705489,-1.2845558233198398,-1.6325116659989423,3.713572066704308,8.188411308079031
Southern Methodist University,Yes,4301,3455,1166,41,69,4892,387,12772,5078,576,1802,74.0,88,13.5,17,12726,72,0.8888965242235662,1.0495097930063608,0.9563739256719735,0.9029060992795955,0.8985451877342986,0.08748542507226617,0.6636224056253339,0.2962306092002713,0.843932817764903,-0.01714162821819213,0.5124477851823425,-0.09484535617925974,-0.33988160333066747,0.9709396056342343,0.8033015577772611,High,2,1,0.8888965242235669,1.0495097930063624,0.9563739256719729,0.9029060992795954,0.8985451877342991,0.08748542507226642,0.6636224056253337,0.29623060920026956,0.8439328177649034,-0.01714162821819212,0.5124477851823425,-0.09484535617926002,-0.3398816033306675,0.9709396056341941,0.38347150923109086,0.5915717607393999,0.6125530498969481,4.248495242049359,8.532869670801245
Southwest Baptist University,Yes,1093,1093,642,12,32,1770,967,7070,2500,400,1000,52.0,54,15.9,13,4718,71,-0.3694373140808828,-0.08077771636275002,0.3763852417252471,-0.9727316677869278,-0.04713733830372159,0.6997460345745058,-0.8090303493988384,-1.0385747647777013,-0.38127720198738435,-1.2853903165081058,-1.6057345224000523,0.5014836955297912,-0.7285459157740776,-1.7825270369807842,1.0,Low,0,1,-0.3694373140808822,-0.08077771636274836,0.3763852417252464,-0.9727316677869279,-0.04713733830372102,0.699746034574506,-0.8090303493988387,-1.038574764777703,-0.381277201987384,-1.2853903165081058,-1.6057345224000523,0.5014836955297911,-0.7285459157740777,-1.7825270369808244,1.7214721572963374,-1.2845558233198398,0.6125530498969481,3.4965075614664802,7.824445930877619
Southwest Missouri State University,No,6118,5254,3204,15,37,13131,3374,4740,2590,500,1360,70.0,75,19.9,11,4632,56,1.1928021925298717,1.439325735492053,1.825394660334301,-0.6744109272506593,1.636015070516017,1.6298472710186849,-1.648196767844163,-0.2291945977334828,0.25177778806363216,-0.27913443822970246,-0.4912534379026085,1.422540697262483,-0.9453261392418362,-1.848867906724183,0.8587773782281791,Low,0,0,1.1928021925298724,1.4393257354920546,1.8253946603343003,-0.6744109272506594,1.6360150705160177,1.629847271018685,-1.6481967678441631,-0.22919459773348455,0.2517777880636325,-0.27913443822970246,-0.49125343790260845,1.422540697262483,-0.9453261392418363,-1.8488679067242233,0.7608343539821754,-1.2845558233198398,-1.6325116659989423,3.6375861597263857,7.85979918056211
Southwest State University,No,1047,938,511,13,33,2091,546,4285,2750,600,1800,58.0,75,16.5,31,6591,51,-0.4109984258968238,-0.2378572413206737,0.14015464358450822,-0.8676768730139961,0.12267183387033917,0.31113086035934406,-1.8424294119400952,0.44960144391101303,0.8415717373291548,-0.9814944542822377,-0.4912534379026085,0.6449537289305115,0.7420738904172537,-0.6853714445615342,0.8958930276981852,Low,0,0,-0.41099842589682317,-0.23785724132067204,0.14015464358450752,-0.8676768730139962,0.12267183387033974,0.31113086035934434,-1.8424294119400955,0.4496014439110113,0.8415717373291551,-0.9814944542822377,-0.49125343790260845,0.6449537289305114,0.7420738904172538,-0.6853714445615744,1.01330591645645,-1.2845558233198398,-1.6325116659989423,3.5263605246161616,7.919719760924575
Southwestern Adventist College,Yes,321,318,172,11,27,620,280,7536,3736,430,1651,44.0,77,13.0,12,5309,36,-1.6062155054081555,-1.39762529814464,-1.1081651194371072,-1.0845174670653988,-1.2707084099456118,-0.11597494630920409,-0.6640800050053582,-0.7787983180350185,0.6584548486502736,-1.641201000258266,-0.35347352257287784,-0.22412911641303207,-0.8347120424139982,-1.3723144124588043,0.9906542056074766,Medium,1,1,-1.6062155054081548,-1.3976252981446384,-1.1081651194371078,-1.0845174670653988,-1.2707084099456112,-0.11597494630920384,-0.6640800050053585,-0.7787983180350203,0.6584548486502739,-1.641201000258266,-0.3534735225728778,-0.22412911641303238,-0.8347120424139983,-1.3723144124588444,1.6578993154752482,-0.34649203129021994,0.6125530498969481,3.332204510175204,8.226038429485484
Southwestern College,Yes,213,155,75,28,66,504,147,7200,3532,550,1500,56.0,56,11.8,12,7818,52,-2.045479161654492,-2.2175061859824483,-2.210077122313728,0.2564541555541443,-1.5473521170315896,-0.5021953986806045,-0.7679775314726306,0.12366360639712475,0.45655088669276045,-1.0863082490971052,-1.5240531582747878,-0.542574720624852,-0.8347120424139982,-0.19730266804351285,0.7276995305164319,Low,0,1,-2.0454791616544914,-2.2175061859824465,-2.210077122313729,0.25645415555414425,-1.547352117031589,-0.5021953986806043,-0.7679775314726308,0.123663606397123,0.4565508866927608,-1.0863082490971052,-1.5240531582747878,-0.5425747206248523,-0.8347120424139983,-0.19730266804355306,-0.13079571285238953,-1.2845558233198398,0.6125530498969481,4.204692619390966,8.169902647359145
Southwestern University,Yes,1244,912,352,44,77,1177,43,11850,4675,600,1050,83.0,89,11.3,35,12995,67,-0.24513558406604402,-0.26691083549690936,-0.26390684607092774,1.0296888476949617,-0.4899652184772995,-1.174141414325122,0.4601038015829847,0.44960144391101303,-0.2817874149273265,0.6230258404135154,0.6005650532112241,-0.6789541266546215,1.001734296309972,1.0145124645762948,0.7331189710610932,High,2,1,-0.2451355840660434,-0.2669108354969077,-0.26390684607092846,1.0296888476949617,-0.48996521847729896,-1.1741414143251219,0.4601038015829844,0.4496014439110113,-0.2817874149273262,0.6230258404135154,0.6005650532112241,-0.6789541266546218,1.0017342963099722,1.0145124645762547,-0.09393108454640224,0.5915717607393999,0.6125530498969481,4.356708826689592,8.450198322591959
Spalding University,Yes,283,201,97,10,45,589,263,8400,2800,600,900,50.0,56,10.6,40,6860,89,-1.739761160986033,-1.9162948488035818,-1.8534678545232153,-1.204141438433242,-1.338047372568333,-0.15460623362821735,-0.4101964618018934,0.44960144391101303,-0.5948985253355604,-1.3796467227004565,-1.5240531582747878,-0.8738990271409371,1.3055390298726273,-0.5669252096684051,0.7102473498233216,Medium,1,1,-1.7397611609860324,-1.9162948488035803,-1.853467854523216,-1.204141438433242,-1.3380473725683324,-0.1546062336282171,-0.4101964618018937,0.4496014439110113,-0.5948985253355601,-1.3796467227004565,-1.5240531582747878,-0.8738990271409376,1.3055390298726275,-0.5669252096684453,-0.24951057817445907,-0.34649203129021994,0.6125530498969481,3.828641396489095,7.937731775260109
Spelman College,Yes,3713,1237,443,47,83,1971,107,7000,5565,660,2400,73.0,80,12.5,18,9988,65,0.7597929291157753,0.04513121118741608,-0.011921071700316801,1.1501937769220463,0.06316247116920436,-0.6837042616691059,-0.8313414029239493,0.8108422001480808,1.4597682933535363,-0.08394204211030992,-0.1356944211524122,-0.35536252142722496,-0.2501326836602141,0.42856772559235085,0.3331537840021546,Low,0,1,0.759792929115776,0.045131211187417745,-0.011921071700317497,1.1501937769220463,0.06316247116920493,-0.6837042616691057,-0.8313414029239495,0.8108422001480791,1.4597682933535365,-0.08394204211030991,-0.13569442115241218,-0.3553625214272253,-0.25013268366021413,0.42856772559231066,-2.8146119066263044,-1.2845558233198398,0.6125530498969481,4.430816798843313,8.624431942085836
Spring Arbor College,Yes,372,362,181,15,32,1501,353,8600,3550,385,665,48.0,48,15.4,9,10938,49,-1.4514722387675145,-1.2540611967412494,-1.0449219639106846,-0.6744109272506593,-0.22130436128755065,0.029011606226874504,-0.3538989000342419,-1.1748916423246196,-1.1992509493507335,-1.470371731296988,-1.8227310098814986,0.3803088445537738,-1.1823654119674138,0.6403740388419804,0.9731182795698925,Medium,1,1,-1.4514722387675139,-1.2540611967412478,-1.0449219639106853,-0.6744109272506594,-0.2213043612875501,0.02901160622687476,-0.3538989000342422,-1.1748916423246214,-1.1992509493507333,-1.470371731296988,-1.8227310098814986,0.3803088445537736,-1.182365411967414,0.6403740388419402,1.5386147896926674,-0.34649203129021994,0.6125530498969481,3.4965075614664802,8.174984532943087
St. Bonaventure University,Yes,1489,1313,375,13,45,1688,131,10456,4927,500,1050,91.0,91,17.7,32,9828,78,-0.07438448187889048,0.10540698478546745,-0.19365405258009072,-0.8676768730139961,-0.09661155750627902,-0.5687111330584822,0.13161714176266778,-0.2291945977334828,-0.2817874149273265,1.2507419520369065,0.7816568116943878,0.9259436202503536,0.8085395078716484,0.3898173416349145,0.8817998656816656,Medium,1,1,-0.07438448187888985,0.10540698478546912,-0.1936540525800914,-0.8676768730139962,-0.09661155750627845,-0.568711133058482,0.1316171417626675,-0.22919459773348455,-0.2817874149273262,1.2507419520369065,0.7816568116943878,0.9259436202503536,0.8085395078716485,0.3898173416348743,0.917440083975485,-0.34649203129021994,0.6125530498969481,3.828641396489095,8.502688505213357
St. John's College,Yes,323,278,122,31,51,393,4,16150,5450,275,800,63.0,72,7.2,26,15622,64,-1.5996636524351824,-1.5479143934457797,-1.5472072638375063,0.42285937607467217,-1.896599640326986,-2.2624229781868515,1.3359470725190887,-2.3464134402034054,-0.8317407991744724,-0.7041258620108916,-0.6870519494859656,-1.9036274484289153,0.3918121720690085,1.377446398926898,0.8606811145510835,Very High,3,1,-1.5996636524351817,-1.5479143934457782,-1.547207263837507,0.4228593760746721,-1.8965996403269854,-2.262422978186851,1.3359470725190885,-2.346413440203407,-0.8317407991744721,-0.7041258620108916,-0.6870519494859656,-1.903627448428916,0.39181217206900854,1.3774463989268577,0.7737841282915572,1.5296355527690197,0.6125530498969481,3.9512437185814275,8.603554357064281
St. John Fisher College,Yes,1368,1064,354,19,51,1687,677,10570,5600,400,800,86.0,81,14.5,29,7908,66,-0.15460783956832744,-0.10827764390978442,-0.25759044142391496,-0.3392340437249904,-0.0972328788245323,0.45477488433068797,0.15952422946725292,-1.0385747647777013,-0.8317407991744724,0.8519616169825402,-0.060091883356808096,0.15826329784626644,0.6057379786639013,-0.16616846827358223,0.7777777777777778,High,2,1,-0.15460783956832683,-0.10827764390978276,-0.2575904414239157,-0.33923404372499044,-0.09723287882453173,0.45477488433068824,0.15952422946725264,-1.038574764777703,-0.8317407991744721,0.8519616169825402,-0.06009188335680806,0.15826329784626622,0.6057379786639014,-0.16616846827362244,0.20985125177266403,0.5915717607393999,0.6125530498969481,3.9512437185814275,8.630700432209832
St. Lawrence University,Yes,2753,1820,505,31,56,1801,45,18720,5730,650,825,90.0,94,11.5,38,14980,85,0.49277346425815927,0.4311179499501287,0.1277022693310842,0.42285937607467217,-0.029156532479061418,-1.1507160945452133,1.7876377464578235,0.7526774094232582,-0.7700634021766275,1.1692659029158703,1.0656043502924986,-0.6241261598571867,1.1865255105248433,1.2978847122133261,0.6610969851071559,Very High,3,1,0.4927734642581599,0.43111794995013036,0.1277022693310835,0.4228593760746721,-0.029156532479060852,-1.150716094545213,1.7876377464578233,0.7526774094232564,-0.7700634021766272,1.1692659029158703,1.0656043502924986,-0.624126159857187,1.1865255105248436,1.297884712213286,-0.5838458128602707,1.5296355527690197,0.6125530498969481,4.04305126783455,8.653645314551737
St. Martin's College,Yes,191,165,63,5,25,494,574,11550,4270,300,500,43.0,77,14.5,8,9209,40,-2.1644589572563944,-2.144547178211293,-2.459925511121393,-1.9916231295773121,-1.574788563918717,0.3442634149234432,0.3916464168528553,-2.0483080694901465,-1.7565250573930093,-1.681690574231242,-0.35347352257287784,0.15826329784626644,-1.3104191724516414,0.2302322746314767,0.8638743455497382,High,2,1,-2.164458957256394,-2.1445471782112913,-2.459925511121394,-1.9916231295773121,-1.5747885639187162,0.3442634149234435,0.391646416852855,-2.0483080694901483,-1.7565250573930091,-1.681690574231242,-0.3534735225728778,0.15826329784626622,-1.3104191724516416,0.23023227463143647,0.7955054245933539,0.5915717607393999,0.6125530498969481,3.258096538021482,8.359603270841466
St. Mary's College of California,Yes,2643,1611,465,36,80,2615,248,13332,6354,630,1584,88.0,89,16.1,17,9619,78,0.4559241753728693,0.3102993799681547,0.0400688442616145,0.675328745331237,0.3409954765136213,-0.19060927051232396,0.7825578135290102,0.6339700115112425,0.5710728147589011,1.0088928960519896,0.6005650532112241,0.5495374118750593,-0.33988160333066747,0.3377089849159633,0.6095346197502838,High,2,1,0.4559241753728699,0.3102993799681564,0.040068844261613806,0.6753287453312369,0.34099547651362183,-0.1906092705123237,0.78255781352901,0.6339700115112408,0.5710728147589015,1.0088928960519896,0.6005650532112241,0.5495374118750592,-0.3398816033306675,0.3377089849159231,-0.9345881852129093,0.5915717607393999,0.6125530498969481,4.394449154672439,8.756997183623554
St. Mary's College of Maryland,No,1340,695,285,42,73,1315,209,6800,4730,675,1250,84.0,89,11.6,23,10357,63,-0.17425754410301567,-0.5506922297903214,-0.503255081738839,0.9459121453121655,-0.3656964948283678,-0.2943199092245855,-0.8959060608122661,0.8966657976865622,0.07669669089682644,0.6984756672128422,0.6005650532112241,-0.5968513837520442,0.16480222734879074,0.5143920055324129,0.5186567164179104,Low,0,0,-0.17425754410301506,-0.5506922297903197,-0.5032550817388397,0.9459121453121654,-0.36569649482836725,-0.29431990922458523,-0.8959060608122663,0.8966657976865604,0.07669669089682678,0.6984756672128422,0.6005650532112241,-0.5968513837520445,0.1648022273487908,0.5143920055323727,-1.552766408586097,-1.2845558233198398,-1.6325116659989423,4.30406509320417,8.461891875631148
St. Mary's University of San Antonio,Yes,1243,1020,414,33,60,2149,418,8678,3858,700,1736,82.0,83,16.2,7,7651,72,-0.24590443840849815,-0.15157040686501483,-0.08519535989264047,0.5272445442404738,0.14996122975798218,0.13689545481892315,-0.33217604045219784,1.036080707406721,0.764704843352144,0.5484387369161905,0.09569733284866454,0.5734771392100787,-1.4463049617888242,-0.2565641567142554,0.8205953338696702,Medium,1,1,-0.24590443840849754,-0.15157040686501316,-0.08519535989264117,0.5272445442404737,0.14996122975798273,0.1368954548189234,-0.3321760404521981,1.0360807074067193,0.7647048433521443,0.5484387369161905,0.09569733284866458,0.5734771392100786,-1.4463049617888244,-0.2565641567142956,0.501108859876381,-0.34649203129021994,0.6125530498969481,4.110873864173311,8.258163361537619
St. Norbert College,Yes,1334,1243,568,30,56,1946,95,12140,4450,425,1100,74.0,78,15.1,36,8595,88,-0.1785254947754065,0.05003197421950125,0.25064781851048706,0.3687770077049723,0.050207881446859524,-0.7502317576043804,0.525205320806295,-0.8209747597609685,-0.1865912069727965,-0.01714162821819213,-0.28237352323745246,0.3068689253343478,1.0642129571506758,0.054698599847066404,0.931784107946027,High,2,1,-0.17852549477540589,0.050031974219502916,0.25064781851048634,0.36877700770497224,0.05020788144686009,-0.7502317576043802,0.5252053208062948,-0.8209747597609702,-0.18659120697279616,-0.01714162821819212,-0.2823735232374524,0.30686892533434756,1.064212957150676,0.0546985998470262,1.2574475989665437,0.5915717607393999,0.6125530498969481,4.04305126783455,8.400884069015854
St. Paul's College,Yes,651,581,243,8,17,617,34,5000,3650,600,600,45.0,45,14.0,8,8426,45,-0.8790659402227905,-0.7407393760469091,-0.6891883851058762,-1.4730544512765091,-1.2770438678460814,-1.2934851488090777,-1.5426640334792197,0.44960144391101303,-1.4016057553649468,-1.5998234319163254,-1.9161399642376822,0.032588388009415346,-1.3104191724516414,0.0029504329382438435,0.8924731182795699,Low,0,1,-0.8790659402227898,-0.7407393760469074,-0.6891883851058769,-1.4730544512765091,-1.2770438678460807,-1.2934851488090775,-1.5426640334792199,0.4496014439110113,-1.4016057553649466,-1.5998234319163254,-1.9161399642376822,0.032588388009415103,-1.3104191724516416,0.0029504329382036387,0.9900426868816565,-1.2845558233198398,0.6125530498969481,2.8903717578961645,8.202756381655638
St. Thomas Aquinas College,Yes,861,609,215,10,27,1117,815,8650,5700,500,1750,69.0,73,16.1,13,6534,67,-0.6017049745202295,-0.6905836826352001,-0.8350844142559638,-1.204141438433242,-0.549667807462784,0.5811669485935352,-0.33995917564912786,-0.2291945977334828,0.781741083845562,-0.34246044604151626,-0.6232192944825511,0.5495374118750593,-0.7285459157740776,-0.7114311672619984,0.7073170731707317,Medium,1,1,-0.6017049745202289,-0.6905836826351984,-0.8350844142559645,-1.204141438433242,-0.5496678074627834,0.5811669485935355,-0.33995917564912814,-0.22919459773348455,0.7817410838455623,-0.34246044604151626,-0.6232192944825511,0.5495374118750592,-0.7285459157740777,-0.7114311672620386,-0.269443181686062,-0.34649203129021994,0.6125530498969481,3.332204510175204,8.648396877031582
Stephens College,Yes,450,405,194,17,34,614,388,13900,5200,450,2150,46.0,63,10.9,17,9995,59,-1.2541463701930475,-1.1307532517832912,-0.9597044877467185,-0.4994689411839057,-1.2834169861994247,0.089134095797245,0.8998852924398955,-0.6142542943018506,1.2218312966148086,-1.557558776598059,-1.199238322126377,-0.7897561588604067,-0.33988160333066747,0.4302411812328037,0.9,High,2,1,-1.2541463701930469,-1.1307532517832897,-0.9597044877467191,-0.4994689411839058,-1.283416986199424,0.08913409579724525,0.8998852924398952,-0.6142542943018524,1.2218312966148088,-1.557558776598059,-1.199238322126377,-0.7897561588604072,-0.3398816033306675,0.4302411812327635,1.0412427498106844,0.5915717607393999,0.6125530498969481,3.5553480614894135,8.556606193773073
Stetson University,Yes,1557,1227,489,37,69,1964,81,12315,4565,600,1365,85.0,90,12.5,24,10307,73,-0.03231456166476523,0.03690652087788781,0.09364363716824842,0.7226458157909562,0.05955546209244588,-0.8381790084362992,0.5639977028720312,0.44960144391101303,0.25942052957029843,0.7747877474272864,0.6902976719925955,-0.35536252142722496,0.2420706033059415,0.5030408285179032,0.7880539499036608,High,2,1,-0.0323145616647646,0.036906520877889475,0.09364363716824772,0.7226458157909561,0.05955546209244645,-0.838179008436299,0.563997702872031,0.4496014439110113,0.25942052957029876,0.7747877474272864,0.6902976719925955,-0.3553625214272253,0.24207060330594155,0.503040828517863,0.27975279653676416,0.5915717607393999,0.6125530498969481,4.248495242049359,8.42639282708974
Stevens Institute of Technology,Yes,1768,1249,380,51,93,1263,11,16900,5680,450,750,89.0,89,19.0,33,12837,79,0.08666789306854686,0.0549075099227041,-0.17903891237415498,1.3022664532279355,-0.41057141369962685,-1.8298731617089103,1.4723661123632086,-0.6142542943018506,-0.9606431574931019,1.0886494052534617,0.6005650532112241,1.2221083432317035,0.8739402524684261,0.9890900989515634,0.706447963800905,Very High,3,1,0.08666789306854748,0.054907509922705766,-0.17903891237415567,1.3022664532279355,-0.4105714136996263,-1.8298731617089101,1.4723661123632084,-0.6142542943018524,-0.9606431574931016,1.0886494052534617,0.6005650532112241,1.2221083432317035,0.8739402524684262,0.9890900989515232,-0.2753551192028361,1.5296355527690197,0.6125530498969481,4.543294782270004,8.644882552557126
Stockton College of New Jersey,No,4019,1579,710,23,65,4365,765,3040,4351,711,1125,78.0,92,19.5,7,5599,64,0.8295126659532778,0.2903294708916989,0.47799570129365826,-0.053119072030679164,0.8026871281722464,0.5377717970498993,-2.4549598858849975,1.0960530682730285,-0.1404862061624641,0.25872716535248275,0.8746535950171559,1.3339046256249534,-1.4463049617888242,-1.195864074530373,0.39288380194078126,Low,0,0,0.8295126659532784,0.2903294708917006,0.47799570129365754,-0.053119072030679226,0.802687128172247,0.5377717970498995,-2.454959885884998,1.0960530682730267,-0.14048620616246377,0.25872716535248275,0.8746535950171559,1.3339046256249534,-1.4463049617888244,-1.1958640745304132,-2.40831075951131,-1.2845558233198398,-1.6325116659989423,4.189654742026425,8.378390788535778
Stonehill College,Yes,3646,2300,585,25,69,2022,926,12170,6172,480,800,79.0,79,13.0,30,7495,97,0.7437047920491107,0.660123775733596,0.28114210964286734,0.07620224590010687,0.08897941740745141,0.6695150890881191,0.5318814148129978,-0.3790064790554481,-0.8317407991744724,0.32985855535977965,-0.20978440474634713,-0.22412911641303207,0.6744919461391042,-0.31375312311655534,0.6308283049917718,High,2,1,0.7437047920491113,0.6601237757335977,0.2811421096428666,0.0762022459001068,0.08897941740745198,0.6695150890881193,0.5318814148129976,-0.3790064790554498,-0.8317407991744721,0.32985855535977965,-0.2097844047463471,-0.22412911641303238,0.6744919461391043,-0.31375312311659553,-0.7897422762628755,0.5915717607393999,0.6125530498969481,4.248495242049359,8.727940222393896
SUNY at Albany,No,13528,9198,1843,16,61,10168,1231,6550,4355,700,1560,93.0,96,17.4,16,9075,74,1.8492817884322754,1.9427836923191828,1.3666956236907837,-0.5849046607537621,1.4600313298765208,0.8705694394243594,-0.9783909818319574,1.036080707406721,0.5389373744126061,1.4162709817701533,1.2632379969775114,0.8564097288576539,-0.43232901744623836,0.19349096498005736,0.6799231224127735,Low,0,0,1.849281788432276,1.9427836923191844,1.366695623690783,-0.5849046607537622,1.4600313298765215,0.8705694394243596,-0.9783909818319576,1.0360807074067193,0.5389373744126065,1.4162709817701533,1.2632379969775114,0.8564097288576539,-0.4323290174462384,0.19349096498001714,-0.45578489061383226,-1.2845558233198398,-1.6325116659989423,4.127134385045092,8.37930948405285
SUNY at Binghamton,No,14463,6166,1757,60,94,8544,671,6550,4598,700,1000,83.0,100,18.0,15,8055,80,1.9028602463593478,1.5852220446344687,1.3252008199638072,1.6144757210802636,1.3345207146241194,0.44876794921214425,-0.9783909818319574,1.036080707406721,-0.38127720198738435,0.6230258404135154,1.6789026453905742,0.9950204857321487,-0.5277223848834107,-0.11647402489726992,0.42632925395837656,Low,0,0,1.9028602463593485,1.5852220446344703,1.3252008199638066,1.6144757210802636,1.33452071462412,0.4487679492121445,-0.9783909818319576,1.0360807074067193,-0.381277201987384,0.6230258404135154,1.6789026453905742,0.9950204857321487,-0.5277223848834108,-0.11647402489731012,-2.180804959421123,-1.2845558233198398,-1.6325116659989423,4.553876891600541,8.433594167539924
SUNY at Buffalo,No,15039,9649,3087,36,100,13963,3124,6550,4731,708,957,90.0,97,13.6,15,11177,56,1.934048298027924,1.9849211810730683,1.7957442588434667,0.675328745331237,1.6768446721554808,1.5691691808080093,-0.9783909818319574,1.0797775855093061,-0.47059364807846943,1.1692659029158703,1.3645882269351624,-0.06921363882471981,-0.5277223848834107,0.6892441478728566,0.6415985105392645,Low,0,0,1.9340482980279248,1.9849211810730698,1.795744258843466,0.6753287453312369,1.6768446721554815,1.5691691808080095,-0.9783909818319576,1.0797775855093044,-0.4705936480784691,1.1692659029158703,1.3645882269351624,-0.06921363882472008,-0.5277223848834108,0.6892441478728164,-0.7164801708821787,-1.2845558233198398,-1.6325116659989423,4.61512051684126,8.462103225098277
SUNY at Stony Brook,No,12512,6969,1724,27,66,9744,1351,6550,4712,600,1200,91.0,96,10.5,7,13705,57,1.7863603747954113,1.6957249216183632,1.3086522302276562,0.19803987368047105,1.4297507236217977,0.9374922384855371,-0.9783909818319574,0.44960144391101303,-0.007652220075795025,1.2507419520369065,1.2632379969775114,-0.9021518855480517,-1.4463049617888242,1.123122429718236,0.5569852941176471,Low,0,0,1.786360374795412,1.6957249216183647,1.3086522302276555,0.198039873680471,1.4297507236217983,0.9374922384855373,-0.9783909818319576,0.4496014439110113,-0.0076522200757946955,1.2507419520369065,1.2632379969775114,-0.9021518855480521,-1.4463049617888244,1.1231224297181959,-1.2920441516015004,-1.2845558233198398,-1.6325116659989423,4.204692619390966,8.45807992692373
SUNY College  at Brockport,No,7294,3564,904,7,34,5758,1363,6550,4460,500,705,79.0,83,19.0,14,6632,49,1.3415407069178689,1.0787851593676305,0.7154942602360159,-1.6267810138219472,1.0315265544875447,0.943886560160843,-0.9783909818319574,-0.2291945977334828,-1.0836490145917077,0.32985855535977965,0.09569733284866454,1.2221083432317035,-0.6263490666426472,-0.6668406807797778,0.48862078420619687,Low,0,0,1.3415407069178695,1.078785159367632,0.7154942602360153,-1.6267810138219472,1.0315265544875454,0.9438865601608433,-0.9783909818319576,-0.22919459773348455,-1.0836490145917075,0.32985855535977965,0.09569733284866458,1.2221083432317035,-0.6263490666426473,-0.666840680779818,-1.7570796523026286,-1.2845558233198398,-1.6325116659989423,3.5553480614894135,8.403128235128264
SUNY College  at Oswego,No,8000,4556,1464,17,70,6943,869,6550,4810,500,1500,69.0,85,22.0,21,5280,63,1.4189414712458792,1.3080286491820776,1.1639590732768286,-0.4994689411839057,1.178476506491788,0.6254175275588529,-0.9783909818319574,-0.2291945977334828,0.45655088669276045,-0.34246044604151626,0.25767565625110594,1.8769734484218663,0.004942005820180814,-1.390777533121176,0.5695,Low,0,0,1.4189414712458799,1.3080286491820792,1.163959073276828,-0.4994689411839058,1.1784765064917886,0.6254175275588532,-0.9783909818319576,-0.22919459773348455,0.4565508866927608,-0.34246044604151626,0.257675656251106,1.8769734484218665,0.004942005820180843,-1.3907775331212162,-1.2069154419293988,-1.2845558233198398,-1.6325116659989423,4.2626798770413155,8.478660241699453
SUNY College at Buffalo,No,5318,3515,1025,8,29,7626,2091,6550,4040,550,1230,71.0,78,18.7,12,7511,42,1.07287710176466,1.0657448282435154,0.8355631841537732,-1.4730544512765091,1.2499183886203393,1.2601087892710834,-0.9783909818319574,0.12366360639712475,0.04333867860751693,-0.21493899577553588,-0.28237352323745246,1.154480994238658,-0.8347120424139982,-0.30780338082559316,0.6609627679578789,Low,0,0,1.0728771017646606,1.065744828243517,0.8355631841537725,-1.4730544512765091,1.24991838862034,1.2601087892710836,-0.9783909818319576,0.123663606397123,0.04333867860751726,-0.21493899577553588,-0.2823735232374524,1.154480994238658,-0.8347120424139983,-0.30780338082563335,-0.5847587973795416,-1.2845558233198398,-1.6325116659989423,3.4011973816621555,8.304247465078474
SUNY College at Cortland,No,7888,3519,1036,6,40,5011,346,6550,4680,630,1274,82.0,85,17.8,17,5563,53,1.407163486657948,1.066816609150962,0.8456598579090053,-1.7978331880954057,0.918454085401265,0.0163456076138118,-0.9783909818319574,0.6339700115112425,0.11608006919209106,0.5484387369161905,0.25767565625110594,0.949019493150806,-0.33988160333066747,-1.2169946134274274,0.44612068965517243,Low,0,0,1.4071634866579488,1.0668166091509637,0.8456598579090047,-1.7978331880954057,0.9184540854012656,0.01634560761381206,-0.9783909818319576,0.6339700115112408,0.11608006919209139,0.5484387369161905,0.257675656251106,0.949019493150806,-0.3398816033306675,-1.2169946134274676,-2.0461777936479044,-1.2845558233198398,-1.6325116659989423,3.713572066704308,8.45126704130007
SUNY College at Fredonia,No,4877,2798,814,13,48,4123,298,6550,4420,620,1481,82.0,90,16.3,10,6442,66,0.9981827530464751,0.8490454948316888,0.6134706073588976,-0.8676768730139961,0.7538142127712137,-0.07731029512284487,-0.9783909818319574,0.5733801283497844,0.42982502804723033,0.5484387369161905,0.6902976719925955,0.5973594431689156,-1.060970528103861,-0.754240590655305,0.5737133483698995,Low,0,0,0.9981827530464757,0.8490454948316905,0.6134706073588969,-0.8676768730139962,0.7538142127712143,-0.07731029512284462,-0.9783909818319576,0.5733801283497826,0.42982502804723066,0.5484387369161905,0.6902976719925955,0.5973594431689155,-1.0609705281038613,-0.7542405906553452,-1.178255007277525,-1.2845558233198398,-1.6325116659989423,3.8918202981106265,8.394121193826242
SUNY College at Geneseo,No,8598,4562,1143,56,93,5060,146,6550,4170,600,650,79.0,84,19.1,25,5716,76,1.47897406008045,1.3092468118232052,0.9378552751892963,1.4803479884652577,0.9264850436777798,-0.5061565996033311,-0.9783909818319574,0.44960144391101303,-1.2442682361696895,0.32985855535977965,0.17590711389826053,1.2445583074456885,0.3177088594568356,-1.128612551107959,0.5305885089555711,Low,0,0,1.4789740600804506,1.3092468118232068,0.9378552751892957,1.4803479884652577,0.9264850436777804,-0.5061565996033309,-0.9783909818319576,0.4496014439110113,-1.2442682361696893,0.32985855535977965,0.17590711389826055,1.2445583074456885,0.31770885945683564,-1.1286125511079992,-1.4716028469047506,-1.2845558233198398,-1.6325116659989423,4.543294782270004,8.335911094196945
SUNY College at New Paltz,No,8399,3609,656,19,53,4658,1478,6550,4240,550,1500,85.0,93,15.3,8,6608,53,1.4595076988369575,1.090593218499193,0.3982901317082769,-0.3392340437249904,0.8576172367905968,1.00271850206878,-0.9783909818319574,0.12366360639712475,0.45655088669276045,0.7747877474272864,0.9692990979140862,0.35589122960456665,-1.3104191724516414,-0.677666438356213,0.42969401119180856,Low,0,0,1.4595076988369582,1.0905932184991947,0.39829013170827615,-0.33923404372499044,0.8576172367905973,1.0027185020687803,-0.9783909818319576,0.123663606397123,0.4565508866927608,0.7747877474272864,0.9692990979140862,0.35589122960456643,-1.3104191724516416,-0.6776664383562532,-2.157916891228818,-1.2845558233198398,-1.6325116659989423,3.9889840465642745,8.352554369474591
SUNY College at Plattsburgh,No,5549,3583,853,9,40,5004,475,6550,4176,600,1380,80.0,90,17.9,16,6174,65,1.1093939066627854,1.0837901188082968,0.6592028941647026,-1.3330274833513371,0.9172989932875703,0.2196986185995941,-0.9783909818319574,0.44960144391101303,0.2821942158043576,0.4018546093085536,0.6902976719925955,0.9720449847980202,-0.43232901744623836,-0.8845111848103826,0.6457019282753649,Low,0,0,1.109393906662786,1.0837901188082983,0.6592028941647019,-1.3330274833513371,0.9172989932875708,0.21969861859959436,-0.9783909818319576,0.4496014439110113,0.28219421580435794,0.4018546093085536,0.6902976719925955,0.9720449847980202,-0.4323290174462384,-0.8845111848104228,-0.6885675167292421,-1.2845558233198398,-1.6325116659989423,3.713572066704308,8.337348564497175
SUNY College at Potsdam,No,3150,2289,650,16,51,3598,234,6840,4660,500,1000,71.0,75,15.1,17,6436,59,0.6137359440855941,0.6554705614385302,0.3889689865355878,-0.5849046607537621,0.6346084824994297,-0.22602859273297324,-0.8828942952654918,-0.2291945977334828,-0.38127720198738435,-0.21493899577553588,-0.4912534379026085,0.3068689253343478,-0.33988160333066747,-0.7570652537230222,0.7266666666666667,Low,0,0,0.6137359440855947,0.6554705614385319,0.3889689865355871,-0.5849046607537622,0.6346084824994302,-0.226028592732973,-0.882894295265492,-0.22919459773348455,-0.381277201987384,-0.21493899577553588,-0.49125343790260845,0.30686892533434756,-0.3398816033306675,-0.7570652537230624,-0.13782155649778083,-1.2845558233198398,-1.6325116659989423,3.9512437185814275,8.446985296372741
SUNY College at Purchase,No,2119,1264,390,5,33,2478,1441,6550,4760,1125,1362,80.0,100,14.9,8,8170,46,0.25432320887906396,0.06698761202087432,-0.1504629531750516,-1.9916231295773121,0.2894305154404771,0.9842541902497188,-0.9783909818319574,2.9160172389485366,0.25483800162199005,0.4018546093085536,1.6789026453905742,0.2575933508983325,-1.3104191724516414,-0.07856227609415525,0.5965077866918358,Low,0,0,0.25432320887906457,0.06698761202087598,-0.1504629531750523,-1.9916231295773121,0.28943051544047765,0.984254190249719,-0.9783909818319576,2.916017238948535,0.2548380016219904,0.4018546093085536,1.6789026453905742,0.2575933508983323,-1.3104191724516416,-0.07856227609419546,-1.0232005345405353,-1.2845558233198398,-1.6325116659989423,3.5263605246161616,8.46821300919452
Susquehanna University,Yes,2096,1512,465,27,59,1442,166,16130,4710,400,800,83.0,86,13.9,37,10554,90,0.24428208104993163,0.24707821498518667,0.0400688442616145,0.19803987368047105,-0.2646308576986134,-0.431205973875573,1.3322527997760976,-1.0385747647777013,-0.8317407991744724,0.6230258404135154,0.3410143789166372,0.007245150469287423,1.1257980950091877,0.558305853463535,0.7213740458015268,Very High,3,1,0.24428208104993224,0.24707821498518834,0.040068844261613806,0.198039873680471,-0.26463085769861283,-0.43120597387557275,1.3322527997760973,-1.038574764777703,-0.8317407991744721,0.6230258404135154,0.3410143789166373,0.007245150469287173,1.125798095009188,0.5583058534634948,-0.17382352004918422,1.5296355527690197,0.6125530498969481,4.0943445622221,8.45765547870004
Sweet Briar College,Yes,462,402,146,36,68,527,41,14500,6000,500,600,91.0,99,6.5,48,18953,61,-1.2270795604096665,-1.138891611054318,-1.31476876033242,0.675328745331237,-1.4866907469548132,-1.198570026058043,1.0204503919613213,-0.2291945977334828,-1.4016057553649468,1.2507419520369065,1.572409762644023,-2.1376362827534168,1.7530766248416305,1.7214010175504895,0.8701298701298701,Very High,3,1,-1.2270795604096658,-1.1388916110543164,-1.3147687603324207,0.6753287453312369,-1.4866907469548125,-1.1985700260580427,1.020450391961321,-0.22919459773348455,-1.4016057553649466,1.2507419520369065,1.572409762644023,-2.1376362827534177,1.7530766248416307,1.7214010175504493,0.8380573423799045,1.5296355527690197,0.6125530498969481,4.23410650459726,8.699681400989514
Syracuse University,Yes,10477,7260,2442,28,67,10142,117,15150,6870,635,960,73.0,84,11.3,13,14231,67,1.64196654429776,1.7324422553683791,1.6049874301035614,0.2564541555541443,1.4582191271318994,-0.6332185184089396,1.147419281351507,0.6639513498766774,-0.46424287851591006,-0.08394204211030992,0.17590711389826053,-0.6789541266546215,-0.7285459157740776,1.1981438371992335,0.6929464541376348,Very High,3,1,1.6419665442977607,1.7324422553683807,1.6049874301035607,0.25645415555414425,1.4582191271319,-0.6332185184089394,1.1474192813515067,0.6639513498766756,-0.46424287851590973,-0.08394204211030991,0.17590711389826055,-0.6789541266546218,-0.7285459157740777,1.1981438371991933,-0.36719635838691744,1.5296355527690197,0.6125530498969481,4.219507705176107,8.835064935031076
Tabor College,Yes,257,183,109,19,41,396,38,7850,3410,400,1500,55.0,70,10.0,15,7233,53,-1.8427375389751803,-2.0244106794910053,-1.6963443414031218,-0.3392340437249904,-1.8856391729747426,-1.2373062479710122,-0.5697016908076236,-1.0385747647777013,0.45655088669276045,-1.1373980419630705,-0.8104772611976783,-1.0450179269704816,-0.5277223848834107,-0.4140516721976221,0.7120622568093385,Medium,1,1,-1.8427375389751797,-2.0244106794910035,-1.6963443414031225,-0.33923404372499044,-1.885639172974742,-1.237306247971012,-0.5697016908076238,-1.038574764777703,0.4565508866927608,-1.1373980419630705,-0.8104772611976783,-1.045017926970482,-0.5277223848834108,-0.4140516721976623,-0.23716504713706033,-0.34649203129021994,0.6125530498969481,3.7376696182833684,8.134760782418645
Talladega College,Yes,4414,1500,335,30,60,908,119,5666,2964,1000,1400,56.0,58,15.5,7,5970,46,0.9115288890098898,0.23911562787142868,-0.3193264332249532,0.3687770077049723,-0.7928756937518195,-0.6235905241576435,-1.2878473531290051,2.4385555837110098,0.31220519593736024,-1.0863082490971052,-1.4375163915219222,0.4046648510463102,-1.4463049617888242,-0.9896674010694586,0.33982782057091077,Low,0,1,0.9115288890098905,0.23911562787143034,-0.3193264332249539,0.36877700770497224,-0.792875693751819,-0.6235905241576433,-1.2878473531290053,2.438555583711008,0.31220519593736057,-1.0863082490971052,-1.4375163915219222,0.40466485104631006,-1.4463049617888244,-0.9896674010694988,-2.7692131472192787,-1.2845558233198398,0.6125530498969481,4.110873864173311,7.994632311431825
Taylor University,Yes,1769,1092,437,41,80,1757,81,10965,4000,450,1250,60.0,61,14.2,32,8294,98,0.08719482495164363,-0.08171294096714614,-0.026618478703078787,0.9029060992795955,-0.05479228101555204,-0.8381790084362992,0.25471754310896433,-0.6142542943018506,0.07669669089682644,-0.8731730296610826,-1.2983753500580535,0.08306456636014142,0.8085395078716484,-0.03859499735607174,0.6172979084228377,High,2,1,0.08719482495164425,-0.08171294096714447,-0.02661847870307948,0.9029060992795954,-0.05479228101555147,-0.838179008436299,0.25471754310896405,-0.6142542943018524,0.07669669089682678,-0.8731730296610826,-1.2983753500580535,0.08306456636014119,0.8085395078716485,-0.038594997356111944,-0.8817800126741949,0.5915717607393999,0.6125530498969481,4.394449154672439,8.294299608857235
Tennessee Wesleyan College,Yes,232,182,99,7,29,402,237,7070,3640,400,3158,59.0,65,8.9,16,6286,36,-1.9528843614414255,-2.0307468733676006,-1.8257713796288695,-1.6267810138219472,-1.864018810968551,-0.21828095609480486,-0.8090303493988384,-1.0385747647777013,2.061986066090208,-0.9277718533150182,-1.094880026424442,-1.369500491403887,-0.43232901744623836,-0.8290283365346829,0.7844827586206896,Low,0,1,-1.9528843614414249,-2.030746873367599,-1.8257713796288702,-1.6267810138219472,-1.8640188109685503,-0.2182809560948046,-0.8090303493988387,-1.038574764777703,2.0619860660902085,-0.9277718533150182,-1.094880026424442,-1.3695004914038875,-0.4323290174462384,-0.8290283365347231,0.25546050323242964,-1.2845558233198398,0.6125530498969481,3.4011973816621555,8.200013648175434
Texas A&M Univ. at College Station,No,14474,10519,6392,49,85,31643,2798,5130,3412,600,2144,89.0,91,23.1,29,8471,69,1.9034682499601776,2.0605630699787056,2.3462225827661416,1.2273850455284772,2.1713038027311122,1.4831034831862213,-1.4912463226655415,0.44960144391101303,1.2158116763224143,1.0886494052534617,0.7816568116943878,2.108250746221951,0.6057379786639013,0.01688496829091491,0.7267514163327345,Low,0,0,1.9034682499601783,2.0605630699787074,2.3462225827661407,1.2273850455284772,2.1713038027311127,1.4831034831862215,-1.4912463226655417,0.4496014439110113,1.2158116763224145,1.0886494052534617,0.7816568116943878,2.108250746221951,0.6057379786639014,0.016884968290874706,-0.13724506434644135,-1.2845558233198398,-1.6325116659989423,4.454347296253507,8.135346948906706
Texas A&M University at Galveston,No,529,481,243,22,47,1206,134,4860,3122,600,650,103.0,88,17.4,16,6415,43,-1.0886159075924666,-0.9436663042555886,-0.6891883851058762,-0.12094221917214974,-0.46242387309340777,-0.5557012352251401,-1.5990288354894489,0.44960144391101303,-1.2442682361696895,2.295347055016905,0.5124477851823425,0.8564097288576539,-0.43232901744623836,-0.7669836450552817,0.9092627599243857,Low,0,0,-1.088615907592466,-0.943666304255587,-0.6891883851058769,-0.12094221917214981,-0.4624238730934072,-0.5557012352251399,-1.599028835489449,0.4496014439110113,-1.2442682361696893,2.295347055016905,0.5124477851823425,0.8564097288576539,-0.4323290174462384,-0.7669836450553219,1.1042507667611514,-1.2845558233198398,-1.6325116659989423,3.871201010907891,8.046549357283078
Texas Christian University,Yes,4095,3079,1195,33,64,5064,660,8490,3320,650,2400,81.0,93,14.8,23,9158,64,0.8459466419622028,0.9403650051533974,0.9791318574624632,0.5272445442404738,0.9271364441392261,0.43762840093604244,-0.3847547959295772,0.7526774094232582,1.4597682933535363,0.474714832564546,0.9692990979140862,0.23285911367621054,0.16480222734879074,0.21634640346214432,0.7518925518925519,Medium,1,1,0.8459466419622035,0.940365005153399,0.9791318574624626,0.5272445442404737,0.9271364441392267,0.4376284009360427,-0.38475479592957745,0.7526774094232564,1.4597682933535365,0.474714832564546,0.9692990979140862,0.23285911367621034,0.1648022273487908,0.2163464034621041,0.03377233310726897,-0.34649203129021994,0.6125530498969481,4.174387269895637,8.108021221376747
Texas Lutheran College,Yes,497,423,215,27,57,895,429,7850,3410,490,1700,54.0,58,13.8,24,7002,50,-1.152245604817201,-1.0832379911270433,-0.8350844142559638,0.19803987368047105,-0.8102200987619123,0.1536363248892522,-0.5697016908076236,-0.303434571530726,0.7203062078785692,-1.187608809255785,-1.4375163915219222,-0.018169120424499485,0.2420706033059415,-0.5072473790267931,0.8511066398390342,Medium,1,1,-1.1522456048172003,-1.0832379911270418,-0.8350844142559645,0.198039873680471,-0.8102200987619117,0.15363632488925244,-0.5697016908076238,-0.3034345715307277,0.7203062078785696,-1.187608809255785,-1.4375163915219222,-0.018169120424499738,0.24207060330594155,-0.5072473790268333,0.7086557356879205,-0.34649203129021994,0.6125530498969481,4.060443010546419,8.134760782418645
Texas Southern University,No,4345,3245,2604,15,85,5584,3101,7860,3360,600,1700,65.0,75,18.2,21,3605,10,0.8977841270140329,0.9902156885700675,1.657947589393293,-0.6744109272506593,1.0068522974271437,1.5633690716498796,-0.5667371044636494,0.44960144391101303,0.7203062078785692,-0.5870586132298377,-0.4912534379026085,1.0408230518289996,0.004942005820180814,-2.8219943523408038,0.7468354430379747,Medium,1,0,0.8977841270140335,0.9902156885700691,1.6579475893932922,-0.6744109272506594,1.0068522974271443,1.5633690716498798,-0.5667371044636497,0.4496014439110113,0.7203062078785696,-0.5870586132298377,-0.49125343790260845,1.0408230518289996,0.004942005820180843,-2.821994352340844,-0.0006276084901261414,-0.34649203129021994,-1.6325116659989423,4.454347296253507,8.119993827725105
Texas Wesleyan University,Yes,592,501,279,19,44,1204,392,6400,3484,600,1800,80.0,83,14.5,10,7936,43,-0.9746050725961611,-0.8996740399058225,-0.5278077443510664,-0.3392340437249904,-0.4642972451242588,0.09569071633753531,-1.0288789635676352,0.44960144391101303,0.8415717373291548,0.4018546093085536,0.09569733284866454,0.15826329784626644,-1.060970528103861,-0.15659349686459612,0.8462837837837838,Low,0,1,-0.9746050725961605,-0.8996740399058208,-0.527807744351067,-0.33923404372499044,-0.46429724512425824,0.09569071633753556,-1.0288789635676354,0.4496014439110113,0.8415717373291551,0.4018546093085536,0.09569733284866458,0.15826329784626622,-1.0609705281038613,-0.15659349686463633,0.6758492505194044,-1.2845558233198398,0.6125530498969481,3.8066624897703196,8.156223323194624
The Citadel,No,1500,1242,611,12,36,2024,292,7070,2439,400,779,95.0,94,17.1,17,7744,84,-0.06744098301739737,0.049216939087590984,0.32585649259740807,-0.9727316677869278,0.08997563102792064,-0.08995891108504199,-0.8090303493988384,-1.0385747647777013,-0.884944852495628,1.5852330973790323,1.0656043502924986,0.786407828322618,-0.33988160333066747,-0.2233190045675229,0.828,Low,0,0,-0.06744098301739675,0.04921693908759265,0.32585649259740734,-0.9727316677869279,0.08997563102792121,-0.08995891108504174,-0.8090303493988387,-1.038574764777703,-0.8849448524956277,1.5852330973790323,1.0656043502924986,0.786407828322618,-0.3398816033306675,-0.22331900456756312,0.5514775764210138,-1.2845558233198398,-1.6325116659989423,3.6109179126442243,7.799753318287247
Thiel College,Yes,1154,951,253,15,31,791,140,11172,4958,700,1350,68.0,76,11.6,16,9186,60,-0.3171288144353537,-0.22365166244570664,-0.6417250496696661,-0.6744109272506593,-0.9610553969776796,-0.5304503828713003,0.30370601093351696,1.036080707406721,0.23641393758197868,-0.4049164499282882,-0.4230962065588109,-0.5968513837520442,-0.43232901744623836,0.22398473987836037,0.8240901213171578,High,2,1,-0.31712881443535307,-0.22365166244570497,-0.6417250496696668,-0.6744109272506594,-0.961055396977679,-0.5304503828713001,0.3037060109335167,1.0360807074067193,0.236413937581979,-0.4049164499282882,-0.42309620655881086,-0.5968513837520445,-0.4323290174462384,0.22398473987832015,0.5248814318233085,0.5915717607393999,0.6125530498969481,3.4657359027997265,8.508959386489133
Tiffin University,Yes,845,734,254,5,21,662,351,7600,3800,600,1200,59.0,74,19.0,40,5096,39,-0.6201375737106215,-0.4932442816310475,-0.6370980655758132,-1.9916231295773121,-1.1857513899938574,0.025416014696842598,-0.6446369254313375,0.44960144391101303,-0.007652220075795025,-0.9277718533150182,-0.5579571392876599,1.2221083432317035,1.3055390298726273,-1.5116766930690706,0.8686390532544379,Medium,1,1,-0.6201375737106208,-0.49324428163104583,-0.6370980655758138,-1.9916231295773121,-1.1857513899938568,0.025416014696842855,-0.6446369254313378,0.4496014439110113,-0.0076522200757946955,-0.9277718533150182,-0.5579571392876599,1.2221083432317035,1.3055390298726275,-1.5116766930691108,0.8279163675814561,-0.34649203129021994,0.6125530498969481,3.091042453358316,8.24301946898925
Transylvania University,Yes,759,729,244,57,81,867,51,10900,4450,500,1000,81.0,91,12.1,41,10219,70,-0.7260963939035018,-0.500424605826945,-0.6843415439833753,1.51453184767177,-0.8486430137583104,-1.0856771595189667,0.2392094638614887,-0.2291945977334828,-0.38127720198738435,0.474714832564546,0.7816568116943878,-0.4618260365186871,1.3638859737288738,0.4828550519351407,0.9604743083003953,High,2,1,-0.7260963939035011,-0.5004246058269434,-0.684341543983376,1.51453184767177,-0.8486430137583099,-1.0856771595189665,0.23920946386148842,-0.22919459773348455,-0.381277201987384,0.474714832564546,0.7816568116943878,-0.4618260365186875,1.363885973728874,0.48285505193510053,1.45260677884351,0.5915717607393999,0.6125530498969481,4.406719247264253,8.400884069015854
Trenton State College,No,5042,2312,944,55,94,5167,902,5391,5411,700,1000,81.0,87,14.4,6,8504,81,1.0269476555150763,0.6651729500214801,0.7571398927397619,1.4457068812376728,0.9436971753162882,0.6512543948436128,-1.3905438294422738,1.036080707406721,-0.38127720198738435,0.474714832564546,0.4259346495311623,0.1332649038957073,-1.5915825941910087,0.027031275377794657,0.45854819516065054,Low,0,0,1.026947655515077,0.6651729500214818,0.7571398927397612,1.4457068812376728,0.9436971753162887,0.651254394843613,-1.390543829442274,1.0360807074067193,-0.381277201987384,0.474714832564546,0.42593464953116233,0.13326490389570708,-1.591582594191009,0.027031275377754453,-1.9616422465827439,-1.2845558233198398,-1.6325116659989423,4.553876891600541,8.59637398929068
Tri-State University,Yes,1262,1102,276,14,40,978,98,9456,4350,468,1323,53.0,53,12.8,24,7603,65,-0.23140847578379825,-0.07240163577394748,-0.5403135442163238,-0.7684736752694478,-0.7044153762479795,-0.7329188116093822,-0.12220977454924682,-0.47152493222221514,0.1943990525305427,-1.236939816910309,-1.644788026270866,-0.27638263282096814,0.2420706033059415,-0.2739678820120521,0.873217115689382,Medium,1,1,-0.23140847578379764,-0.07240163577394582,-0.5403135442163245,-0.7684736752694479,-0.7044153762479789,-0.732918811609382,-0.1222097745492471,-0.47152493222221686,0.19439905253054304,-1.236939816910309,-1.644788026270866,-0.2763826328209685,0.24207060330594155,-0.27396788201209227,0.8590576945569994,-0.34649203129021994,0.6125530498969481,3.713572066704308,8.37816098272068
Trinity College CT,Yes,3058,1798,478,46,84,1737,244,18810,5690,500,680,91.0,96,10.4,48,18034,91,0.5872214750837064,0.41911801537164983,0.06947392682514149,1.1106782881401172,-0.06670494037029921,-0.20054132061807592,1.8026950754757654,-0.2291945977334828,-1.1551642113790848,1.2507419520369065,1.2632379969775114,-0.9305096229230176,1.7530766248416305,1.636365469931966,0.5879659908436887,Very High,3,1,0.587221475083707,0.4191180153716515,0.0694739268251408,1.1106782881401172,-0.06670494037029864,-0.20054132061807567,1.8026950754757651,-0.22919459773348455,-1.1551642113790845,1.2507419520369065,1.2632379969775114,-0.9305096229230181,1.7530766248416307,1.6363654699319259,-1.0813043418270203,1.5296355527690197,0.6125530498969481,4.442651256490317,8.646641258603124
Trinity College DC,Yes,247,189,100,19,49,309,639,11412,6430,500,900,89.0,93,8.3,37,11806,96,-1.885355991610237,-1.987154401161086,-1.81216410442926,-0.3392340437249904,-2.252767297436137,0.4158892447449324,0.35976342735151623,-0.2291945977334828,-0.5948985253355604,1.0886494052534617,0.9692990979140862,-1.5530655045239836,1.1257980950091877,0.8104958464425481,0.7651821862348178,High,2,1,-1.8853559916102363,-1.9871544011610844,-1.8121641044292607,-0.33923404372499044,-2.2527672974361366,0.41588924474493266,0.35976342735151595,-0.22919459773348455,-0.5948985253355601,1.0886494052534617,0.9692990979140862,-1.5530655045239843,1.125798095009188,0.8104958464425079,0.12417233405067438,0.5915717607393999,0.6125530498969481,3.912023005428146,8.768885326134862
Trinity College VT,Yes,222,185,91,16,41,484,541,11010,5208,550,500,58.0,78,10.4,26,9586,78,-2.000559157874319,-2.0118486113302847,-1.940681649321754,-0.5849046607537621,-1.6029104980940039,0.30505375137088064,0.2654185600150788,0.12366360639712475,-1.7565250573930093,-0.9814944542822377,-0.28237352323745246,-0.9305096229230176,0.3918121720690085,0.3293215174451075,0.8333333333333334,High,2,1,-2.0005591578743185,-2.011848611330283,-1.9406816493217547,-0.5849046607537622,-1.6029104980940032,0.3050537513708809,0.2654185600150785,0.123663606397123,-1.7565250573930091,-0.9814944542822377,-0.2823735232374524,-0.9305096229230181,0.39181217206900854,0.3293215174450673,0.5877564781535826,0.5915717607393999,0.6125530498969481,3.7376696182833684,8.558143177745192
Trinity University,Yes,2425,1818,601,62,93,2110,95,12240,5150,500,490,94.0,96,9.6,20,14703,93,0.3777719728931206,0.43003347232419814,0.30892309031456744,1.679056928777311,0.13171204767915254,-0.7502317576043804,0.5474170329275875,-0.2291945977334828,-1.7955587083336837,1.5003231131674828,1.2632379969775114,-1.1613227123443626,-0.07789767130558382,1.2619120716227716,0.7496907216494846,High,2,1,0.3777719728931212,0.4300334723241998,0.3089230903145667,1.679056928777311,0.1317120476791531,-0.7502317576043802,0.5474170329275873,-0.22919459773348455,-1.7955587083336835,1.5003231131674828,1.2632379969775114,-1.161322712344363,-0.07789767130558381,1.2619120716227314,0.018794836291012335,0.5915717607393999,0.6125530498969481,4.543294782270004,8.546946149565585
Tulane University,Yes,7033,5125,1223,47,75,4941,1534,19040,5950,350,800,98.0,98,9.1,21,16920,74,1.310870190269955,1.4165211860742186,1.0005085231304207,1.1501937769220463,0.906813714741814,1.0298871131062561,1.8409611002200534,-1.5119094126371275,-0.8317407991744724,1.845106060829401,1.467641878959388,-1.3093908014472198,0.004942005820180814,1.5238657445286348,0.7287075216834921,Very High,3,1,1.3108701902699558,1.4165211860742202,1.00050852313042,1.1501937769220463,0.9068137147418146,1.0298871131062564,1.8409611002200532,-1.5119094126371293,-0.8317407991744721,1.845106060829401,1.467641878959388,-1.3093908014472202,0.004942005820180843,1.5238657445285946,-0.1239390605091883,1.5296355527690197,0.6125530498969481,4.330733340286331,8.691314551644853
Tusculum College,Yes,626,372,145,12,34,983,40,7700,3400,450,800,70.0,70,21.9,28,4933,52,-0.9183662010257131,-1.224037189062958,-1.323547002128521,-0.9727316677869278,-0.6983938293123917,-1.2111897817628987,-0.6144713011269085,-0.6142542943018506,-0.8317407991744724,-0.27913443822970246,-0.8104772611976783,1.8557276145805626,0.5357515448375559,-1.6245426270447465,0.5942492012779552,Medium,1,1,-0.9183662010257124,-1.2240371890629564,-1.3235470021285216,-0.9727316677869279,-0.6983938293123911,-1.2111897817628985,-0.6144713011269087,-0.6142542943018524,-0.8317407991744721,-0.27913443822970246,-0.8104772611976783,1.8557276145805628,0.535751544837556,-1.6245426270447867,-1.0385640967189325,-0.34649203129021994,0.6125530498969481,3.5553480614894135,8.131824785007195
Tuskegee University,Yes,2267,1827,611,20,59,2825,144,6735,3395,600,1425,70.0,74,12.2,7,10872,65,0.3162626291529073,0.43490361245906267,0.32585649259740807,-0.2637884142137955,0.4139599285608706,-0.5141529033467143,-0.9171578511306657,0.44960144391101303,0.34916560007149294,-0.27913443822970246,-0.5579571392876599,-0.43508339525120426,-1.4463049617888242,0.6265873133132989,0.8059108954565505,Low,0,1,0.3162626291529079,0.43490361245906434,0.32585649259740734,-0.26378841421379556,0.41395992856087116,-0.514152903346714,-0.917157851130666,0.4496014439110113,0.3491656000714933,-0.27913443822970246,-0.5579571392876599,-0.43508339525120465,-1.4463049617888244,0.6265873133132587,0.401220991466221,-1.2845558233198398,0.6125530498969481,4.0943445622221,8.130353547431238
Union College KY,Yes,484,384,177,9,45,634,78,7800,2950,500,600,60.0,88,14.1,9,6864,64,-1.1793612904171216,-1.1891273621254719,-1.0725717048206616,-1.3330274833513371,-1.2416292145616146,-0.8587961830100914,-0.5845619581984869,-0.2291945977334828,-1.4016057553649468,-0.8731730296610826,0.5124477851823425,0.0578612960059782,-1.1823654119674138,-0.5652181185300666,0.7933884297520661,Medium,1,1,-1.179361290417121,-1.1891273621254703,-1.0725717048206622,-1.3330274833513371,-1.241629214561614,-0.8587961830100912,-0.5845619581984871,-0.22919459773348455,-1.4016057553649466,-0.8731730296610826,0.5124477851823425,0.05786129600597796,-1.182365411967414,-0.5652181185301068,0.316039497202013,-0.34649203129021994,0.6125530498969481,3.828641396489095,7.989899374942939
Union College NY,Yes,3495,1712,528,49,84,1915,123,18732,6204,450,1024,94.0,96,11.5,49,15411,88,0.7062526533284442,0.37065430612026046,0.17454037653600893,1.2273850455284772,0.03385956850905595,-0.6047642301072242,1.7896481341489057,-0.6142542943018506,-0.33296090112836324,1.5003231131674828,1.2632379969775114,-0.6241261598571867,1.8061919062938572,1.3518622230407658,0.4898426323319027,Very High,3,1,0.7062526533284449,0.3706543061202621,0.17454037653600823,1.2273850455284772,0.03385956850905652,-0.604764230107224,1.7896481341489054,-0.6142542943018524,-0.3329609011283629,1.5003231131674828,1.2632379969775114,-0.624126159857187,1.8061919062938574,1.3518622230407256,-1.7487682820367652,1.5296355527690197,0.6125530498969481,4.442651256490317,8.733110697638708
Univ. of Wisconsin at OshKosh,No,4800,2900,1515,14,48,7764,1472,6874,2394,518,1890,73.0,78,19.2,14,5901,56,0.9843997751079164,0.8832832013964681,1.1945691191867365,-0.7684736752694478,1.2634072348988183,0.999752792162347,-0.8718735419062877,-0.098763130322334,0.9454905473013809,-0.08394204211030992,-0.28237352323745246,1.2669625896659347,-0.6263490666426472,-1.0264983763893731,0.6041666666666666,Low,0,0,0.9843997751079171,0.8832832013964698,1.1945691191867358,-0.7684736752694479,1.263407234898819,0.9997527921623472,-0.871873541906288,-0.09876313032233575,0.9454905473013813,-0.08394204211030991,-0.2823735232374524,1.2669625896659347,-0.6263490666426473,-1.0264983763894133,-0.9711025806677062,-1.2845558233198398,-1.6325116659989423,3.8918202981106265,7.781138509845015
University of Alabama at Birmingham,No,1797,1260,938,24,35,6960,4698,4440,5175,750,2200,96.0,96,6.7,16,16352,33,0.10182057306711446,0.06378129859123695,0.751024196865221,0.012544204192919739,1.1803572127717512,1.8960902946938596,-1.7748036637248292,1.302364971752549,1.2713984995422554,1.6710005215479578,1.2632379969775114,-2.0698170640295306,-0.43232901744623836,1.462001044862406,0.7011686143572621,Low,0,0,0.10182057306711509,0.06378129859123861,0.7510241968652204,0.012544204192919675,1.1803572127717519,1.8960902946938598,-1.7748036637248295,1.3023649717525472,1.2713984995422556,1.6710005215479578,1.2632379969775114,-2.0698170640295315,-0.4323290174462384,1.4620010448623657,-0.3112668066424256,-1.2845558233198398,-1.6325116659989423,3.58351893845611,8.551787836180736
University of Arkansas at Fayetteville,No,3235,3108,2133,25,65,9978,1530,5028,3300,500,2000,73.0,89,14.8,10,6820,39,0.6375048720200309,0.9492780031847832,1.491717531080066,0.07620224590010687,1.4466562581466995,1.0279763910974948,-1.5315158934069486,-0.2291945977334828,1.0664517667212474,-0.08394204211030992,0.6005650532112241,0.23285911367621054,-1.060970528103861,-0.5840809747044412,0.960741885625966,Low,0,0,0.6375048720200316,0.9492780031847848,1.4917175310800654,0.0762022459001068,1.4466562581467002,1.027976391097495,-1.5315158934069488,-0.22919459773348455,1.0664517667212476,-0.08394204211030991,0.6005650532112241,0.23285911367621034,-1.0609705281038613,-0.5840809747044814,1.4544269184998055,-1.2845558233198398,-1.6325116659989423,4.189654742026425,8.101980731853192
University of California at Berkeley,No,19873,8252,3215,95,100,19532,2061,11648,6246,636,1933,93.0,97,15.8,10,13919,78,2.1540767852391074,1.8467280403291977,1.8281179003980597,2.5709000589305027,1.890470107406125,1.2492110406897876,0.4141362996776661,0.6699229243202771,0.9935325617797801,1.4162709817701533,1.3645882269351624,0.477368692048737,-1.060970528103861,1.154171791885285,0.4152367533839883,High,2,0,2.154076785239108,1.8467280403291992,1.828117900398059,2.5709000589305027,1.8904701074061256,1.2492110406897878,0.4141362996776658,0.6699229243202753,0.9935325617797804,1.4162709817701533,1.3645882269351624,0.47736869204873683,-1.0609705281038613,1.1541717918852448,-2.256259410353627,0.5915717607393999,-1.6325116659989423,4.61512051684126,8.73985662749357
University of California at Irvine,No,15698,10775,2478,85,100,12677,864,12024,5302,790,1818,96.0,96,16.1,11,15934,66,1.9681957121707347,2.0815515822825406,1.6170997710166677,2.328985093693537,1.6123816807372353,0.621425963924429,0.49928863075783714,1.5044759132375665,0.862734590776383,1.6710005215479578,1.2632379969775114,0.5495374118750593,-0.9453261392418362,1.4143155838685064,0.6863931711045993,High,2,0,1.9681957121707354,2.0815515822825423,1.617099771016667,2.328985093693537,1.612381680737236,0.6214259639244292,0.49928863075783686,1.5044759132375647,0.8627345907763834,1.6710005215479578,1.2632379969775114,0.5495374118750592,-0.9453261392418363,1.4143155838684662,-0.4117737167333926,0.5915717607393999,-1.6325116659989423,4.61512051684126,8.57602797713713
University of Central Florida,No,6986,2959,1918,25,60,12330,7152,6618,4234,700,1600,80.0,98,22.2,9,6742,46,1.3052175435901798,0.9025045294776199,1.4010996575630963,0.07620224590010687,1.5936115479483477,2.246879346313096,-0.9557531780269051,1.036080707406721,0.5922469196218194,0.4018546093085536,1.467641878959388,1.9193527377224782,-1.1823654119674138,-0.6179852552429093,0.42356140853134844,Low,0,0,1.3052175435901805,0.9025045294776216,1.4010996575630956,0.0762022459001068,1.5936115479483484,2.2468793463130963,-0.9557531780269053,1.0360807074067193,0.5922469196218197,0.4018546093085536,1.467641878959388,1.9193527377224784,-1.182365411967414,-0.6179852552429494,-2.199632657969515,-1.2845558233198398,-1.6325116659989423,4.110873864173311,8.351138607086154
University of Charleston,Yes,682,535,204,22,43,771,611,9500,3540,400,750,26.0,58,2.5,10,7683,57,-0.8325237385463079,-0.8290300690872363,-0.8985167294850508,-0.12094221917214974,-0.9928406465373613,0.3858796400925126,-0.11067976598596968,-1.0385747647777013,-0.9606431574931019,-2.2331451327521092,-1.4375163915219222,-3.742460773532681,-1.060970528103861,-0.2450549443153363,0.7844574780058651,Medium,1,1,-0.8325237385463072,-0.8290300690872346,-0.8985167294850515,-0.12094221917214981,-0.9928406465373607,0.38587964009251285,-0.11067976598596996,-1.038574764777703,-0.9606431574931016,-2.2331451327521092,-1.4375163915219222,-3.7424607735326822,-1.0609705281038613,-0.24505494431537653,0.25528853705599996,-0.34649203129021994,0.6125530498969481,3.784189633918261,8.172164452111904
University of Chicago,Yes,6348,2999,922,68,94,3340,39,18930,6380,500,1254,,99,5.3,36,36854,90,1.2241809018211094,0.9153042954723888,0.7344925447606222,1.8639323064397797,0.567969576460525,-1.2240971271106291,1.822698070132443,-0.2291945977334828,0.08330894271183499,,1.572409762644023,-2.5630824031367982,1.0642129571506758,2.6637356261473233,0.47243226212980466,Very High,3,1,1.22418090182111,0.9153042954723905,0.7344925447606215,1.8639323064397797,0.5679695764605256,-1.224097127110629,1.8226980701324427,-0.22919459773348455,0.08330894271183532,,1.572409762644023,-2.563082403136799,1.064212957150676,2.663735626147283,-1.8671987401035555,1.5296355527690197,0.6125530498969481,4.553876891600541,8.761080103868347
University of Cincinnati,No,6855,5553,2408,26,57,11036,2011,8907,4697,556,1851,89.0,95,10.8,6,13889,54,1.289244367585866,1.4899591690064475,1.5933573716442349,0.13799295441079093,1.5174796653663354,1.230726341043564,-0.2691319034869906,0.1641078930163348,0.9010341892867169,1.0886494052534617,1.1635803366973685,-0.8177024902905383,-1.5915825941910087,1.149863584757609,0.8100656455142232,Medium,1,0,1.2892443675858667,1.489959169006449,1.5933573716442342,0.13799295441079087,1.517479665366336,1.2307263410435643,-0.2691319034869909,0.16410789301633305,0.9010341892867172,1.0886494052534617,1.1635803366973685,-0.8177024902905388,-1.591582594191009,1.149863584757569,0.4294828231660381,-0.34649203129021994,-1.6325116659989423,4.060443010546419,8.454892165218858
University of Connecticut at Storrs,No,9735,7187,2064,23,63,12478,1660,11656,5072,700,2300,89.0,95,16.0,16,10178,71,1.5816663329271423,1.723381214392604,1.4638287111455643,-0.053119072030679164,1.6016950279804056,1.0878884534770614,0.41596671228661986,1.036080707406721,1.3674797931781004,1.0886494052534617,1.1635803366973685,0.5255397651311067,-0.43232901744623836,0.4733585081742645,0.7382639958911146,High,2,0,1.581666332927143,1.7233812143926055,1.4638287111455637,-0.053119072030679226,1.6016950279804063,1.0878884534770616,0.4159667122866196,1.0360807074067193,1.3674797931781006,1.0886494052534617,1.1635803366973685,0.5255397651311066,-0.4323290174462384,0.4733585081742243,-0.05893311263015844,0.5915717607393999,-1.6325116659989423,4.1588830833596715,8.53168763756669
University of Dallas,Yes,681,588,246,44,74,1058,73,10760,6230,500,1200,85.0,93,13.4,26,8731,63,-0.8339893849389596,-0.7279619144104494,-0.6747162346749285,1.0296888476949617,-0.6123152180546504,-0.8948021543303755,0.2055998999545201,-0.2291945977334828,-0.007652220075795025,0.7747877474272864,0.9692990979140862,-0.12055104721793379,0.3918121720690085,0.09521586942666245,0.8634361233480177,High,2,1,-0.8339893849389589,-0.7279619144104478,-0.6747162346749291,1.0296888476949617,-0.6123152180546498,-0.8948021543303752,0.20559989995451983,-0.22919459773348455,-0.0076522200757946955,0.7747877474272864,0.9692990979140862,-0.12055104721793407,0.39181217206900854,0.09521586942662225,0.7925245083071198,0.5915717607393999,0.6125530498969481,4.31748811353631,8.737292112544221
University of Dayton,Yes,6361,5293,1507,26,51,5889,665,11380,4220,500,900,,85,14.8,25,8894,93,1.225917909001066,1.4461024327809364,1.1898468201751393,0.13799295441079093,1.0495110089572814,0.4427124119327028,0.35233413602904207,-0.2291945977334828,-0.5948985253355604,,0.25767565625110594,0.23285911367621054,0.3177088594568356,0.14251299419425043,0.8321018707750354,High,2,1,1.2259179090010666,1.446102432780938,1.1898468201751387,0.13799295441079087,1.049511008957282,0.44271241193270305,0.3523341360290418,-0.22919459773348455,-0.5948985253355601,,0.257675656251106,0.23285911367621034,0.31770885945683564,0.1425129941942102,0.5793797076898645,0.5915717607393999,0.6125530498969481,3.9512437185814275,8.347827345782498
University of Delaware,Yes,14446,10516,3252,22,57,14130,4522,10220,4230,530,1300,,87,18.3,15,10650,75,1.9019196280054231,2.06031388484177,1.8371996271991002,-0.12094221917214974,1.6846829878025082,1.8649351508193885,0.0732028850292741,-0.013985653099363818,0.15797762148941302,,0.4259346495311623,1.0636508725674954,-0.5277223848834107,0.5792501953627256,0.7279523743596843,Medium,1,1,1.9019196280054238,2.0603138848417717,1.8371996271990996,-0.12094221917214981,1.684682987802509,1.8649351508193888,0.07320288502927383,-0.013985653099365565,0.15797762148941336,,0.42593464953116233,1.0636508725674954,-0.5277223848834108,0.5792501953626854,-0.12907579467556968,-0.34649203129021994,0.6125530498969481,4.060443010546419,8.350193650720067
University of Denver,Yes,2974,2001,580,29,60,2666,554,15192,4695,400,1350,84.0,91,15.9,21,11762,67,0.5622542939245836,0.5243231691436656,0.27228040366240996,0.3133361961439693,0.35935628318902235,0.320750703546702,1.1554993163705916,-1.0385747647777013,0.23641393758197868,0.6984756672128422,0.7816568116943878,0.5014836955297912,0.004942005820180814,0.8023405100292099,0.6728312037659717,Very High,3,1,0.5622542939245843,0.5243231691436673,0.27228040366240924,0.31333619614396924,0.3593562831890229,0.32075070354670226,1.1554993163705913,-1.038574764777703,0.236413937581979,0.6984756672128422,0.7816568116943878,0.5014836955297911,0.004942005820180843,0.8023405100291697,-0.5040262068043367,1.5296355527690197,0.6125530498969481,4.110873864173311,8.454466361507933
University of Detroit Mercy,Yes,927,731,415,24,50,2149,2217,11130,3996,600,2166,,79,13.5,14,10891,51,-0.5293707679268018,-0.4975461762777241,-0.08257121658372611,0.012544204192919739,0.14996122975798218,1.3043931328760674,0.29381484459649704,0.44960144391101303,1.2378078984780614,,-0.20978440474634713,-0.09484535617925974,-0.6263490666426472,0.6305694250763128,0.7885652642934197,High,2,1,-0.5293707679268012,-0.4975461762777224,-0.0825712165837268,0.012544204192919675,0.14996122975798273,1.3043931328760676,0.29381484459649676,0.4496014439110113,1.2378078984780616,,-0.2097844047463471,-0.09484535617926002,-0.6263490666426473,0.6305694250762726,0.28323090738060946,0.5915717607393999,0.6125530498969481,3.9318256327243257,8.293299358711323
University of Dubuque,Yes,576,558,137,11,39,662,131,10430,3620,400,1500,85.0,98,16.5,18,8767,45,-1.0022815955846982,-0.7839117241522426,-1.3963882439476925,-1.0845174670653988,-1.1857513899938574,-0.5687111330584822,0.12522440416640768,-1.0385747647777013,0.45655088669276045,0.7747877474272864,1.467641878959388,0.6449537289305115,-0.2501326836602141,0.10577846470793255,0.96875,Medium,1,1,-1.0022815955846975,-0.783911724152241,-1.3963882439476931,-1.0845174670653988,-1.1857513899938568,-0.568711133058482,0.1252244041664074,-1.038574764777703,0.4565508866927608,0.7747877474272864,1.467641878959388,0.6449537289305114,-0.25013268366021413,0.10577846470789234,1.5089004674570707,-0.34649203129021994,0.6125530498969481,3.6888794541139363,8.19450550976564
University of Evansville,Yes,2096,1626,694,35,67,2551,407,11800,4340,700,960,60.0,81,15.8,26,7780,77,0.24428208104993163,0.31951476178637117,0.4551285322505343,0.6270233788095004,0.3173270966569102,0.11975275469968777,0.44877394394675324,1.036080707406721,-0.46424287851591006,-0.8731730296610826,-0.060091883356808096,0.477368692048737,0.3918121720690085,-0.21061473611397613,0.7757633587786259,High,2,1,0.24428208104993224,0.31951476178637284,0.45512853225053357,0.6270233788095003,0.3173270966569108,0.11975275469968802,0.44877394394675296,1.0360807074067193,-0.46424287851590973,-0.8731730296610826,-0.06009188335680806,0.47736869204873683,0.39181217206900854,-0.21061473611401635,0.1961485813504547,0.5915717607393999,0.6125530498969481,4.219507705176107,8.375860015299594
University of Florida,No,12445,8836,3623,54,85,24470,3286,7090,4180,630,1530,88.0,97,13.4,20,14737,66,1.7820200064627756,1.9073310837462343,1.9221592618035328,1.4105939265800689,2.0253635456994954,1.6089651415369164,-0.8026824351599816,0.6339700115112425,0.4981180850378056,1.0088928960519896,1.3645882269351624,-0.12055104721793379,-0.07789767130558382,1.266383572229228,0.7100040176777822,Low,0,0,1.7820200064627763,1.9073310837462358,1.9221592618035321,1.4105939265800689,2.025363545699496,1.6089651415369166,-0.8026824351599818,0.6339700115112408,0.4981180850378059,1.0088928960519896,1.3645882269351624,-0.12055104721793407,-0.07789767130558381,1.2663835722291878,-0.25116579498628383,-1.2845558233198398,-1.6325116659989423,4.454347296253507,8.338305731356565
University of Georgia,No,11220,7871,3320,43,79,19553,2748,5697,3600,525,1755,88.0,95,14.7,22,7881,63,1.6979222832809249,1.804665027735198,1.853583672054402,0.9881629366230471,1.891129142589731,1.4691111622983395,-1.276477684445451,-0.04910428251208369,0.7877948856060607,1.0088928960519896,1.1635803366973685,0.20805977145654062,0.08579839053769144,-0.17545112803170976,0.7015151515151515,Low,0,0,1.6979222832809255,1.8046650277351997,1.8535836720544014,0.988162936623047,1.8911291425897316,1.4691111622983397,-1.2764776844454513,-0.049104282512085436,0.787794885606061,1.0088928960519896,1.1635803366973685,0.20805977145654042,0.08579839053769148,-0.17545112803174998,-0.30890955898659656,-1.2845558233198398,-1.6325116659989423,4.382026634673881,8.188966863648876
University of Hartford,Yes,5081,4040,1194,11,26,3768,1415,14220,6000,500,1440,61.0,76,10.7,9,10625,66,1.033599111399466,1.196302295270566,0.9783577487171459,-1.0845174670653988,0.6754123454724499,0.9710219114484213,0.9646028662698494,-0.2291945977334828,0.37105468890854276,-0.8176986530101636,-0.4230962065588109,-0.8457496758226627,-1.1823654119674138,0.573824056213022,0.7951190710490061,Very High,3,1,1.0335991113994667,1.1963022952705675,0.9783577487171452,-1.0845174670653988,0.6754123454724504,0.9710219114484215,0.9646028662698491,-0.22919459773348455,0.3710546889085431,-0.8176986530101636,-0.42309620655881086,-0.8457496758226631,-1.182365411967414,0.5738240562129818,0.32781182824189004,1.5296355527690197,0.6125530498969481,3.295836866004329,8.699681400989514
University of Hawaii at Manoa,No,3580,2603,1627,36,69,11028,2411,4460,3038,687,1281,85.0,87,11.8,6,12833,54,0.727543644554018,0.7797104355061095,1.257810657300451,0.675328745331237,1.5169756164196913,1.3683298821629357,-1.76619134647448,0.9641364524928162,0.12743750665824943,0.7747877474272864,0.4259346495311623,-0.542574720624852,-1.5915825941910087,0.9884402353632672,0.7270949720670391,Low,0,0,0.7275436445540187,0.7797104355061112,1.2578106573004504,0.6753287453312369,1.516975616419692,1.368329882162936,-1.7661913464744803,0.9641364524928144,0.12743750665824977,0.7747877474272864,0.42593464953116233,-0.5425747206248523,-1.591582594191009,0.988440235363227,-0.13490809721059846,-1.2845558233198398,-1.6325116659989423,4.248495242049359,8.019283792916793
University of Illinois - Urbana,No,14939,11652,5705,52,88,25422,911,7560,4574,500,1982,87.0,90,17.4,13,8559,81,1.9287266128436173,2.1496115977397903,2.2642260283824203,1.3388902885586311,2.0475539327118266,0.6581529004723541,-0.6567761844143083,-0.2291945977334828,1.047086389918758,0.9299968174778829,0.6902976719925955,0.8564097288576539,-0.7285459157740776,0.043807534141639896,0.7799718856683847,Medium,1,0,1.928726612843618,2.149611597739792,2.2642260283824194,1.3388902885586311,2.047553932711827,0.6581529004723543,-0.6567761844143085,-0.22919459773348455,1.0470863899187581,0.9299968174778829,0.6902976719925955,0.8564097288576539,-0.7285459157740777,0.04380753414159969,0.22477621887653546,-0.34649203129021994,-1.6325116659989423,4.48863636973214,8.428361977709622
University of Illinois at Chicago,No,8384,5727,2710,22,50,13518,2916,7230,5088,630,3228,82.0,84,10.0,6,13883,34,1.458020379869296,1.5181002141316515,1.6905841105627035,-0.12094221917214974,1.6553875954504924,1.5152522908901147,-0.7585730793018399,0.6339700115112425,2.110619690446991,0.5484387369161905,0.17590711389826053,-1.0450179269704816,-1.5915825941910087,1.1490002206765424,0.6830868320610687,Low,0,0,1.4580203798692966,1.518100214131653,1.6905841105627029,-0.12094221917214981,1.655387595450493,1.515252290890115,-0.7585730793018401,0.6339700115112408,2.1106196904469914,0.5484387369161905,0.17590711389826055,-1.045017926970482,-1.591582594191009,1.1490002206765022,-0.43426440721866766,-1.2845558233198398,-1.6325116659989423,3.9318256327243257,8.534836626588833
University of Indianapolis,Yes,1487,1276,388,26,51,1417,1646,11120,4080,525,1405,55.0,56,11.1,23,6735,69,-0.07565284704498784,0.07654185360528208,-0.15611003521732186,0.13799295441079093,-0.28364633870768746,1.0816436938410687,0.29145619209003254,-0.04910428251208369,0.31964589865773535,-1.1373980419630705,-1.5240531582747878,-0.7341609541828268,0.16480222734879074,-0.6210575300641341,0.8581035642232683,High,2,1,-0.07565284704498722,0.07654185360528375,-0.15611003521732256,0.13799295441079087,-0.2836463387076869,1.081643693841069,0.29145619209003226,-0.049104282512085436,0.3196458986577357,-1.1373980419630705,-1.5240531582747878,-0.7341609541828271,0.1648022273487908,-0.6210575300641743,0.7562508729690149,0.5915717607393999,0.6125530498969481,3.9512437185814275,8.314097335405807
University of Kansas,No,8579,5561,3681,25,50,17880,1673,6994,3384,700,2681,88.0,94,13.7,17,9657,57,1.477136441025908,1.4912735672898116,1.934531050983066,0.07620224590010687,1.8357382524825225,1.0936448048848126,-0.8332605870500661,1.036080707406721,1.7012297387687694,1.0088928960519896,1.0656043502924986,-0.043655140683840785,-0.33988160333066747,0.34731247277801824,0.6482107471733303,Low,0,0,1.4771364410259087,1.4912735672898132,1.9345310509830653,0.0762022459001068,1.8357382524825232,1.0936448048848129,-0.8332605870500663,1.0360807074067193,1.7012297387687696,1.0088928960519896,1.0656043502924986,-0.04365514068384104,-0.3398816033306675,0.34731247277797805,-0.671501792804724,-1.2845558233198398,-1.6325116659989423,3.9318256327243257,8.127109185346375
University of La Verne,Yes,1597,969,226,16,38,1431,1522,13540,5050,630,2298,,68,14.1,23,10139,47,-0.008478442489940325,-0.20432146204324594,-0.7752895170109221,-0.5849046607537621,-0.27294776678377497,1.0241414034245055,0.8258971276970903,0.6339700115112425,1.3655963957705286,,-0.9283307329438812,0.0578612960059782,0.16480222734879074,0.46427029354870447,0.606762680025047,High,2,1,-0.008478442489939704,-0.20432146204324428,-0.7752895170109227,-0.5849046607537622,-0.2729477667837744,1.0241414034245058,0.8258971276970901,0.6339700115112408,1.3655963957705288,,-0.9283307329438812,0.05786129600597796,0.1648022273487908,0.4642702935486643,-0.9534437343817472,0.5915717607393999,0.6125530498969481,3.6635616461296463,8.527341522468053
University of Louisville,No,4777,3057,1823,16,33,9844,6198,6540,3600,530,2440,84.0,92,11.1,24,10207,31,0.9802367365707191,0.9335433394375021,1.3572478929986764,-0.5849046607537621,1.4370352226349188,2.125738955686632,-0.981733073524185,-0.013985653099363818,1.4956898409651578,0.6984756672128422,0.8746535950171559,-0.7341609541828268,0.2420706033059415,0.48008166646577477,0.6399413858069918,Low,0,0,0.9802367365707197,0.9335433394375038,1.3572478929986758,-0.5849046607537622,1.4370352226349195,2.1257389556866326,-0.9817330735241853,-0.013985653099365565,1.495689840965158,0.6984756672128422,0.8746535950171559,-0.7341609541828271,0.24207060330594155,0.4800816664657346,-0.7277524206298158,-1.2845558233198398,-1.6325116659989423,3.5263605246161616,8.188966863648876
University of Maine at Farmington,No,1208,803,438,20,48,1906,344,6810,3970,450,1647,67.0,75,15.9,26,5712,59,-0.2732406406363967,-0.39917831084619976,-0.024152804816164396,-0.2637884142137955,0.02905277811247962,0.012684336004188607,-0.8926484154358019,-0.6142542943018506,0.6533309978597732,-0.46650187191478404,-0.4912534379026085,0.5014836955297912,0.3918121720690085,-1.1308766201469922,0.6647350993377483,Low,0,0,-0.2732406406363961,-0.3991783108461981,-0.02415280481616509,-0.26378841421379556,0.029052778112480186,0.012684336004188864,-0.8926484154358021,-0.6142542943018524,0.6533309978597736,-0.46650187191478404,-0.49125343790260845,0.5014836955297911,0.39181217206900854,-1.1308766201470324,-0.5590982899858604,-1.2845558233198398,-1.6325116659989423,3.8918202981106265,8.286773231131251
University of Maine at Machias,No,441,369,172,17,45,633,317,6600,3680,600,400,46.0,46,15.1,4,5935,64,-1.2749596351004993,-1.2329528913389656,-1.1081651194371072,-0.4994689411839057,-1.243680236741276,-0.03871727414809322,-0.9617306099652749,0.44960144391101303,-2.184436019568784,-1.557558776598059,-1.886083615874445,0.3068689253343478,-1.9198798890972208,-1.0082672446913603,0.8367346938775511,Low,0,0,-1.2749596351004986,-1.232952891338964,-1.1081651194371078,-0.4994689411839058,-1.2436802367412754,-0.038717274148092964,-0.9617306099652752,0.4496014439110113,-2.1844360195687837,-1.557558776598059,-1.886083615874445,0.30686892533434756,-1.919879889097221,-1.0082672446914005,0.6108935328299653,-1.2845558233198398,-1.6325116659989423,3.828641396489095,8.210939733379021
University of Maine at Presque Isle,No,461,381,235,10,40,974,503,6600,3630,400,1675,67.0,67,15.2,11,6408,35,-1.2293061614043843,-1.197744334299325,-0.7288109286262688,-1.204141438433242,-0.7092596957565481,0.2571389913457858,-0.9617306099652749,-1.0385747647777013,0.6889587035705896,-0.46650187191478404,-0.9851988400469104,0.33141144615172624,-0.9453261392418362,-0.7703009114589185,0.8264642082429501,Low,0,0,-1.2293061614043836,-1.1977443342993235,-0.7288109286262695,-1.204141438433242,-0.7092596957565476,0.25713899134578605,-0.9617306099652752,-1.038574764777703,0.68895870357059,-0.46650187191478404,-0.9851988400469104,0.331411446151726,-0.9453261392418363,-0.7703009114589587,0.54103066925182,-1.2845558233198398,-1.6325116659989423,3.713572066704308,8.197263371414335
University of Maryland at Baltimore County,No,4269,2594,985,27,57,6476,2592,8594,4408,494,2768,82.0,88,18.4,6,7618,55,0.8823713300485039,0.776377472993707,0.7977656716418373,0.19803987368047105,1.1245026651860146,1.4239303130077785,-0.35557524157334236,-0.27358158190382714,1.7712431072685886,0.5484387369161905,0.5124477851823425,1.0864302139312219,-1.5915825941910087,-0.26851105265608116,0.6076364488170531,Medium,1,0,0.8823713300485045,0.7763774729937086,0.7977656716418366,0.198039873680471,1.1245026651860153,1.4239303130077787,-0.35557524157334264,-0.27358158190382886,1.7712431072685888,0.5484387369161905,0.5124477851823425,1.0864302139312219,-1.591582594191009,-0.26851105265612135,-0.9475001021050891,-0.34649203129021994,-1.6325116659989423,4.060443010546419,8.391403185357937
University of Maryland at College Park,No,14292,10315,3409,22,53,19340,3991,8723,5146,550,1550,89.0,92,18.1,12,9021,63,1.8933442390406026,2.0434430343001067,1.8744520353077916,-0.12094221917214974,1.8844043076223858,1.7638297706054864,-0.31970191967781514,0.12366360639712475,0.5254123186482096,1.0886494052534617,0.8746535950171559,1.0179463813154224,-0.8347120424139982,0.17844729126941572,0.7217324377273999,Medium,1,0,1.8933442390406032,2.0434430343001084,1.874452035307791,-0.12094221917214981,1.8844043076223864,1.7638297706054866,-0.3197019196778154,0.123663606397123,0.5254123186482099,1.0886494052534617,0.8746535950171559,1.0179463813154224,-0.8347120424139983,0.1784472912693755,-0.17138563277534075,-0.34649203129021994,-1.6325116659989423,3.9889840465642745,8.546169299652755
University of Massachusetts at Amherst,No,14438,12414,3816,12,39,16282,1940,8566,3897,500,1400,88.0,92,16.7,15,10276,68,1.9014765731048808,2.2044407500087604,1.9624771181266614,-0.9727316677869278,1.776587241165163,1.2037534001795105,-0.3634083515762949,-0.2291945977334828,0.31220519593736024,1.0088928960519896,0.8746535950171559,0.6923240948584863,-0.5277223848834107,0.49596035369373787,0.8598143787228147,Medium,1,0,1.9014765731048815,2.204440750008762,1.9624771181266607,-0.9727316677869279,1.7765872411651638,1.2037534001795107,-0.3634083515762952,-0.22919459773348455,0.31220519593736057,1.0088928960519896,0.8746535950171559,0.6923240948584862,-0.5277223848834108,0.4959603536936977,0.7678883363024585,-0.34649203129021994,-1.6325116659989423,3.6888794541139363,8.268218880067506
University of Massachusetts at Dartmouth,No,3347,2597,1006,10,37,4664,1630,6919,4500,500,1250,74.0,90,15.0,20,7462,56,0.6678207045765935,0.7774898324088063,0.8178255806052226,-1.204141438433242,0.858697749193889,1.0744479422208495,-0.8573421766588876,-0.2291945977334828,0.07669669089682644,-0.01714162821819213,0.6902976719925955,0.282263089279496,-0.07789767130558382,-0.3260865566912732,0.775918733193905,Low,0,0,0.6678207045765941,0.777489832408808,0.8178255806052219,-1.204141438433242,0.8586977491938895,1.0744479422208497,-0.8573421766588878,-0.22919459773348455,0.07669669089682678,-0.01714162821819212,0.6902976719925955,0.2822630892794958,-0.07789767130558381,-0.32608655669131337,0.19720548381489222,-1.2845558233198398,-1.6325116659989423,3.6375861597263857,8.412054873292933
University of Miami,Yes,7122,5386,1643,42,69,7760,876,16500,6526,630,1985,82.0,94,5.9,17,17500,59,1.3214639619144353,1.4620491441623296,1.266434044922425,0.9459121453121655,1.2630203777128364,0.6309710856634577,1.4001159381906774,0.6339700115112425,1.0503252317453302,0.5484387369161905,1.0656043502924986,-2.3461430858974524,-0.33988160333066747,1.5838170454413532,0.7562482448750351,Very High,3,1,1.321463961914436,1.4620491441623311,1.2664340449224243,0.9459121453121654,1.263020377712837,0.6309710856634579,1.4001159381906771,0.6339700115112408,1.0503252317453304,0.5484387369161905,1.0656043502924986,-2.3461430858974532,-0.3398816033306675,1.583817045441313,0.06340103767390842,1.5296355527690197,0.6125530498969481,4.248495242049359,8.783702698635217
University of Michigan at Ann Arbor,No,19152,12940,4893,66,92,22045,1339,15732,4659,476,1600,,98,11.5,26,14847,87,2.125159158164674,2.2402291238203693,2.151209744252929,1.803706059890135,1.9637320097310902,0.931046526350825,1.2581024945757655,-0.4096198165928168,0.5922469196218194,,1.467641878959388,-0.6241261598571867,0.3918121720690085,1.280741846102545,0.6756474519632414,Very High,3,0,2.1251591581646743,2.240229123820371,2.1512097442529283,1.803706059890135,1.9637320097310909,0.9310465263508252,1.2581024945757653,-0.40961981659281854,0.5922469196218197,,1.467641878959388,-0.624126159857187,0.39181217206900854,1.2807418461025049,-0.4848692583787239,1.5296355527690197,-1.6325116659989423,4.532599493153256,8.446770727119691
University of Minnesota at Duluth,No,4192,3126,1656,15,45,5887,1254,8828,3474,753,2610,79.0,91,19.0,11,6393,53,0.8664525816746756,0.9547655991334475,1.27336953066612,-0.6744109272506593,1.049240114478577,0.88383879346298,-0.29075914612577886,1.3178450654009561,1.6425156227395705,0.32985855535977965,0.7816568116943878,1.2221083432317035,-0.9453261392418362,-0.7774281956073129,0.745706106870229,Medium,1,0,0.8664525816746763,0.9547655991334492,1.2733695306661192,-0.6744109272506594,1.0492401144785777,0.8838387934629802,-0.29075914612577913,1.3178450654009544,1.6425156227395707,0.32985855535977965,0.7816568116943878,1.2221083432317035,-0.9453261392418363,-0.7774281956073531,-0.008309685212503809,-0.34649203129021994,-1.6325116659989423,3.828641396489095,8.153349757998892
University of Minnesota at Morris,No,1458,874,588,56,86,1846,154,9843,3180,600,1500,74.0,78,14.6,16,6716,51,-0.09425256616303297,-0.31100679790210606,0.2864173028585362,1.4803479884652577,-0.0037159682714109697,-0.47512792706053375,-0.021978603319396543,0.44960144391101303,0.45655088669276045,-0.01714162821819213,-0.28237352323745246,0.18319470821820666,-0.43232901744623836,-0.6294214451007857,0.5994513031550068,Medium,1,0,-0.09425256616303235,-0.3110067979021044,0.2864173028585355,1.4803479884652577,-0.003715968271410403,-0.4751279270605335,-0.021978603319396817,0.4496014439110113,0.4565508866927608,-0.01714162821819212,-0.2823735232374524,0.18319470821820644,-0.4323290174462384,-0.6294214451008259,-1.0031778699438643,-0.34649203129021994,-1.6325116659989423,4.465908118654584,8.064950891749143
University of Minnesota Twin Cities,No,11054,6397,3524,26,55,16502,21836,8949,3744,714,2910,88.0,90,12.2,37,16122,45,1.6857728490650155,1.6185185660812191,1.9005047833278268,0.13799295441079093,1.785141538068163,3.252464204603436,-0.25768515161973476,1.1122688310132065,1.8812561374063819,1.0088928960519896,0.6902976719925955,-0.43508339525120426,1.1257980950091877,1.4359985453353676,0.5787045413425005,Medium,1,0,1.6857728490650161,1.6185185660812207,1.9005047833278261,0.13799295441079087,1.7851415380681637,3.2524642046034367,-0.25768515161973504,1.1122688310132047,1.881256137406382,1.0088928960519896,0.6902976719925955,-0.43508339525120465,1.125798095009188,1.4359985453353274,-1.1443034448935359,-0.34649203129021994,-1.6325116659989423,4.02535169073515,8.22817689595132
University of Mississippi,No,3844,3383,1669,26,47,7524,804,4916,3810,600,550,,86,20.3,14,6971,53,0.7903680102767695,1.029625123296118,1.2802425003398006,0.13799295441079093,1.239755680145494,0.5718300632983053,-1.5763565286293988,0.44960144391101303,-1.5715860923599767,,0.3410143789166372,1.5104862781751673,-0.6263490666426472,-0.5201155153614891,0.8800728407908429,Low,0,0,0.7903680102767702,1.0296251232961195,1.2802425003398,0.13799295441079087,1.2397556801454948,0.5718300632983055,-1.576356528629399,0.4496014439110113,-1.5715860923599765,,0.3410143789166373,1.5104862781751676,-0.6263490666426473,-0.5201155153615293,0.9056923527935123,-1.2845558233198398,-1.6325116659989423,3.871201010907891,8.24564690087386
University of Missouri at Columbia,No,6574,4637,2940,32,62,14782,1583,9057,3485,600,1983,87.0,87,12.7,15,10145,58,1.2538478012363403,1.3243309035817692,1.7565987558111142,0.4756588429698257,1.7142382076551925,1.0529361064663343,-0.22841180351046542,0.44960144391101303,1.0481665079076175,0.9299968174778829,0.4259346495311623,-0.3026284411960633,-0.5277223848834107,0.4656719870602194,0.7053544265287496,Medium,1,0,1.253847801236341,1.3243309035817707,1.7565987558111136,0.47565884296982563,1.7142382076551932,1.0529361064663345,-0.2284118035104657,0.4496014439110113,1.0481665079076177,0.9299968174778829,0.42593464953116233,-0.30262844119606364,-0.5277223848834108,0.4656719870601792,-0.2827936813098539,-0.34649203129021994,-1.6325116659989423,4.143134726391533,8.156510226079966
University of Missouri at Rolla,No,1877,1826,823,49,77,3926,561,9057,3600,700,1435,88.0,88,14.4,23,9699,49,0.14229826513176552,0.43436375390250115,0.6242452977896328,1.2273850455284772,0.7113727750420918,0.3290659175990147,-0.22841180351046542,1.036080707406721,0.3637818798057064,1.0088928960519896,0.5124477851823425,0.1332649038957073,0.16480222734879074,0.35785927255386774,0.9728289824187534,Medium,1,0,0.14229826513176613,0.4343637539025028,0.6242452977896321,1.2273850455284772,0.7113727750420924,0.329065917599015,-0.2284118035104657,1.0360807074067193,0.36378187980570675,1.0088928960519896,0.5124477851823425,0.13326490389570708,0.1648022273487908,0.35785927255382755,1.5366469053956007,-0.34649203129021994,-1.6325116659989423,4.356708826689592,8.188966863648876
University of Missouri at Saint Louis,No,1618,1141,479,18,54,4793,4552,7246,3964,500,4288,71.0,73,13.4,15,6433,48,0.003780448299564733,-0.03693139587078971,0.0716975586031748,-0.41769469988544683,0.8815270795642023,1.8703220848959312,-0.753567850621616,-0.2291945977334828,2.7477136757241905,-0.21493899577553588,-0.6232192944825511,-0.12055104721793379,-0.5277223848834107,-0.7584791088066984,0.7051915945611866,Low,0,0,0.0037804482995653548,-0.036931395870788045,0.0716975586031741,-0.4176946998854469,0.8815270795642028,1.8703220848959314,-0.7535678506216162,-0.22919459773348455,2.747713675724191,-0.21493899577553588,-0.6232192944825511,-0.12055104721793407,-0.5277223848834108,-0.7584791088067386,-0.2839013122380045,-1.2845558233198398,-1.6325116659989423,4.007333185232471,8.285261134068948
University of Mobile,Yes,452,331,269,17,54,1417,301,6150,3680,550,1200,59.0,63,16.6,4,5412,52,-1.249581846422939,-1.353101221664452,-0.5701138464304865,-0.4994689411839057,-0.28364633870768746,-0.07107182401564707,-1.1147821063052947,0.12366360639712475,-0.007652220075795025,-0.9277718533150182,-1.199238322126377,0.6686666670859442,-1.9198798890972208,-1.3079760463630983,0.7323008849557522,Low,0,1,-1.2495818464229382,-1.3531012216644505,-0.5701138464304871,-0.4994689411839058,-0.2836463387076869,-0.07107182401564682,-1.114782106305295,0.123663606397123,-0.0076522200757946955,-0.9277718533150182,-1.199238322126377,0.6686666670859441,-1.919879889097221,-1.3079760463631385,-0.09949594681348622,-1.2845558233198398,0.6125530498969481,4.007333185232471,8.210939733379021
University of Montevallo,No,1351,892,570,18,78,2385,331,4440,3030,300,600,72.0,72,18.9,8,5883,51,-0.16648594954451984,-0.28986894388127077,0.2542896568747745,-0.41769469988544683,0.25240421584968076,-0.01159251633041347,-1.7748036637248292,-2.0483080694901465,-1.4016057553649468,-0.14987467952129907,-0.6870519494859656,1.1996123627079116,-1.3104191724516414,-1.0362158831678892,0.6602516654330126,Low,0,0,-0.16648594954451923,-0.2898689438812691,0.2542896568747738,-0.4176946998854469,0.2524042158496813,-0.011592516330413213,-1.7748036637248295,-2.0483080694901483,-1.4016057553649466,-0.14987467952129907,-0.6870519494859656,1.1996123627079116,-1.3104191724516416,-1.0362158831679293,-0.589595925871055,-1.2845558233198398,-1.6325116659989423,4.3694478524670215,8.016647877057803
University of Nebraska at Lincoln,No,6277,6003,3526,33,63,16454,3171,5595,3145,500,2070,86.0,92,15.1,48,6813,53,1.2146263330255935,1.5609142985302114,1.9009491620314671,0.5272445442404738,1.7832870485739147,1.5809028788708566,-1.3140424282305816,-0.2291945977334828,1.1402587274911506,0.8519616169825402,0.8746535950171559,0.3068689253343478,1.7530766248416305,-0.587099195997888,0.9563485741596304,Low,0,0,1.2146263330255942,1.560914298530213,1.9009491620314665,0.5272445442404737,1.7832870485739154,1.5809028788708568,-1.3140424282305818,-0.22919459773348455,1.1402587274911509,0.8519616169825402,0.8746535950171559,0.30686892533434756,1.7530766248416307,-0.5870991959979281,1.4245423219433517,-1.2845558233198398,-1.6325116659989423,4.1588830833596715,8.053887083618223
University of New England,Yes,1209,750,265,19,54,820,159,11450,5045,900,2500,,75,11.4,13,9718,64,-0.2724478738453962,-0.4706138365827934,-0.5875470383187643,-0.3392340437249904,-0.9166665828977453,-0.4564648167414976,0.3685679569333126,2.0175449708765014,1.5485627324170848,,-0.4912534379026085,-0.6514933647702706,-0.7285459157740776,0.36260733366640074,0.6203473945409429,High,2,1,-0.2724478738453956,-0.4706138365827917,-0.587547038318765,-0.33923404372499044,-0.9166665828977447,-0.4564648167414973,0.36856795693331235,2.0175449708764996,1.548562732417085,,-0.49125343790260845,-0.651493364770271,-0.7285459157740777,0.36260733366636055,-0.8610365113216508,0.5915717607393999,0.6125530498969481,4.007333185232471,8.526351129201004
University of New Hampshire,No,9750,7640,2529,24,62,10358,1338,11180,3862,650,2450,89.0,87,17.5,16,7855,75,1.5829335638386184,1.7780882749785452,1.6339158350259935,0.012544204192919739,1.4731051711626768,0.9305070365698836,0.3055872717085839,0.7526774094232582,1.5045850061771262,1.0886494052534617,0.4259346495311623,0.8796391420415897,-0.43232901744623836,-0.1844364619201776,0.7835897435897435,High,2,0,1.582933563838619,1.7780882749785467,1.6339158350259928,0.012544204192919675,1.4731051711626775,0.9305070365698839,0.30558727170858363,0.7526774094232564,1.5045850061771264,1.0886494052534617,0.42593464953116233,0.8796391420415897,-0.4323290174462384,-0.18443646192021781,0.24938595237866734,0.5915717607393999,-1.6325116659989423,4.143134726391533,8.259199362666282
University of North Carolina at Asheville,No,1757,979,394,32,74,2033,1078,5972,3420,600,750,77.0,83,13.0,11,7011,37,0.08085045117402596,-0.19374765508075362,-0.1392683366597052,0.4756588429698257,0.09444379004679493,0.7761419744386268,-1.1773533231047915,0.44960144391101303,-0.9606431574931019,0.18846094051108306,0.09569733284866454,-0.22412911641303207,-0.9453261392418362,-0.503527914514967,0.5571997723392146,Low,0,0,0.08085045117402659,-0.19374765508075195,-0.1392683366597059,0.47565884296982563,0.0944437900467955,0.776141974438627,-1.1773533231047917,0.4496014439110113,-0.9606431574931016,0.18846094051108306,0.09569733284866458,-0.22412911641303238,-0.9453261392418363,-0.5035279145150072,-1.290585207665746,-1.2845558233198398,-1.6325116659989423,4.31748811353631,8.137688184977605
University of North Carolina at Chapel Hill,No,14596,5985,3331,75,92,14609,1100,8400,4200,550,1200,88.0,93,8.9,23,15893,83,1.910178514851017,1.558186831438211,1.856197641860501,2.0648660712522746,1.7065532533235437,0.7904360556783387,-0.4101964618018934,0.12366360639712475,-0.007652220075795025,1.0088928960519896,0.9692990979140862,-1.369500491403887,0.16480222734879074,1.4095343761426808,0.41004384762948753,Medium,1,0,1.9101785148510178,1.5581868314382126,1.8561976418605004,2.0648660712522746,1.7065532533235444,0.790436055678339,-0.4101964618018937,0.123663606397123,-0.0076522200757946955,1.0088928960519896,0.9692990979140862,-1.3695004914038875,0.1648022273487908,1.4095343761426407,-2.291583082398756,-0.34649203129021994,-1.6325116659989423,4.532599493153256,8.343077871169383
University of North Carolina at Charlotte,No,5803,4441,1730,19,62,10099,3255,7248,3109,600,1900,79.0,91,16.8,7,6227,62,1.1477098741758305,1.2843432276049238,1.3116881005113126,-0.3392340437249904,1.455209560301861,1.6014887627356797,-0.7529427077266194,0.44960144391101303,0.956752752043269,0.32985855535977965,0.7816568116943878,0.7159264734321833,-1.4463049617888242,-0.8580640794936881,0.7652938135447183,Low,0,0,1.1477098741758311,1.2843432276049254,1.311688100511312,-0.33923404372499044,1.4552095603018618,1.60148876273568,-0.7529427077266196,0.4496014439110113,0.9567527520432694,0.32985855535977965,0.7816568116943878,0.7159264734321832,-1.4463049617888244,-0.8580640794937283,0.12493165583940233,-1.2845558233198398,-1.6325116659989423,4.143134726391533,8.04237800517328
University of North Carolina at Greensboro,No,5191,4134,1500,15,44,7532,1847,8677,3505,600,1300,75.0,94,15.5,17,7392,53,1.0520685344360614,1.2177534607856166,1.1856910278279402,-0.6744109272506593,1.2405588090964768,1.1670437668623848,-0.33245372526234523,0.44960144391101303,0.15797762148941302,0.05052602522539324,1.0656043502924986,0.4046648510463102,-0.33988160333066747,-0.35252900877675375,0.7963783471392796,Medium,1,0,1.052068534436062,1.2177534607856182,1.1856910278279396,-0.6744109272506594,1.2405588090964774,1.167043766862385,-0.3324537252623455,0.4496014439110113,0.15797762148941336,0.05052602522539325,1.0656043502924986,0.40466485104631006,-0.3398816033306675,-0.35252900877679394,0.3363777945293655,-0.34649203129021994,-1.6325116659989423,3.8066624897703196,8.16223106548118
University of North Carolina at Wilmington,No,6071,3856,1449,15,67,6635,1145,7558,3680,500,1500,82.0,85,19.1,15,6005,55,1.1862343630205117,1.1527236682523043,1.1547214556608447,-0.6744109272506593,1.1433976822468344,0.8188888569780044,-0.6573842538354956,-0.2291945977334828,0.45655088669276045,0.5484387369161905,0.25767565625110594,1.2445583074456885,-0.5277223848834107,-0.9712349854807305,0.6351507165211662,Medium,1,0,1.1862343630205123,1.1527236682523059,1.154721455660844,-0.6744109272506594,1.143397682246835,0.8188888569780046,-0.6573842538354958,-0.22919459773348455,0.4565508866927608,0.5484387369161905,0.257675656251106,1.2445583074456885,-0.5277223848834108,-0.9712349854807707,-0.7603399619273846,-0.34649203129021994,-1.6325116659989423,4.219507705176107,8.210939733379021
University of North Dakota,No,2777,2249,1652,20,54,8334,1435,5634,2703,450,1200,97.0,97,15.9,16,9424,49,0.5006033498546345,0.6383459333502691,1.2712422427282153,-0.2637884142137955,1.3161776570461388,0.9812197988315344,-1.2996267317241952,-0.6142542943018506,-0.007652220075795025,1.7576249773363266,1.3645882269351624,0.5014836955297912,-0.43232901744623836,0.2874915341308929,0.8098667626935542,Low,0,0,0.5006033498546352,0.6383459333502708,1.2712422427282146,-0.26378841421379556,1.3161776570461394,0.9812197988315347,-1.2996267317241954,-0.6142542943018524,-0.0076522200757946955,1.7576249773363266,1.3645882269351624,0.5014836955297911,-0.4323290174462384,0.2874915341308527,0.4281299637334103,-1.2845558233198398,-1.6325116659989423,4.007333185232471,7.902487437162855
University of North Florida,No,1800,1253,560,44,85,3876,3588,6634,4360,600,2604,82.0,85,17.8,14,6104,47,0.10337309901163495,0.05814397554165168,0.2359311193398942,1.0296888476949617,0.7001865358900139,1.6786500776951616,-0.9504488650286549,0.44960144391101303,1.6374863253596217,0.5484387369161905,0.25767565625110594,0.949019493150806,-0.6263490666426472,-0.9199828281061185,0.6961111111111111,Low,0,0,0.10337309901163558,0.05814397554165335,0.2359311193398935,1.0296888476949617,0.7001865358900144,1.6786500776951618,-0.9504488650286551,0.4496014439110113,1.637486325359622,0.5484387369161905,0.257675656251106,0.949019493150806,-0.6263490666426473,-0.9199828281061587,-0.3456694310072859,-1.2845558233198398,-1.6325116659989423,4.454347296253507,8.380456667842767
University of North Texas,No,4418,2737,2049,23,51,14047,5134,4104,3579,450,1700,86.0,94,22.6,6,5657,35,0.9123186057535846,0.8279262152067177,1.4576235441653211,-0.053119072030679164,1.6808014963236437,1.9689604177853832,-1.9234648853065524,-0.6142542943018506,0.7203062078785692,0.8519616169825402,1.0656043502924986,2.003668315361894,-1.5915825941910087,-1.1622575725282904,0.6195110909913988,Low,0,0,0.9123186057535853,0.8279262152067194,1.4576235441653205,-0.053119072030679226,1.6808014963236444,1.9689604177853834,-1.9234648853065526,-0.6142542943018524,0.7203062078785696,0.8519616169825402,1.0656043502924986,2.003668315361894,-1.591582594191009,-1.1622575725283306,-0.8667252940014962,-1.2845558233198398,-1.6325116659989423,3.9512437185814275,8.183118079394745
University of Northern Colorado,No,5530,4007,1697,12,37,8463,1498,7731,4128,540,2286,75.0,75,21.5,8,6309,40,1.1064524621969354,1.1886447513172167,1.2948383619500963,-0.9727316677869278,1.3275113138577812,1.012526450223129,-0.605172252396927,0.05539421178077269,1.3542640373496568,0.05052602522539324,-0.4912534379026085,1.7703640932805513,-1.3104191724516414,-0.8178229155133958,0.7245931283905968,Medium,1,0,1.106452462196936,1.1886447513172183,1.2948383619500956,-0.9727316677869279,1.3275113138577819,1.0125264502231293,-0.6051722523969272,0.05539421178077094,1.354264037349657,0.05052602522539325,-0.49125343790260845,1.7703640932805516,-1.3104191724516416,-0.817822915513436,-0.15192637362707953,-0.34649203129021994,-1.6325116659989423,3.6375861597263857,8.32579052588609
University of Northern Iowa,No,4144,3379,1853,18,52,10135,1448,6197,2930,595,2380,78.0,82,16.3,26,6333,77,0.8563696740797448,1.0285071849982341,1.3713752473021146,-0.41769469988544683,1.4577302586726892,0.9877799560609118,-1.0984595018104282,0.4180956653711339,1.4415991471928369,0.25872716535248275,0.01703484187169807,0.5973594431689156,0.3918121720690085,-0.806197279148967,0.815395752895753,Low,0,0,0.8563696740797455,1.0285071849982357,1.371375247302114,-0.4176946998854469,1.45773025867269,0.9877799560609121,-1.0984595018104284,0.4180956653711322,1.441599147192837,0.25872716535248275,0.017034841871698108,0.5973594431689155,0.39181217206900854,-0.8061972791490072,0.4657397810257668,-1.2845558233198398,-1.6325116659989423,3.970291913552122,7.983098940710892
University of Notre Dame,Yes,7700,3700,1906,79,96,7671,30,16850,4400,600,1350,96.0,92,13.1,46,13936,97,1.386984122473412,1.1139980001534184,1.395700348740444,2.1734851596189424,1.25434939990761,-1.3559697713457746,1.4633967085260515,0.44960144391101303,0.23641393758197868,1.6710005215479578,0.8746535950171559,-0.19811971128459815,1.645084879245121,1.156606757571247,0.4805194805194805,Very High,3,1,1.3869841224734127,1.11399800015342,1.3957003487404434,2.1734851596189424,1.2543493999076107,-1.3559697713457743,1.4633967085260513,0.4496014439110113,0.236413937581979,1.6710005215479578,0.8746535950171559,-0.19811971128459846,1.6450848792451211,1.156606757571207,-1.8121871023693927,1.5296355527690197,0.6125530498969481,4.574710978503383,8.38958706681109
University of Oklahoma,No,4743,3970,2233,32,63,13436,2582,5173,3526,765,3176,86.0,90,11.5,11,10244,44,0.9740431269899128,1.1799784280038443,1.5303410273395697,0.4756588429698257,1.651339737366003,1.4209512204558519,-1.474427527654091,1.3792330061925548,2.0745864672323053,0.8519616169825402,0.6902976719925955,-0.6241261598571867,-0.9453261392418362,0.4886168372633586,0.837022981235505,Low,0,0,0.9740431269899135,1.179978428003846,1.530341027339569,0.47565884296982563,1.6513397373660037,1.420951220455852,-1.4744275276540912,1.379233006192553,2.0745864672323058,0.8519616169825402,0.6902976719925955,-0.624126159857187,-0.9453261392418363,0.4886168372633184,0.6128545482168315,-1.2845558233198398,-1.6325116659989423,4.1588830833596715,8.168202930236053
University of Oregon,No,8631,6732,2546,25,61,11669,1605,10602,3660,570,1530,79.0,87,19.7,13,8020,54,1.4821553843456545,1.6645887373148736,1.6394344382529804,0.07620224590010687,1.5560078373793786,1.063076127555853,0.16732222950470962,0.257019026226166,0.4981180850378056,0.32985855535977965,0.4259346495311623,1.378310185059992,-0.7285459157740776,-0.1281785155941174,0.7799791449426486,High,2,0,1.4821553843456552,1.664588737314875,1.6394344382529797,0.0762022459001068,1.5560078373793793,1.0630761275558531,0.16732222950470935,0.2570190262261643,0.4981180850378059,0.32985855535977965,0.42593464953116233,1.378310185059992,-0.7285459157740777,-0.1281785155941576,0.2248255985948487,0.5915717607393999,-1.6325116659989423,4.127134385045092,8.205491613120236
University of Pennsylvania,Yes,12394,5232,2464,85,100,9205,531,17020,7270,500,1544,95.0,96,6.3,38,25765,93,1.778699307375283,1.4354792154185063,1.6124136821875812,2.328985093693537,1.3888530006318354,0.2927461441126657,1.4938217847884745,-0.2291945977334828,0.5172584529167374,1.5852330973790323,1.2632379969775114,-2.206272378014776,1.1865255105248433,2.198824543357604,0.42213974503792157,Very High,3,1,1.7786993073752837,1.4354792154185079,1.6124136821875805,2.328985093693537,1.388853000631836,0.292746144112666,1.4938217847884743,-0.22919459773348455,0.5172584529167378,1.5852330973790323,1.2632379969775114,-2.206272378014777,1.1865255105248436,2.1988245433575635,-2.2093032311272927,1.5296355527690197,0.6125530498969481,4.61512051684126,8.891649112650057
University of Pittsburgh-Main Campus,No,8586,6383,2503,25,59,13138,4289,10786,4560,400,900,93.0,93,7.8,10,13789,66,1.4778139660611471,1.6165374539794701,1.6253923193580806,0.07620224590010687,1.636371632461944,1.821964385693793,0.21186330651465693,-1.0385747647777013,-0.5948985253355604,1.4162709817701533,0.9692990979140862,-1.7100169957075873,-1.060970528103861,1.1353986175686341,0.7434195201490799,High,2,0,1.4778139660611478,1.6165374539794717,1.62539231935808,0.0762022459001068,1.6363716324619446,1.8219643856937933,0.21186330651465665,-1.038574764777703,-0.5948985253355601,1.4162709817701533,0.9692990979140862,-1.710016995707588,-1.0609705281038613,1.135398617568594,-0.023863720517422086,0.5915717607393999,-1.6325116659989423,4.0943445622221,8.4252971767117
University of Portland,Yes,1758,1485,419,27,58,2041,174,12040,4100,600,1100,92.0,96,13.2,17,9060,72,0.08138092185484448,0.22906607300369264,-0.0721471009353398,0.19803987368047105,0.09839529272593896,-0.40348826758308165,0.5028730839628116,0.44960144391101303,-0.1865912069727965,1.3330771206617404,1.2632379969775114,-0.17218743592901764,-0.33988160333066747,0.18932604159263555,0.8447098976109215,High,2,1,0.0813809218548451,0.2290660730036943,-0.07214710093534049,0.198039873680471,0.09839529272593953,-0.4034882675830814,0.5028730839628114,0.4496014439110113,-0.18659120697279616,1.3330771206617404,1.2632379969775114,-0.17218743592901792,-0.3398816033306675,0.18932604159259533,0.6651432139312449,0.5915717607393999,0.6125530498969481,4.07753744390572,8.31898612539206
University of Puget Sound,Yes,4044,2826,688,51,83,2738,138,16230,4500,630,1800,79.0,86,15.0,17,11217,63,0.8349551115263916,0.8585753208092575,0.4463961019520018,1.3022664532279355,0.38456102299753386,-0.5387571005957339,1.350694182124423,0.6339700115112425,0.8415717373291548,0.32985855535977965,0.3410143789166372,0.282263089279496,-0.33988160333066747,0.6972660152166275,0.6988130563798219,Very High,3,1,0.8349551115263922,0.8585753208092591,0.4463961019520011,1.3022664532279355,0.3845610229975344,-0.5387571005957337,1.3506941821244227,0.6339700115112408,0.8415717373291551,0.32985855535977965,0.3410143789166373,0.2822630892794958,-0.3398816033306675,0.6972660152165873,-0.32729000471534775,1.5296355527690197,0.6125530498969481,4.430816798843313,8.412054873292933
University of Rhode Island,No,9643,7751,1968,12,40,8894,2456,10330,5558,500,1250,84.0,89,16.6,7,9158,63,1.5738478708243753,1.7909646014156895,1.4231847055428082,-0.9727316677869278,1.363903285024892,1.382495865494832,0.10053892028055368,-0.2291945977334828,0.07669669089682644,0.6984756672128422,0.6005650532112241,0.6686666670859442,-1.4463049617888242,0.21634640346214432,0.8037954993259359,Medium,1,0,1.573847870824376,1.790964601415691,1.4231847055428075,-0.9727316677869279,1.3639032850248927,1.3824958654948323,0.1005389202805534,-0.22919459773348455,0.07669669089682678,0.6984756672128422,0.6005650532112241,0.6686666670859441,-1.4463049617888244,0.2163464034621041,0.3868314449009667,-0.34649203129021994,-1.6325116659989423,3.713572066704308,8.62317351495347
University of Richmond,Yes,5892,2718,756,46,72,2854,594,14500,3285,700,1125,75.0,89,11.7,32,11984,100,1.1607114578609061,0.8212451523831148,0.5405644999312657,1.1106782881401172,0.4235151780581282,0.36704908313466555,1.0204503919613213,1.036080707406721,-0.1404862061624641,0.05052602522539324,0.6005650532112241,-0.5696679314881975,0.8085395078716484,0.8430153646735001,0.46130346232179226,Very High,3,1,1.1607114578609068,0.8212451523831165,0.540564499931265,1.1106782881401172,0.42351517805812877,0.36704908313466583,1.020450391961321,1.0360807074067193,-0.14048620616246377,0.05052602522539325,0.6005650532112241,-0.5696679314881978,0.8085395078716485,0.8430153646734599,-1.9429001090978628,1.5296355527690197,0.6125530498969481,4.290459441148391,8.097426298597213
University of Rochester,Yes,8766,5498,1243,56,75,5071,438,17840,6582,500,882,93.0,99,5.9,23,26037,80,1.4950353859355885,1.4808675099674575,1.0154348556701913,1.4803479884652577,0.9282748871699776,0.16704809671101345,1.6378403162054327,-0.2291945977334828,-0.6356698514635143,1.4162709817701533,1.572409762644023,-2.3461430858974524,0.16480222734879074,2.2137884401032633,0.6271959844855122,Very High,3,1,1.4950353859355892,1.480867509967459,1.0154348556701907,1.4803479884652577,0.9282748871699782,0.1670480967110137,1.6378403162054325,-0.22919459773348455,-0.635669851463514,1.4162709817701533,1.572409762644023,-2.3461430858974532,0.1648022273487908,2.213788440103223,-0.8144503885205852,1.5296355527690197,0.6125530498969481,4.330733340286331,8.792245847467877
University of San Diego,Yes,3934,2735,886,40,70,3698,217,13600,5940,630,1820,93.0,96,15.6,13,10813,66,0.8107329236340292,0.8272252842692722,0.6960545573875474,0.8591123720558882,0.6588879764870719,-0.2717006389429036,0.8383174900896683,0.6339700115112425,0.865074030349224,1.4162709817701533,1.2632379969775114,0.42895980050767385,-0.7285459157740776,0.6141530866237902,0.6952211489578037,High,2,1,0.8107329236340298,0.8272252842692739,0.6960545573875467,0.8591123720558881,0.6588879764870724,-0.2717006389429033,0.838317490089668,0.6339700115112408,0.8650740303492244,1.4162709817701533,1.2632379969775114,0.4289598005076737,-0.7285459157740777,0.61415308662375,-0.35172321528957534,0.5915717607393999,0.6125530498969481,4.2626798770413155,8.689632748355741
University of San Francisco,Yes,2306,1721,538,23,48,4309,549,13226,6452,750,2450,86.0,86,13.6,8,10074,62,0.3318634109292266,0.37584667171150266,0.1941760581232934,-0.053119072030679164,0.7916764328730291,0.3147530959025511,0.7603004064397545,1.302364971752549,1.5045850061771262,0.8519616169825402,0.3410143789166372,-0.06921363882471981,-1.3104191724516414,0.4490028329006464,0.746313963573287,High,2,1,0.3318634109292272,0.3758466717115043,0.1941760581232927,-0.053119072030679226,0.7916764328730297,0.3147530959025514,0.7603004064397543,1.3023649717525472,1.5045850061771264,0.8519616169825402,0.3410143789166373,-0.06921363882472008,-1.3104191724516416,0.4490028329006062,-0.004174865162930047,0.5915717607393999,0.6125530498969481,3.8918202981106265,8.77230041793584
University of Sci. and Arts of Oklahoma,No,285,280,208,21,43,1140,473,3687,1920,600,1800,67.0,77,23.6,3,3864,43,-1.7322644525300057,-1.5398649128186608,-0.8750036096379541,-0.1910995085854955,-0.5263297844880812,0.2169487970705791,-2.119539384004626,0.44960144391101303,0.8415717373291548,-0.46650187191478404,-0.35347352257287784,2.211956110773529,-2.110816243643385,-2.539275456513029,0.9824561403508771,Low,0,0,-1.732264452530005,-1.5398649128186592,-0.8750036096379548,-0.19109950858549554,-0.5263297844880807,0.21694879707057935,-2.1195393840046264,0.4496014439110113,0.8415717373291551,-0.46650187191478404,-0.3534735225728778,2.211956110773529,-2.1108162436433853,-2.5392754565130695,1.6021336647549942,-1.2845558233198398,-1.6325116659989423,3.784189633918261,7.560601162768557
University of Scranton,Yes,4471,2942,910,29,60,3674,493,11584,5986,650,800,83.0,83,14.1,41,9131,92,0.9227105251409013,0.8970085042862836,0.7218751383838001,0.3133361961439693,0.6531345000104182,0.24398810214401248,0.39946318106852363,0.7526774094232582,-0.8317407991744724,0.6230258404135154,0.09569733284866454,0.0578612960059782,1.3638859737288738,0.20894667433666103,0.6580183404160144,High,2,1,0.922710525140902,0.8970085042862853,0.7218751383837995,0.31333619614396924,0.6531345000104187,0.24398810214401273,0.39946318106852335,0.7526774094232564,-0.8317407991744721,0.6230258404135154,0.09569733284866458,0.05786129600597796,1.363885973728874,0.2089466743366208,-0.6047876594014111,0.5915717607393999,0.6125530498969481,4.110873864173311,8.697345730925353
University of South Carolina at Aiken,No,848,560,377,14,24,1855,1412,5800,3066,500,1500,62.0,62,14.8,3,5035,48,-0.6166530934911131,-0.7800827366548843,-0.18778117748487302,-0.7684736752694478,0.0012814674849651998,0.969481038526664,-1.2389903799716606,-0.2291945977334828,0.45655088669276045,-0.7613493814819632,-1.2494530951634284,0.23285911367621054,-2.110816243643385,-1.553254566988776,0.660377358490566,Low,0,0,-0.6166530934911124,-0.7800827366548826,-0.18778117748487372,-0.7684736752694479,0.0012814674849657669,0.9694810385266642,-1.2389903799716608,-0.22919459773348455,0.4565508866927608,-0.7613493814819632,-1.2494530951634284,0.23285911367621034,-2.1108162436433853,-1.5532545669888163,-0.5887409247304091,-1.2845558233198398,-1.6325116659989423,3.2188758248682006,8.028455164114252
University of South Carolina at Columbia,No,7693,5815,2328,30,66,12594,3661,8074,3522,495,2941,84.0,88,16.9,18,8246,63,1.3862225885733102,1.5319864059157933,1.565228625551415,0.3687770077049723,1.6079494638007927,1.694698737128009,-0.5038802371615053,-0.2661512489708769,1.9046106878547377,0.6984756672128422,0.5124477851823425,0.7394742574402835,-0.2501326836602141,-0.05395620976919257,0.755881970622644,Medium,1,0,1.3862225885733108,1.5319864059157948,1.5652286255514143,0.36877700770497224,1.6079494638007934,1.6946987371280091,-0.5038802371615055,-0.2661512489708786,1.904610687854738,0.6984756672128422,0.5124477851823425,0.7394742574402834,-0.25013268366021413,-0.05395620976923277,0.06090953249709589,-0.34649203129021994,-1.6325116659989423,4.204692619390966,8.167068178341237
University of South Florida,No,7589,4676,1876,29,63,14770,10962,6760,3776,500,2180,84.0,89,17.0,7,11020,47,1.3748199923546511,1.332071879601233,1.3820287292917466,0.3133361961439693,1.7137086933008105,2.618573670368786,-0.908968206652819,-0.2291945977334828,1.2516980396271884,0.6984756672128422,0.6005650532112241,0.7629678950964552,-1.4463049617888242,0.6573253129759256,0.6161549611279483,Low,0,0,1.3748199923546518,1.3320718796012345,1.382028729291746,0.31333619614396924,1.7137086933008112,2.6185736703687863,-0.9089682066528192,-0.22919459773348455,1.2516980396271886,0.6984756672128422,0.6005650532112241,0.7629678950964552,-1.4463049617888244,0.6573253129758854,-0.8895546762860943,-1.2845558233198398,-1.6325116659989423,4.1588830833596715,8.236685322712457
University of Southern California,Yes,12229,8498,2477,45,71,13259,1429,17230,6482,600,2210,90.0,94,11.4,10,17007,68,1.767854571084847,1.8727980171059668,1.6167660641968535,1.0705183742130722,1.6424987076184059,0.9781739521328112,1.5311313223741758,0.44960144391101303,1.2811866250729265,1.1692659029158703,1.0656043502924986,-0.6514933647702706,-1.060970528103861,1.5330591112214935,0.6949055523755009,Very High,3,1,1.7678545710848477,1.8727980171059684,1.6167660641968529,1.0705183742130722,1.6424987076184066,0.9781739521328114,1.5311313223741756,0.4496014439110113,1.2811866250729267,1.1692659029158703,1.0656043502924986,-0.651493364770271,-1.0609705281038613,1.5330591112214533,-0.35386999605141894,1.5296355527690197,0.6125530498969481,4.276666119016055,8.776938645174996
University of Southern Colorado,No,1401,1239,605,10,34,3716,675,7100,4380,540,2948,63.0,88,19.4,0,5389,36,-0.13199582138031676,0.04676761749348727,0.3157351735688545,-1.204141438433242,0.6631732964793526,0.45277792208088735,-0.7995128887962804,0.05539421178077269,1.9098527394310276,-0.7041258620108916,0.5124477851823425,1.3116354246838142,-2.939282785751947,-1.3221782583180375,0.8843683083511777,Low,0,0,-0.13199582138031615,0.046767617493488935,0.3157351735688538,-1.204141438433242,0.6631732964793532,0.45277792208088763,-0.7995128887962806,0.05539421178077094,1.9098527394310278,-0.7041258620108916,0.5124477851823425,1.3116354246838142,-2.9392827857519475,-1.3221782583180777,0.9349113863279164,-1.2845558233198398,-1.6325116659989423,3.5553480614894135,8.385032287813898
University of Southern Indiana,No,2379,2133,1292,8,25,4283,2973,4973,3192,500,1425,56.0,65,22.0,21,4078,38,0.36031843364023763,0.5867801231558109,1.0508632016738733,-1.4730544512765091,0.7865048678091748,1.5303638653428284,-1.5534529351748265,-0.2291945977334828,0.34916560007149294,-1.0863082490971052,-1.094880026424442,1.8769734484218663,0.004942005820180814,-2.3268517349235713,0.8965952080706179,Low,0,0,0.36031843364023824,0.5867801231558125,1.0508632016738726,-1.4730544512765091,0.7865048678091754,1.5303638653428286,-1.5534529351748267,-0.22919459773348455,0.3491656000714933,-1.0863082490971052,-1.094880026424442,1.8769734484218665,0.004942005820180843,-2.3268517349236117,1.018082353843329,-1.2845558233198398,-1.6325116659989423,3.258096538021482,8.068716192714781
University of Southern Mississippi,No,2850,2044,1046,20,50,9260,1387,4652,2470,500,500,78.0,99,18.7,23,5917,45,0.5239804045600814,0.5451410148413321,0.8547319289088408,-0.2637884142137955,1.393158400547486,0.9565244377437802,-1.6847754130645565,-0.2291945977334828,-1.7565250573930093,0.25872716535248275,1.572409762644023,1.154480994238658,0.16480222734879074,-1.0178988938271865,0.7171929824561404,Low,0,0,0.5239804045600821,0.5451410148413338,0.8547319289088401,-0.26378841421379556,1.3931584005474866,0.9565244377437804,-1.6847754130645567,-0.22919459773348455,-1.7565250573930091,0.25872716535248275,1.572409762644023,1.154480994238658,0.1648022273487908,-1.0178988938272266,-0.20226434247010575,-1.2845558233198398,-1.6325116659989423,3.9318256327243257,7.81237820598861
University of St. Thomas MN,Yes,2057,1807,828,26,53,4106,982,11712,4037,500,800,80.0,80,13.8,13,8546,89,0.22698261829985295,0.42404595301776704,0.6301726766871077,0.13799295441079093,0.7502501260579818,0.7105180798928982,0.42875654929857054,-0.2291945977334828,-0.8317407991744724,0.4018546093085536,-0.1356944211524122,-0.018169120424499485,-0.7285459157740776,0.03985726900063871,0.8784637822070978,High,2,1,0.22698261829985356,0.4240459530177687,0.6301726766871071,0.13799295441079087,0.7502501260579824,0.7105180798928984,0.42875654929857027,-0.22919459773348455,-0.8317407991744721,0.4018546093085536,-0.13569442115241218,-0.018169120424499738,-0.7285459157740777,0.03985726900059851,0.8947470631232055,0.5915717607393999,0.6125530498969481,3.9889840465642745,8.303504798872783
University of St. Thomas TX,Yes,374,280,185,45,77,995,408,8550,4050,500,1344,75.0,75,12.6,17,7237,62,-1.44587640979,-1.5398649128186608,-1.0179681980351356,1.0705183742130722,-0.6840931775471963,0.121328324574784,-0.3678919688749011,-0.2291945977334828,0.22714497045290524,0.05052602522539324,-0.4912534379026085,-0.3289547743612044,-0.33988160333066747,-0.4124784087609705,0.7486631016042781,Medium,1,1,-1.4458764097899994,-1.5398649128186592,-1.0179681980351363,1.0705183742130722,-0.6840931775471958,0.12132832457478425,-0.3678919688749014,-0.22919459773348455,0.22714497045290558,0.05052602522539325,-0.49125343790260845,-0.32895477436120474,-0.3398816033306675,-0.4124784087610107,0.011804662546300276,-0.34649203129021994,0.6125530498969481,4.356708826689592,8.30671904320269
University of Tennessee at Knoxville,No,7473,5372,3013,27,53,15749,3237,5764,3262,750,3300,86.0,92,16.5,22,8612,53,1.3619022597432788,1.45966747190662,1.7763137178005501,0.19803987368047105,1.7552648907740966,1.5971181409728108,-1.2520426511540852,1.302364971752549,2.1596345541002377,0.8519616169825402,0.8746535950171559,0.6449537289305115,0.08579839053769144,0.05981717941084221,0.7188545430215443,Low,0,0,1.3619022597432795,1.4596674719066216,1.7763137178005495,0.198039873680471,1.7552648907740973,1.597118140972811,-1.2520426511540854,1.3023649717525472,2.159634554100238,0.8519616169825402,0.8746535950171559,0.6449537289305114,0.08579839053769148,0.05981717941080201,-0.19096191888104355,-1.2845558233198398,-1.6325116659989423,3.9889840465642745,8.09040229659332
University of Texas at Arlington,No,3281,2559,1448,19,43,10975,8431,4422,2780,500,2850,73.0,73,21.0,4,4696,29,0.6500902426135583,0.7632973795879373,1.154101696496533,-0.3392340437249904,1.5136249955237917,2.3882247864206927,-1.7825765665070614,-0.2291945977334828,1.8353918529527828,-0.08394204211030992,-0.6232192944825511,1.6627856961005765,-1.9198798890972208,-1.799319468626385,0.7799451386772326,Low,0,0,0.650090242613559,0.763297379587939,1.1541016964965323,-0.33923404372499044,1.5136249955237924,2.388224786420693,-1.7825765665070616,-0.22919459773348455,1.835391852952783,-0.08394204211030991,-0.6232192944825511,1.6627856961005767,-1.919879889097221,-1.7993194686264251,0.2245942779771011,-1.2845558233198398,-1.6325116659989423,3.784189633918261,7.930565854233965
University of Texas at Austin,No,14752,9572,5329,48,85,30017,5189,5130,3309,650,3140,91.0,99,19.7,11,7837,65,1.9186717253458232,1.9778779863773868,2.2143687998258126,1.1890885687490678,2.142021542193384,1.9777529181559235,-1.4912463226655415,0.7526774094232582,2.0493189905925706,1.2507419520369065,1.572409762644023,1.378310185059992,-0.9453261392418362,-0.1906839947329168,0.6488611713665944,Low,0,0,1.9186717253458239,1.9778779863773883,2.2143687998258117,1.1890885687490678,2.1420215421933846,1.9777529181559237,-1.4912463226655417,0.7526774094232564,2.049318990592571,1.2507419520369065,1.572409762644023,1.378310185059992,-0.9453261392418363,-0.19068399473295702,-0.6670774161687403,-1.2845558233198398,-1.6325116659989423,4.454347296253507,8.104703468371108
University of Texas at San Antonio,No,4217,3100,1686,17,46,9375,5457,4104,5376,452,1200,94.0,100,25.3,3,4329,50,0.8716551579601625,0.946828155005091,1.2891376343771654,-0.4994689411839057,1.4020607143123585,2.019430377794626,-1.9234648853065524,-0.5981523313367176,-0.007652220075795025,1.5003231131674828,1.6789026453905742,2.558329980702618,-2.110816243643385,-2.098609153625088,0.7351197533791796,Low,0,0,0.8716551579601631,0.9468281550050927,1.2891376343771648,-0.4994689411839058,1.4020607143123591,2.0194303777946265,-1.9234648853065526,-0.5981523313367194,-0.0076522200757946955,1.5003231131674828,1.6789026453905742,2.558329980702618,-2.1108162436433853,-2.0986091536251283,-0.080321174839006,-1.2845558233198398,-1.6325116659989423,3.8501476017100584,8.589885876809678
University of the Arts,Yes,974,704,290,5,22,1145,39,12520,3860,1300,700,16.0,59,7.5,9,11641,57,-0.481150972020649,-0.5371343560895901,-0.48324564741642817,-1.9916231295773121,-0.5213322032234614,-1.2240971271106291,0.6089823530815689,3.512099605955131,-1.0977621251583494,-2.435112544492061,-1.392393977623881,-1.8060687605471026,-1.1823654119674138,0.7796686482836065,0.7227926078028748,High,2,1,-0.4811509720206484,-0.5371343560895885,-0.4832456474164289,-1.9916231295773121,-0.5213322032234609,-1.224097127110629,0.6089823530815687,3.5120996059551293,-1.0977621251583491,-2.435112544492061,-1.392393977623881,-1.8060687605471033,-1.182365411967414,0.7796686482835663,-0.1641740441525978,0.5915717607393999,0.6125530498969481,3.1354942159291497,8.258681496264236
University of the Pacific,Yes,2459,1997,582,36,66,2664,299,16320,5326,646,1171,87.0,94,11.2,14,13706,65,0.3904456620038149,0.5223623560956628,0.2758356209696087,0.675328745331237,0.3586443419649727,-0.07522454097749387,1.3672277109105084,0.7291929913325775,-0.05807801695265958,0.9299968174778829,1.0656043502924986,-0.7065095975671861,-0.6263490666426472,1.123269257004003,0.8121187474583164,Very High,3,1,0.39044566200381553,0.5223623560956645,0.27583562096960795,0.6753287453312369,0.35864434196497325,-0.07522454097749362,1.3672277109105082,0.7291929913325758,-0.05807801695265925,0.9299968174778829,1.0656043502924986,-0.7065095975671865,-0.6263490666426473,1.1232692570039629,0.44344862635541926,1.5296355527690197,0.6125530498969481,4.204692619390966,8.580543506917
University of the South,Yes,1445,966,326,46,83,1129,24,15350,4080,450,810,89.0,93,10.3,52,18784,82,-0.10271960516114705,-0.2075163667817634,-0.34999588767462286,1.1106782881401172,-0.5374191334014481,-1.4654695858923672,1.185764864906594,-0.6142542943018506,-0.8068585572844014,1.0886494052534617,0.9692990979140862,-0.9589736427194986,1.9622255291248631,1.706246032387805,0.6685121107266436,Very High,3,1,-0.10271960516114642,-0.20751636678176175,-0.3499958876746236,1.1106782881401172,-0.5374191334014475,-1.465469585892367,1.1857648649065937,-0.6142542943018524,-0.806858557284401,1.0886494052534617,0.9692990979140862,-0.958973642719499,1.9622255291248634,1.7062460323877648,-0.5334059477945123,1.5296355527690197,0.6125530498969481,4.430816798843313,8.314097335405807
University of Tulsa,Yes,1712,1557,696,41,68,2936,433,11750,4160,1200,2350,94.0,96,11.5,10,11743,47,0.056638025513930636,0.2763475118892347,0.4580200076341776,0.9029060992795955,0.44990550827206816,0.15962811472572122,0.43741250359800693,3.1807270964121486,1.4140785996623837,1.5003231131674828,1.2632379969775114,-0.6241261598571867,-1.060970528103861,0.7988043253147776,0.9094626168224299,High,2,1,0.05663802551393126,0.27634751188923634,0.4580200076341769,0.9029060992795954,0.4499055082720687,0.15962811472572147,0.43741250359800665,3.180727096412147,1.414078599662384,1.5003231131674828,1.2632379969775114,-0.624126159857187,-1.0609705281038613,0.7988043253147374,1.105610252154537,0.5915717607393999,0.6125530498969481,4.23410650459726,8.333510708982942
University of Utah,No,5095,4491,2400,27,53,13894,8374,6857,3975,858,3093,89.0,93,12.8,9,9275,37,1.0359734637802456,1.2947208758632756,1.5905933499988352,0.19803987368047105,1.673572655093397,2.382351216705924,-0.8773794311609284,1.828453036858646,2.0159241275400492,1.0886494052534617,0.9692990979140862,-0.27638263282096814,-1.1823654119674138,0.24802714923234936,0.8814524043179588,Low,0,0,1.0359734637802462,1.294720875863277,1.5905933499988345,0.198039873680471,1.6735726550933976,2.3823512167059246,-0.8773794311609286,1.8284530368586442,2.0159241275400497,1.0886494052534617,0.9692990979140862,-0.2763826328209685,-1.182365411967414,0.24802714923230915,0.9150765495999008,-1.2845558233198398,-1.6325116659989423,3.9889840465642745,8.288031567776464
University of Vermont,No,7663,6008,1735,18,51,7353,1674,15516,4928,500,990,87.0,90,9.9,10,12646,79,1.3829504306508018,1.561670376661492,1.3142087300730732,-0.41769469988544683,1.2223356593610513,1.0940859297641898,1.2173431840931406,-0.2291945977334828,-0.40172656536214174,0.9299968174778829,0.6902976719925955,-1.07392177987466,-1.060970528103861,0.9577060506819695,0.7840271434164165,Very High,3,0,1.3829504306508025,1.5616703766614937,1.3142087300730725,-0.4176946998854469,1.222335659361052,1.09408592976419,1.2173431840931404,-0.22919459773348455,-0.4017265653621414,0.9299968174778829,0.6902976719925955,-1.0739217798746605,-1.0609705281038613,0.9577060506819293,0.25236127462798846,1.5296355527690197,-1.6325116659989423,3.9512437185814275,8.502891406705377
University of Virginia,No,15849,5384,2678,74,95,11278,114,12212,3792,500,1000,90.0,92,9.5,22,13597,95,1.9758035359005222,1.4617093107776655,1.6808889445223258,2.0370399630211056,1.532519969472921,-0.6479423263493433,0.5412098077298565,-0.2291945977334828,-0.38127720198738435,1.1692659029158703,0.8746535950171559,-1.190691670206362,0.08579839053769144,1.1071671701039127,0.3397059751403874,High,2,0,1.9758035359005228,1.461709310777667,1.6808889445223252,2.0370399630211056,1.5325199694729217,-0.6479423263493431,0.5412098077298563,-0.22919459773348455,-0.381277201987384,1.1692659029158703,0.8746535950171559,-1.1906916702063624,0.08579839053769148,1.1071671701038726,-2.770041975669376,0.5915717607393999,-1.6325116659989423,4.564348191467836,8.2409125416889
University of Washington,No,12749,7025,3343,40,81,20356,4582,8199,4218,708,2172,96.0,94,9.0,10,16527,65,1.8015159477585467,1.7029166703348018,1.8590379139034363,0.8591123720558882,1.9157010921330964,1.8756771189773522,-0.4676698588996491,1.0797775855093061,1.2437709651163995,1.6710005215479578,1.0656043502924986,-1.3393806851395524,-1.060970528103861,1.481410660366485,0.5510236096948781,Medium,1,0,1.8015159477585474,1.7029166703348033,1.8590379139034356,0.8591123720558881,1.915701092133097,1.8756771189773525,-0.4676698588996494,1.0797775855093044,1.2437709651163997,1.6710005215479578,1.0656043502924986,-1.3393806851395529,-1.0609705281038613,1.4814106603664448,-1.3325972822266665,-0.34649203129021994,-1.6325116659989423,4.406719247264253,8.347353412124338
University of West Florida,No,1558,1254,472,20,57,3754,2477,6172,3994,541,1387,83.0,87,23.4,12,8488,53,-0.03171068739405107,0.05895136602370025,0.056018465230557216,-0.2637884142137955,0.6721375628293512,1.3890267713349818,-1.1071315738160603,0.062270488297383166,0.2927436013713593,0.6230258404135154,0.4259346495311623,2.1705775381163273,-0.8347120424139982,0.022119452025352874,0.8048780487804879,Low,0,0,-0.031710687394050446,0.058951366023701914,0.05601846523055652,-0.26378841421379556,0.6721375628293518,1.389026771334982,-1.1071315738160605,0.06227048829738142,0.29274360137135963,0.6230258404135154,0.42593464953116233,2.1705775381163273,-0.8347120424139983,0.02211945202531267,0.3941952646414049,-1.2845558233198398,-1.6325116659989423,4.060443010546419,8.292798858200374
University of Wisconsin-Stout,No,2593,1966,1030,9,32,6038,579,6704,2592,376,1750,78.0,78,21.0,17,6254,65,0.43862689843160607,0.5070221790837495,0.8401679973097173,-1.3330274833513371,1.0693830322132585,0.3500261225173064,-0.9273407935340333,-1.2589193990725522,0.781741083845562,0.25872716535248275,-0.28237352323745246,1.6627856961005765,-0.33988160333066747,-0.8447241080128095,0.7581951407635943,Low,0,0,0.4386268984316067,0.5070221790837511,0.8401679973097166,-1.3330274833513371,1.0693830322132591,0.3500261225173067,-0.9273407935340335,-1.258919399072554,0.7817410838455623,0.25872716535248275,-0.2823735232374524,1.6627856961005767,-0.3398816033306675,-0.8447241080128497,0.07664439604101742,-1.2845558233198398,-1.6325116659989423,3.4965075614664802,7.860570785538664
University of Wisconsin-Superior,No,910,910,342,14,53,1434,417,7032,2780,550,1960,75.0,81,15.2,15,6490,36,-0.5474611200147484,-0.2691823030678723,-0.29612223320675385,-0.7684736752694478,-0.27067181005943686,0.1353539347196102,-0.8211239634243725,0.12366360639712475,1.0231952294688753,0.05052602522539324,-0.060091883356808096,0.33141144615172624,-0.5277223848834107,-0.7317884572654582,1.0,Low,0,0,-0.5474611200147478,-0.2691823030678706,-0.29612223320675457,-0.7684736752694479,-0.2706718100594363,0.13535393471961046,-0.8211239634243728,0.123663606397123,1.0231952294688755,0.05052602522539325,-0.06009188335680806,0.331411446151726,-0.5277223848834108,-0.7317884572654983,1.7214721572963374,-1.2845558233198398,-1.6325116659989423,3.9889840465642745,7.930565854233965
University of Wisconsin-Whitewater,No,4400,3719,1472,12,38,7804,1552,6950,2500,300,1200,90.0,95,23.1,16,5559,67,0.9087588221610482,1.1188070238037175,1.1688412745048906,-0.9727316677869278,1.2672624946541435,1.0384301817853028,-0.8473677622787216,-2.0483080694901465,-0.007652220075795025,1.1692659029158703,1.1635803366973685,2.108250746221951,-0.43232901744623836,-1.2193554714348438,0.8452272727272727,Low,0,0,0.9087588221610489,1.118807023803719,1.16884127450489,-0.9727316677869279,1.2672624946541442,1.038430181785303,-0.8473677622787218,-2.0483080694901483,-0.0076522200757946955,1.1692659029158703,1.1635803366973685,2.108250746221951,-0.4323290174462384,-1.219355471434884,0.6686625516196788,-1.2845558233198398,-1.6325116659989423,3.6635616461296463,7.824445930877619
University of Wisconsin at Green Bay,No,2409,1939,759,17,50,3819,1347,6900,2800,475,1200,81.0,89,22.2,1,5968,46,0.3717417650464068,0.49344916801477295,0.5444916317991823,-0.4994689411839057,0.6872176697671146,0.9353494207732553,-0.8634700462138201,-0.417308161549658,-0.007652220075795025,0.474714832564546,0.6005650532112241,1.9193527377224782,-2.591529959333052,-0.9907257152740687,0.8048982980489829,Low,0,0,0.37174176504640744,0.4934491680147746,0.5444916317991816,-0.4994689411839058,0.6872176697671152,0.9353494207732556,-0.8634700462138203,-0.4173081615496597,-0.0076522200757946955,0.474714832564546,0.6005650532112241,1.9193527377224784,-2.5915299593330525,-0.9907257152741089,0.39433300612050926,-1.2845558233198398,-1.6325116659989423,3.9318256327243257,7.937731775260109
University of Wisconsin at Madison,No,14901,10932,4631,36,80,23945,2200,9096,4290,535,1545,93.0,96,11.5,20,11006,72,1.926694345237791,2.0941613474485794,2.1100485126179973,0.675328745331237,2.0126710427422414,1.2985527019115968,-0.2178972462594528,0.02084550933739553,0.5186194656447388,1.4162709817701533,1.2632379969775114,-0.6241261598571867,-0.07789767130558382,0.6544449876927686,0.7336420374471512,Medium,1,0,1.9266943452377916,2.094161347448581,2.1100485126179964,0.6753287453312369,2.012671042742242,1.298552701911597,-0.2178972462594531,0.020845509337393785,0.5186194656447392,1.4162709817701533,1.2632379969775114,-0.624126159857187,-0.07789767130558381,0.6544449876927284,-0.09037303316776381,-0.34649203129021994,-1.6325116659989423,4.394449154672439,8.364275084991524
University of Wisconsin at Milwaukee,No,5244,3782,1930,12,37,11561,7443,8786,2964,570,1980,79.0,87,15.9,8,8094,38,1.0608181148707059,1.1345668030418854,1.406460142530864,-0.9727316677869278,1.5496171257670974,2.2809320615482616,-0.3023089729644441,0.257019026226166,1.0449246393507714,0.32985855535977965,0.4259346495311623,0.5014836955297912,-1.3104191724516414,-0.10352393028671031,0.721205186880244,Medium,1,0,1.0608181148707065,1.134566803041887,1.4064601425308634,-0.9727316677869279,1.549617125767098,2.280932061548262,-0.30230897296444437,0.2570190262261643,1.0449246393507716,0.32985855535977965,0.42593464953116233,0.5014836955297911,-1.3104191724516416,-0.10352393028675051,-0.17497214808891226,-0.34649203129021994,-1.6325116659989423,3.6375861597263857,7.994632311431825
University of Wyoming,No,2029,1516,1073,23,46,7535,1488,5988,3422,600,1500,91.0,94,15.1,13,8745,45,0.21434407664867605,0.2497174048370782,0.8787352468317282,-0.053119072030679164,1.2408597144238787,1.0076373263739005,-1.1716792315197044,0.44960144391101303,0.45655088669276045,1.2507419520369065,1.0656043502924986,0.3068689253343478,-0.7285459157740776,0.09933151396382894,0.7471660916707737,Low,0,0,0.21434407664867666,0.24971740483707985,0.8787352468317275,-0.053119072030679226,1.2408597144238793,1.0076373263739007,-1.1716792315197047,0.4496014439110113,0.4565508866927608,1.2507419520369065,1.0656043502924986,0.30686892533434756,-0.7285459157740777,0.09933151396378874,0.001621560745622452,-1.2845558233198398,-1.6325116659989423,3.8501476017100584,8.138272638530186
Upper Iowa University,Yes,663,452,192,10,35,1481,1160,8840,3060,500,1000,69.0,75,17.4,19,3733,78,-0.8607730933120695,-1.0110570162742476,-0.9723787155730029,-1.204141438433242,-0.23575518307474377,0.8281494005815507,-0.2874658280935898,-0.2291945977334828,-0.38127720198738435,-0.34246044604151626,-0.4912534379026085,0.8564097288576539,-0.16286737272235163,-2.678490850055042,0.6817496229260935,Medium,1,1,-0.8607730933120689,-1.011057016274246,-0.9723787155730036,-1.204141438433242,-0.23575518307474322,0.828149400581551,-0.28746582809359006,-0.22919459773348455,-0.381277201987384,-0.34246044604151626,-0.49125343790260845,0.8564097288576539,-0.16286737272235163,-2.6784908500550824,-0.44336049699435315,-0.34649203129021994,0.6125530498969481,3.58351893845611,8.026496938945412
Ursinus College,Yes,1399,1026,308,44,77,1131,17,14900,5160,500,800,82.0,85,11.6,40,12082,79,-0.13334990565920155,-0.14555051453710174,-0.4143740765445859,1.0296888476949617,-0.5353931174319216,-1.630009843368419,1.0990167288974395,-0.2291945977334828,-0.8317407991744724,0.5484387369161905,0.25767565625110594,-0.5968513837520442,1.3055390298726273,0.8606032100591819,0.7333809864188706,Very High,3,1,-0.13334990565920093,-0.14555051453710008,-0.41437407654458663,1.0296888476949617,-0.5353931174319211,-1.6300098433684187,1.0990167288974393,-0.22919459773348455,-0.8317407991744721,0.5484387369161905,0.257675656251106,-0.5968513837520445,1.3055390298726275,0.8606032100591418,-0.09214877903067184,1.5296355527690197,0.6125530498969481,4.356708826689592,8.548885638148727
Ursuline College,Yes,325,260,86,21,47,699,717,9600,4202,450,750,39.0,69,10.5,15,7164,68,-1.5931551764561336,-1.6232735418457156,-2.0185868067455903,-0.1910995085854955,-1.116180058623066,0.49363718366196857,-0.08460505394541408,-0.6142542943018506,-0.9606431574931019,-1.8347499920542811,-0.8700943318940553,-0.9021518855480517,-0.5277223848834107,-0.4414034058246721,0.8,Medium,1,1,-1.593155176456133,-1.623273541845714,-2.018586806745591,-0.19109950858549554,-1.1161800586230652,0.49363718366196885,-0.08460505394541436,-0.6142542943018524,-0.9606431574931016,-1.8347499920542811,-0.8700943318940553,-0.9021518855480521,-0.5277223848834108,-0.44140340582471227,0.36101334232503157,-0.34649203129021994,0.6125530498969481,3.871201010907891,8.343553835005117
Valley City State University,No,368,344,212,5,27,863,189,4286,2570,600,2000,39.0,41,14.9,25,4958,40,-1.4627613637733374,-1.310408771157115,-0.8520063481131878,-1.9916231295773121,-0.8542553846578108,-0.3544784434962249,-1.8419880078940958,0.44960144391101303,1.0664517667212474,-1.8347499920542811,-2.0259049331637793,0.2575933508983325,0.3177088594568356,-1.6068609646884822,0.9347826086956522,Low,0,0,-1.4627613637733368,-1.3104087711571135,-0.8520063481131884,-1.9916231295773121,-0.8542553846578103,-0.35447844349622465,-1.841988007894096,0.4496014439110113,1.0664517667212476,-1.8347499920542811,-2.0259049331637793,0.2575933508983323,0.31770885945683564,-1.6068609646885224,1.2778442828491725,-1.2845558233198398,-1.6325116659989423,3.332204510175204,7.852050207265889
Valparaiso University,Yes,2075,1727,520,49,81,2501,198,11800,3260,500,800,87.0,89,14.2,23,9681,95,0.23501031944848516,0.37929214567642483,0.15852042247144135,1.2273850455284772,0.29832679592259204,-0.32673037966355223,0.44877394394675324,-0.2291945977334828,-0.8317407991744724,0.9299968174778829,0.6005650532112241,0.08306456636014142,0.16480222734879074,0.35334785739198354,0.832289156626506,High,2,1,0.23501031944848577,0.3792921456764265,0.15852042247144066,1.2273850455284772,0.2983267959225926,-0.32673037966355195,0.44877394394675296,-0.22919459773348455,-0.8317407991744721,0.9299968174778829,0.6005650532112241,0.08306456636014119,0.1648022273487908,0.35334785739194335,0.5806536811276278,0.5915717607393999,0.6125530498969481,4.406719247264253,8.089789175789319
Vanderbilt University,Yes,7791,4690,1499,71,92,5500,90,17865,6525,630,952,93.0,98,5.8,26,23850,83,1.3968170167978529,1.3348338669644333,1.185095517477392,1.9518471386888567,0.9946027435805039,-0.7802129707146085,1.6421621456787274,0.6339700115112425,-0.48121934144608364,1.4162709817701533,1.467641878959388,-2.38168150553426,0.3918121720690085,2.0861168572270614,0.6019766397124887,Very High,3,1,1.3968170167978535,1.3348338669644348,1.1850955174773914,1.9518471386888567,0.9946027435805045,-0.7802129707146083,1.6421621456787272,0.6339700115112408,-0.4812193414460833,1.4162709817701533,1.467641878959388,-2.381681505534261,0.39181217206900854,2.086116857227021,-0.9859997880418867,1.5296355527690197,0.6125530498969481,4.532599493153256,8.783549477153265
Vassar College,Yes,3550,1877,653,53,87,2164,77,18920,5950,600,800,90.0,98,9.7,39,17089,90,0.7200916930302225,0.46150114743964876,0.3936419074518182,1.3749937779595973,0.15687295091839162,-0.8658275684892794,1.8210343410506775,0.44960144391101303,-0.8317407991744724,1.1692659029158703,1.467641878959388,-1.132072536195713,1.2464286943453444,1.5416579658826555,0.5287323943661972,Very High,3,1,0.7200916930302231,0.4615011474396504,0.3936419074518175,1.3749937779595973,0.15687295091839218,-0.8658275684892792,1.8210343410506773,0.4496014439110113,-0.8317407991744721,1.1692659029158703,1.467641878959388,-1.1320725361957134,1.2464286943453446,1.5416579658826153,-1.4842286841783032,1.5296355527690197,0.6125530498969481,4.477336814478207,8.691314551644853
Villanova University,Yes,7759,5588,1477,30,68,6362,1292,15925,6507,400,300,89.0,90,13.4,24,10458,96,1.393373406382177,1.4956947824046265,1.1718771347373214,0.3687770077049723,1.1106037519552245,0.9052889887185016,1.294211823673829,-1.0385747647777013,-2.7257704653185493,1.0886494052534617,0.6902976719925955,-0.12055104721793379,0.2420706033059415,0.5370655983636956,0.7201959015337028,Very High,3,1,1.3933734063821777,1.495694782404628,1.1718771347373207,0.36877700770497224,1.1106037519552252,0.9052889887185018,1.2942118236738287,-1.038574764777703,-2.725770465318549,1.0886494052534617,0.6902976719925955,-0.12055104721793407,0.24207060330594155,0.5370655983636554,-0.18183760382152905,1.5296355527690197,0.6125530498969481,4.23410650459726,8.780787468338929
Virginia Commonwealth University,No,4963,3497,1567,18,45,10262,5065,10217,4182,500,3630,81.0,87,8.7,11,11183,45,1.0133034099656357,1.0609056224980655,1.2245793004637222,-0.41769469988544683,1.4665363183824869,1.9578089847886826,0.07245465519769034,-0.2291945977334828,2.3723291887718223,0.474714832564546,0.4259346495311623,-1.4301380559904069,-0.9453261392418362,0.6904502486773816,0.7046141446705622,Medium,1,0,1.0133034099656364,1.060905622498067,1.2245793004637215,-0.4176946998854469,1.4665363183824875,1.9578089847886828,0.07245465519769007,-0.22919459773348455,2.3723291887718227,0.474714832564546,0.42593464953116233,-1.4301380559904073,-0.9453261392418363,0.6904502486773414,-0.28782929620752595,-0.34649203129021994,-1.6325116659989423,3.828641396489095,8.338783971442199
Virginia State University,No,2996,2440,704,2,30,3006,338,5587,4845,500,600,61.0,63,16.0,11,5733,31,0.5688657540509311,0.7173499160590925,0.46949081811629295,-2.839672107326027,0.47173275211865917,0.0015842584992135963,-1.3170076473510204,-0.2291945977334828,-1.4016057553649468,-0.8176986530101636,-1.199238322126377,0.5255397651311067,-0.9453261392418362,-1.1190174526595595,0.8144192256341789,Low,0,0,0.5688657540509318,0.7173499160590942,0.46949081811629223,-2.839672107326027,0.4717327521186597,0.0015842584992138524,-1.3170076473510206,-0.22919459773348455,-1.4016057553649466,-0.8176986530101636,-1.199238322126377,0.5255397651311066,-0.9453261392418363,-1.1190174526595997,0.4590971554204258,-1.2845558233198398,-1.6325116659989423,3.4339872044851463,8.48590890137647
Virginia Tech,No,15712,11719,4277,29,53,18511,604,10260,3176,740,2200,85.0,89,13.8,20,8944,73,1.9689043682904883,2.1545841451671586,2.0499542685790804,0.3133361961439693,1.857344739688065,0.37818378023368454,0.08316552390396748,1.2503720698908112,1.2713984995422554,0.7747877474272864,0.6005650532112241,-0.018169120424499485,-0.07789767130558382,0.15675426038243354,0.7458630346232179,Medium,1,0,1.968904368290489,2.1545841451671603,2.0499542685790795,0.31333619614396924,1.8573447396880656,0.3781837802336848,0.0831655239039672,1.2503720698908094,1.2713984995422556,0.7747877474272864,0.6005650532112241,-0.018169120424499738,-0.07789767130558381,0.15675426038239332,-0.007242216488166713,-0.34649203129021994,-1.6325116659989423,3.9889840465642745,8.063692634269517
Virginia Union University,Yes,1847,1610,453,19,59,1298,67,7384,3494,500,1763,51.0,67,13.7,8,6757,30,0.1273399240995933,0.3096817626441209,0.012071542228944545,-0.3392340437249904,-0.3801255926071589,-0.9410669533097701,-0.7106961436996135,-0.2291945977334828,0.7974478323175139,-1.332959544717406,-0.9851988400469104,-0.043655140683840785,-1.3104191724516414,-0.6114183461849985,0.8716838115863562,Low,0,1,0.1273399240995939,0.30968176264412256,0.01207154222894385,-0.33923404372499044,-0.38012559260715834,-0.9410669533097699,-0.7106961436996138,-0.22919459773348455,0.7974478323175143,-1.332959544717406,-0.9851988400469104,-0.04365514068384104,-1.3104191724516416,-0.6114183461850387,0.848627709142034,-1.2845558233198398,0.6125530498969481,4.0943445622221,8.15908865466791
Virginia Wesleyan College,Yes,1470,900,287,20,49,1130,417,10900,5100,500,550,70.0,81,15.7,14,7804,68,-0.08650841345958996,-0.28062028825559837,-0.49520308156545995,-0.2637884142137955,-0.5364055790483299,0.1353539347196102,0.2392094638614887,-0.2291945977334828,-1.5715860923599767,-0.27913443822970246,-0.060091883356808096,0.45319423592896574,-0.6263490666426472,-0.20219548150329786,0.6122448979591837,High,2,1,-0.08650841345958933,-0.2806202882555967,-0.49520308156546067,-0.26378841421379556,-0.5364055790483293,0.13535393471961046,0.23920946386148842,-0.22919459773348455,-1.5715860923599765,-0.27913443822970246,-0.06009188335680806,0.45319423592896557,-0.6263490666426473,-0.20219548150333808,-0.9161520758112968,0.5915717607393999,0.6125530498969481,3.912023005428146,8.537191877922927
Viterbo College,Yes,647,518,271,17,43,1014,387,9140,3365,500,2245,51.0,65,10.7,31,8050,73,-0.8852440552385366,-0.8637322504089313,-0.5615090164519779,-0.4994689411839057,-0.6618751130817574,0.08748542507226617,-0.2060701637644889,-0.2291945977334828,1.3151251118332559,-1.332959544717406,-1.094880026424442,-0.8457496758226627,0.7420738904172537,-0.1181412884211345,0.8006182380216383,Medium,1,1,-0.8852440552385359,-0.8637322504089296,-0.5615090164519786,-0.4994689411839058,-0.6618751130817568,0.08748542507226642,-0.20607016376448917,-0.22919459773348455,1.315125111833256,-1.332959544717406,-1.094880026424442,-0.8457496758226631,0.7420738904172538,-0.1181412884211747,0.3652187791564728,-0.34649203129021994,0.6125530498969481,3.784189633918261,8.121480374750751
Voorhees College,Yes,1465,1006,188,10,30,703,20,4450,2522,500,1200,,43,22.9,3,5861,58,-0.08972687212285936,-0.16576532985692755,-0.9981902705879381,-1.204141438433242,-1.1089284646476167,-1.5531623993304808,-1.770494326534891,-0.2291945977334828,-0.007652220075795025,,-1.973085139428777,2.066524506317057,-2.110816243643385,-1.0481552950829927,0.6866894197952218,Low,0,1,-0.08972687212285874,-0.16576532985692588,-0.9981902705879387,-1.204141438433242,-1.108928464647616,-1.5531623993304806,-1.7704943265348911,-0.22919459773348455,-0.0076522200757946955,,-1.973085139428777,2.066524506317057,-2.1108162436433853,-1.0481552950830328,-0.4097585460204871,-1.2845558233198398,0.6125530498969481,3.4339872044851463,7.833203948641057
Wabash College,Yes,800,623,256,41,76,801,5,12925,4195,500,635,78.0,85,9.9,55,14904,72,-0.6740574920542738,-0.6664225880751573,-0.6279068121259972,0.9029060992795955,-0.9455279390334206,-2.1706909080364514,0.6964519249248114,-0.2291945977334828,-1.2902578814462482,0.25872716535248275,0.25767565625110594,-1.07392177987466,2.1136198491995764,1.2881176774761525,0.77875,High,2,1,-0.6740574920542731,-0.6664225880751556,-0.6279068121259979,0.9029060992795954,-0.94552793903342,-2.170690908036451,0.6964519249248112,-0.22919459773348455,-1.290257881446248,0.25872716535248275,0.257675656251106,-1.0739217798746605,2.113619849199577,1.2881176774761123,0.21646459323433037,0.5915717607393999,0.6125530498969481,4.343805421853684,8.341886969516187
Wagner College,Yes,1416,1015,417,10,44,1324,117,13500,5800,585,1700,67.0,78,13.2,23,9006,75,-0.12190581744916505,-0.1566159766227966,-0.07734474211585456,-1.204141438433242,-0.3581493036409578,-0.6332185184089396,0.817596785733177,0.35438588981580615,0.7203062078785692,-0.46650187191478404,-0.28237352323745246,-0.17218743592901764,0.16480222734879074,0.17424382051511048,0.7168079096045198,High,2,1,-0.12190581744916443,-0.15661597662279494,-0.07734474211585525,-1.204141438433242,-0.35814930364095726,-0.6332185184089394,0.8175967857331767,0.35438588981580443,0.7203062078785696,-0.46650187191478404,-0.2823735232374524,-0.17218743592901792,0.1648022273487908,0.17424382051507026,-0.20488372124707263,0.5915717607393999,0.6125530498969481,3.8066624897703196,8.665785595466064
Wake Forest University,Yes,5661,2392,903,75,88,3499,172,13850,4360,500,1250,95.0,97,4.3,37,41766,89,1.1265162870857708,0.6981341504309054,0.7144260320321986,2.0648660712522746,0.6097476541377521,-0.410308297691809,0.8896850314583712,-0.2291945977334828,0.07669669089682644,1.5852330973790323,1.3645882269351624,-2.947272553098601,1.1257980950091877,2.806094117192581,0.4225401872460696,High,2,1,1.1265162870857715,0.6981341504309071,0.7144260320321979,2.0648660712522746,0.6097476541377527,-0.4103082976918087,0.889685031458371,-0.22919459773348455,0.07669669089682678,1.5852330973790323,1.3645882269351624,-2.947272553098602,1.125798095009188,2.8060941171925404,-2.2065793054674847,0.5915717607393999,0.6125530498969481,4.48863636973214,8.380456667842767
Walsh University,Yes,1092,890,477,27,92,847,497,8670,4180,500,1450,42.0,58,11.3,33,5738,68,-0.37032071870932903,-0.2921949670023559,0.06724492288587168,0.19803987368047105,-0.8770261731594888,0.2492770523065022,-0.3343981078496482,-0.2291945977334828,0.3855304301230107,-1.7212912246169625,-1.4375163915219222,-0.6789541266546215,0.8739402524684261,-1.116203712094301,0.815018315018315,Medium,1,1,-0.3703207187093284,-0.29219496700235426,0.06724492288587099,0.198039873680471,-0.8770261731594883,0.24927705230650246,-0.33439810784964846,-0.22919459773348455,0.385530430123011,-1.7212912246169625,-1.4375163915219222,-0.6789541266546218,0.8739402524684262,-1.116203712094341,0.4631723375884443,-0.34649203129021994,0.6125530498969481,4.532599493153256,8.338305731356565
Warren Wilson College,Yes,440,311,112,25,49,466,7,10000,3052,400,1100,65.0,75,11.4,20,9430,63,-1.277300303917349,-1.422413183258786,-1.6601704731754574,0.07620224590010687,-1.6553604031105282,-2.028489116527091,0.017945366784329685,-1.0385747647777013,-0.1865912069727965,-0.5870586132298377,-0.4912534379026085,-0.6514933647702706,-0.07789767130558382,0.289060533674096,0.7068181818181818,Medium,1,1,-1.2773003039173483,-1.4224131832587845,-1.660170473175458,0.0762022459001068,-1.6553604031105276,-2.0284891165270906,0.01794536678432941,-1.038574764777703,-0.18659120697279616,-0.5870586132298377,-0.49125343790260845,-0.651493364770271,-0.07789767130558381,0.2890605336740558,-0.2728367873775092,-0.34649203129021994,0.6125530498969481,3.912023005428146,8.023879992734878
Wartburg College,Yes,1231,1074,345,34,66,1295,105,11600,3610,400,850,66.0,91,12.4,37,7735,67,-0.25518278926808285,-0.09870534354210124,-0.2863447083092569,0.5776799288914052,-0.38269581643477113,-0.6943092873174953,0.403136443583273,-1.0385747647777013,-0.7100928489390356,-0.5272161250696584,0.7816568116943878,-0.3818525885249732,1.1257980950091877,-0.22650931344779182,0.8724614134849715,High,2,1,-0.25518278926808224,-0.09870534354209957,-0.2863447083092576,0.5776799288914051,-0.3826958164347706,-0.6943092873174951,0.4031364435832727,-1.038574764777703,-0.7100928489390352,-0.5272161250696584,0.7816568116943878,-0.3818525885249736,1.125798095009188,-0.22650931344783204,0.8539171859295822,0.5915717607393999,0.6125530498969481,4.204692619390966,8.191740021277457
Washington and Jefferson College,Yes,1305,1100,334,42,64,1098,151,16260,4005,300,500,91.0,91,12.1,40,10162,86,-0.1994484559364885,-0.07425665041432584,-0.3226869367651791,0.9459121453121655,-0.5693932963808912,-0.4865896262837877,1.3562120356262088,-2.0483080694901465,-1.7565250573930093,1.2507419520369065,0.7816568116943878,-0.4618260365186871,1.3055390298726273,0.46963651802866163,0.842911877394636,Very High,3,1,-0.19944845593648788,-0.07425665041432418,-0.32268693676517984,0.9459121453121654,-0.5693932963808906,-0.48658962628378744,1.3562120356262086,-2.0483080694901483,-1.7565250573930091,1.2507419520369065,0.7816568116943878,-0.4618260365186875,1.3055390298726275,0.46963651802862144,0.6529125516675338,1.5296355527690197,0.6125530498969481,4.174387269895637,8.295548516225763
Washington and Lee University,Yes,3315,1096,425,68,93,1584,3,13750,4619,680,1115,81.0,96,9.6,45,15736,90,0.6592714150985851,-0.077977521942709,-0.056724243491904344,1.8639323064397797,-0.16374747487930594,-2.3777403148239418,0.8692117031856893,0.9249045672197073,-0.1588132543878092,0.474714832564546,1.2632379969775114,-1.1613227123443626,1.5901700932363811,1.3910484985716733,0.3306184012066365,High,2,1,0.6592714150985858,-0.07797752194270734,-0.05672424349190504,1.8639323064397797,-0.16374747487930538,-2.3777403148239413,0.8692117031856891,0.9249045672197055,-0.15881325438780886,0.474714832564546,1.2632379969775114,-1.161322712344363,1.5901700932363814,1.3910484985716332,-2.83185832599375,0.5915717607393999,0.6125530498969481,4.543294782270004,8.438149984075784
Washington College,Yes,1209,942,214,31,60,822,46,15276,5318,500,300,79.0,86,11.2,37,10830,65,-0.2724478738453962,-0.23346398763882065,-0.8406946364204384,0.42285937607467217,-0.9136760230522226,-1.1393532694354782,1.171615468195069,-0.2291945977334828,-2.7257704653185493,0.32985855535977965,0.3410143789166372,-0.7065095975671861,1.1257980950091877,0.6177465429589031,0.7791563275434243,Very High,3,1,-0.2724478738453956,-0.23346398763881898,-0.8406946364204391,0.4228593760746721,-0.9136760230522221,-1.139353269435478,1.1716154681950688,-0.22919459773348455,-2.725770465318549,0.32985855535977965,0.3410143789166373,-0.7065095975671865,1.125798095009188,0.6177465429588629,0.21922855267541644,1.5296355527690197,0.6125530498969481,4.110873864173311,8.579040594742317
Washington State University,No,6540,5839,2440,31,70,14445,1344,8200,4210,800,2719,84.0,87,16.9,30,10912,56,1.2494551882987515,1.5357345741686277,1.6043084923701616,0.42285937607467217,1.6991649715646078,0.9337385409812281,-0.4673816430927015,1.5536080205663902,1.7320652499808475,0.6984756672128422,0.4259346495311623,0.7394742574402835,0.6744919461391042,0.6349582592619688,0.8928134556574924,Medium,1,0,1.2494551882987521,1.5357345741686292,1.604308492370161,0.4228593760746721,1.6991649715646084,0.9337385409812283,-0.4673816430927018,1.5536080205663885,1.7320652499808478,0.6984756672128422,0.42593464953116233,0.7394742574402834,0.6744919461391043,0.6349582592619286,0.9923577618109509,-0.34649203129021994,-1.6325116659989423,4.2626798770413155,8.345455428161928
Washington University,Yes,7654,5259,1254,62,93,4879,1274,18350,5775,768,1512,91.0,98,3.9,31,45702,90,1.3819661029539951,1.4401975429941996,1.0235267385992126,1.679056928777311,0.8963345409521909,0.8952002662772107,1.7252307691704047,1.3944488375062651,0.4732693384395098,1.2507419520369065,1.467641878959388,-3.1105425733238365,0.7420738904172537,2.9027458659509953,0.687091716749412,Very High,3,1,1.3819661029539958,1.440197542994201,1.023526738599212,1.679056928777311,0.8963345409521914,0.8952002662772109,1.7252307691704045,1.3944488375062634,0.47326933843951013,1.2507419520369065,1.467641878959388,-3.110542573323838,0.7420738904172538,2.902745865950955,-0.40702200383266596,1.5296355527690197,0.6125530498969481,4.543294782270004,8.661466680572662
Wayne State College,No,1373,1373,724,6,21,2754,474,2700,2660,540,1660,60.0,68,20.3,29,4550,52,-0.1511443955633072,0.15041516620350853,0.49752215790860554,-1.7978331880954057,0.3900524541354916,0.21832501485130879,-2.6503845997201463,0.05539421178077269,0.6699416160952208,-0.8731730296610826,-0.9283307329438812,1.5104862781751673,0.6057379786639013,-1.9139168347262467,1.0,Low,0,0,-0.15114439556330658,0.1504151662035102,0.4975221579086048,-1.7978331880954057,0.39005245413549217,0.21832501485130903,-2.6503845997201467,0.05539421178077094,0.6699416160952212,-0.8731730296610826,-0.9283307329438812,1.5104862781751676,0.6057379786639014,-1.913916834726287,1.7214721572963374,-1.2845558233198398,-1.6325116659989423,3.091042453358316,7.886457270977689
Waynesburg College,Yes,1190,978,324,12,30,1280,61,8840,3620,500,1200,57.0,58,16.2,26,6563,63,-0.2876320680709087,-0.19479982738338247,-0.35694402172489637,-0.9727316677869278,-0.3956567104521617,-0.9912281496306629,-0.2874658280935898,-0.2291945977334828,-0.007652220075795025,-1.0343401508981573,-1.4375163915219222,0.5734771392100787,0.3918121720690085,-0.6981290896887352,0.8218487394957983,Medium,1,1,-0.2876320680709081,-0.1947998273833808,-0.3569440217248971,-0.9727316677869279,-0.39565671045216116,-0.9912281496306626,-0.28746582809359006,-0.22919459773348455,-0.0076522200757946955,-1.0343401508981573,-1.4375163915219222,0.5734771392100786,0.39181217206900854,-0.6981290896887754,0.5096348935403838,-0.34649203129021994,0.6125530498969481,3.4339872044851463,8.19450550976564
Webber College,Yes,280,143,79,5,27,327,110,5590,2900,650,1952,53.0,63,15.1,4,4839,90,-1.7511134598254092,-2.3120072795480633,-2.136902328983475,-1.9916231295773121,-2.1672111819212145,-0.6681269626758217,-1.3158953635086674,0.7526774094232582,1.0144459357182558,-1.236939816910309,-1.199238322126377,0.3068689253343478,-1.9198798890972208,-1.692282304541443,0.5107142857142857,Low,0,1,-1.7511134598254086,-2.3120072795480615,-2.136902328983476,-1.9916231295773121,-2.167211181921214,-0.6681269626758215,-1.3158953635086676,0.7526774094232564,1.014445935718256,-1.236939816910309,-1.199238322126377,0.30686892533434756,-1.919879889097221,-1.6922823045414832,-1.6067931579013224,-1.2845558233198398,0.6125530498969481,3.332204510175204,7.972810784121404
Webster University,Yes,665,462,226,17,44,1739,1550,9160,4340,500,500,68.0,68,20.6,14,6951,48,-0.8577588426987697,-0.9873094056112428,-0.7752895170109221,-0.4994689411839057,-0.06550616831730077,1.0374853744153674,-0.20070658045054005,-0.2291945977334828,-1.7565250573930093,-0.4049164499282882,-0.9283307329438812,1.5760036893650977,-0.6263490666426472,-0.5284644765237004,0.6947368421052632,Medium,1,1,-0.857758842698769,-0.9873094056112411,-0.7752895170109227,-0.4994689411839058,-0.0655061683173002,1.0374853744153676,-0.20070658045054032,-0.22919459773348455,-1.7565250573930091,-0.4049164499282882,-0.9283307329438812,1.576003689365098,-0.6263490666426473,-0.5284644765237406,-0.3550176129230242,-0.34649203129021994,0.6125530498969481,3.8066624897703196,8.375860015299594
Wellesley College,Yes,2895,1249,579,80,96,2195,156,18345,5995,500,700,94.0,98,10.6,51,21409,91,0.5380730738684757,0.0549075099227041,0.2704974884172681,2.1999983407607893,0.1709738900116242,-0.4675980676605612,1.7243817950358509,-0.2291945977334828,-1.0977621251583494,1.5003231131674828,1.467641878959388,-0.8738990271409371,1.9107499268195751,1.9204222709752181,0.431433506044905,Very High,3,1,0.5380730738684764,0.054907509922705766,0.2704974884172674,2.1999983407607893,0.17097389001162475,-0.46759806766056095,1.7243817950358507,-0.22919459773348455,-1.0977621251583491,1.5003231131674828,1.467641878959388,-0.8738990271409376,1.9107499268195753,1.920422270975178,-2.1460843356963566,1.5296355527690197,0.6125530498969481,4.574710978503383,8.698847859222488
Wells College,Yes,318,240,130,40,85,416,19,14900,5550,600,500,93.0,98,8.3,42,13935,69,-1.6161258492289081,-1.7138432811538769,-1.4642685979670464,0.8591123720558882,-1.8150655120615597,-1.5775499650882299,1.0990167288974395,0.44960144391101303,-1.7565250573930093,1.4162709817701533,1.467641878959388,-1.5530655045239836,1.4214972168606004,1.1564636511325217,0.7547169811320755,Very High,3,1,-1.6161258492289075,-1.7138432811538753,-1.4642685979670471,0.8591123720558881,-1.815065512061559,-1.5775499650882296,1.0990167288974393,0.4496014439110113,-1.7565250573930091,1.4162709817701533,1.467641878959388,-1.5530655045239843,1.4214972168606006,1.1564636511324815,0.052984931388132164,1.5296355527690197,0.6125530498969481,4.454347296253507,8.621733370690162
Wentworth Institute of Technology,Yes,1480,1257,452,6,25,2961,572,9850,6050,850,920,10.0,68,15.4,8,17858,64,-0.08010658099120375,0.06136941345507905,0.009699901680342994,-1.7978331880954057,0.45777309535354427,0.3419456575150521,-0.02018967835263675,1.7915241470302286,-0.550473254354852,-2.5117854449388535,-0.9283307329438812,0.3803088445537738,-1.3104191724516414,1.619314106259667,0.8493243243243244,Medium,1,1,-0.08010658099120313,0.061369413455080714,0.009699901680342298,-1.7978331880954057,0.4577730953535448,0.3419456575150524,-0.020189678352637023,1.7915241470302268,-0.5504732543548516,-2.5117854449388535,-0.9283307329438812,0.3803088445537736,-1.3104191724516416,1.6193141062596268,0.6965319014226847,-0.34649203129021994,0.6125530498969481,3.258096538021482,8.707978826622321
Wesley College,Yes,980,807,350,10,25,872,448,9890,4674,500,1350,52.0,57,14.4,15,6243,84,-0.4751755247768592,-0.39399299055210296,-0.2702647819019641,-1.204141438433242,-0.8416717726840224,0.18166184939151506,-0.009983238659060829,-0.2291945977334828,0.23641393758197868,-1.2853903165081058,-1.481398373568703,0.1332649038957073,-0.5277223848834107,-0.8501481690884646,0.823469387755102,Medium,1,1,-0.4751755247768586,-0.3939929905521013,-0.27026478190196485,-1.204141438433242,-0.8416717726840218,0.1816618493915153,-0.009983238659061103,-0.22919459773348455,0.236413937581979,-1.2853903165081058,-1.481398373568703,0.13326490389570708,-0.5277223848834108,-0.8501481690885048,0.5206590195920723,-0.34649203129021994,0.6125530498969481,3.258096538021482,8.449984441722787
Wesleyan University,Yes,4772,1973,712,60,86,2714,27,19130,5600,1400,1400,90.0,94,12.1,39,16262,92,0.9793288829315387,0.510508585254613,0.4808122554662855,1.6144757210802636,0.3762501112999523,-1.407972650027876,1.8558520901092599,3.821962718679408,0.31220519593736024,1.1692659029158703,1.0656043502924986,-0.4618260365186871,1.2464286943453444,1.4518937216808274,0.41345347862531434,Very High,3,1,0.9793288829315394,0.5105085852546146,0.48081225546628475,1.6144757210802636,0.37625011129995284,-1.4079726500278757,1.8558520901092597,3.8219627186794063,0.31220519593736057,1.1692659029158703,1.0656043502924986,-0.4618260365186875,1.2464286943453446,1.4518937216807872,-2.268389769678396,1.5296355527690197,0.6125530498969481,4.465908118654584,8.630700432209832
West Chester University of Penn.,No,6502,3539,1372,11,51,7484,1904,7844,4108,400,2000,76.0,79,15.3,16,6773,52,1.2445167132107018,1.0721560483850627,1.1054988705984363,-1.0845174670653988,1.2357243624571133,1.1897353146770404,-0.5714816336528199,-1.0385747647777013,1.0664517667212474,0.11906038882416063,-0.20978440474634713,0.35589122960456665,-0.43232901744623836,-0.6044383805472404,0.5442940633651184,Medium,1,0,1.2445167132107025,1.0721560483850643,1.1054988705984357,-1.0845174670653988,1.235724362457114,1.1897353146770406,-0.5714816336528201,-1.038574764777703,1.0664517667212476,0.11906038882416065,-0.2097844047463471,0.35589122960456643,-0.4323290174462384,-0.6044383805472806,-1.378373635352063,-0.34649203129021994,-1.6325116659989423,3.9512437185814275,8.32093496888341
West Liberty State College,No,1164,1062,478,12,25,2138,227,4470,2890,600,1210,33.0,33,16.3,10,4249,60,-0.30883731053628005,-0.11020364471506651,0.06947392682514149,-0.9727316677869278,0.14485515166935267,-0.2444604301992909,-1.7618946999433829,0.44960144391101303,0.00947461948303076,-2.037529891541561,-2.1983538567064675,0.5973594431689156,-1.060970528103861,-2.169094149685326,0.9123711340206185,Low,0,0,-0.30883731053627944,-0.11020364471506484,0.0694739268251408,-0.9727316677869279,0.14485515166935323,-0.24446043019929065,-1.761894699943383,0.4496014439110113,0.00947461948303109,-2.037529891541561,-2.1983538567064675,0.5973594431689155,-1.0609705281038613,-2.1690941496853666,1.1253948414583939,-1.2845558233198398,-1.6325116659989423,3.258096538021482,7.969357742016346
West Virginia Wesleyan College,Yes,1566,1400,483,28,55,1509,170,14200,3775,450,1100,58.0,81,16.4,42,8080,67,-0.026894610601321724,0.16998728563609716,0.08053884418559284,0.2564541555541443,-0.21558960617665887,-0.4172001723840956,0.960586212766258,-0.6142542943018506,-0.1865912069727965,-0.9814944542822377,-0.060091883356808096,0.6211848125226329,1.4214972168606004,-0.10816158883636574,0.8939974457215837,Very High,3,1,-0.026894610601321103,0.16998728563609883,0.08053884418559215,0.25645415555414425,-0.21558960617665832,-0.41720017238409535,0.9605862127662578,-0.6142542943018524,-0.18659120697279616,-0.9814944542822377,-0.06009188335680806,0.6211848125226328,1.4214972168606006,-0.10816158883640595,1.0004116104086083,1.5296355527690197,0.6125530498969481,4.02535169073515,8.236420527265391
Western Carolina University,No,3224,2519,1057,11,31,5000,706,6390,2380,110,1622,67.0,78,14.6,9,6554,55,0.6344668790813641,0.7481124355283364,0.8645963735034503,-1.0845174670653988,0.9166380559780783,0.48314881528904363,-1.032272349335928,-5.290979717442839,0.6210434283318281,-0.46650187191478404,-0.28237352323745246,0.18319470821820666,-1.1823654119674138,-0.7022476044658785,0.7813275434243176,Low,0,0,0.6344668790813648,0.7481124355283381,0.8645963735034496,-1.0845174670653988,0.9166380559780789,0.4831488152890439,-1.0322723493359283,-5.29097971744284,0.6210434283318285,-0.46650187191478404,-0.2823735232374524,0.18319470821820644,-1.182365411967414,-0.7022476044659187,0.23399780159725136,-1.2845558233198398,-1.6325116659989423,3.4657359027997265,7.7752758464868625
Western Maryland College,Yes,1205,984,278,31,50,1071,98,14510,5340,500,1400,84.0,91,12.5,39,10026,60,-0.27562317183714835,-0.1885039719659586,-0.5319590398731038,0.42285937607467217,-0.5981516140813559,-0.7329188116093822,1.0224317911050393,-0.2291945977334828,0.31220519593736024,0.6984756672128422,0.7816568116943878,-0.35536252142722496,1.2464286943453444,0.43763052628166343,0.816597510373444,Very High,3,1,-0.27562317183714774,-0.18850397196595695,-0.5319590398731044,0.4228593760746721,-0.5981516140813553,-0.732918811609382,1.0224317911050391,-0.22919459773348455,0.31220519593736057,0.6984756672128422,0.7816568116943878,-0.3553625214272253,1.2464286943453446,0.43763052628162324,0.473914488795679,1.5296355527690197,0.6125530498969481,3.9318256327243257,8.58316818033977
Western Michigan University,No,9167,7191,2738,24,53,15739,4278,6940,4100,500,1700,80.0,84,24.7,11,5983,55,1.5320744308236702,1.7238802530074955,1.6989596791397295,0.012544204192919739,1.7548564728566332,1.8198841403271333,-0.8505821161095759,-0.2291945977334828,0.7203062078785692,0.4018546093085536,0.17590711389826053,2.43714546160781,-0.9453261392418362,-0.982801663533892,0.7844442020290171,Low,0,0,1.532074430823671,1.723880253007497,1.6989596791397288,0.012544204192919675,1.7548564728566338,1.8198841403271335,-0.8505821161095761,-0.22919459773348455,0.7203062078785696,0.4018546093085536,0.17590711389826055,2.43714546160781,-0.9453261392418363,-0.9828016635339322,0.2551982299573491,-1.2845558233198398,-1.6325116659989423,3.9889840465642745,8.31898612539206
Western New England College,Yes,1650,1471,409,7,21,1803,1116,8994,5500,498,2065,74.0,97,15.4,15,8409,59,0.022136219463825064,0.21958808155061427,-0.09842666344061166,-1.6267810138219472,-0.028009453844680027,0.800670817894818,-0.24545987162525776,-0.24393845113111698,1.1350640322384504,-0.01714162821819213,1.3645882269351624,0.3803088445537738,-0.5277223848834107,-0.002343635009224178,0.8915151515151515,Medium,1,1,0.022136219463825685,0.21958808155061593,-0.09842666344061235,-1.6267810138219472,-0.028009453844679462,0.8006708178948182,-0.24545987162525804,-0.24393845113111873,1.1350640322384506,-0.01714162821819212,1.3645882269351624,0.3803088445537736,-0.5277223848834108,-0.002343635009264383,0.9835263152361439,-0.34649203129021994,0.6125530498969481,3.091042453358316,8.612685172875459
Western State College of Colorado,No,2702,1623,604,7,24,2315,146,5918,3755,500,2050,76.0,79,19.4,4,4599,52,0.4758889995320049,0.31767897658173455,0.31403703329093924,-1.6267810138219472,0.2233542720935883,-0.5061565996033311,-1.1965774389721355,-0.2291945977334828,1.119409773782079,0.11906038882416063,-0.20978440474634713,1.3116354246838142,-1.9198798890972208,-1.87483098235194,0.6006661732050333,Low,0,0,0.47588899953200553,0.3176789765817362,0.3140370332909385,-1.6267810138219472,0.22335427209358885,-0.5061565996033309,-1.1965774389721358,-0.22919459773348455,1.1194097737820792,0.11906038882416065,-0.2097844047463471,1.3116354246838142,-1.919879889097221,-1.8748309823519802,-0.9949139666008482,-1.2845558233198398,-1.6325116659989423,3.2188758248682006,8.231109840328154
Western Washington University,No,5548,3563,1549,30,71,8909,506,8124,4144,639,2385,,89,22.7,10,7203,61,1.1092393633368038,1.0785209507172893,1.2143228582816736,0.3687770077049723,1.3651309166625565,0.26103831822349455,-0.4893521933067248,0.6877886960836276,1.4461546493398438,,0.6005650532112241,2.0246562459148016,-1.060970528103861,-0.42589407067700696,0.6422134102379236,Medium,1,0,1.1092393633368045,1.0785209507172908,1.214322858281673,0.36877700770497224,1.3651309166625571,0.2610383182234948,-0.4893521933067251,0.6877886960836258,1.446154649339844,,0.6005650532112241,2.0246562459148016,-1.0609705281038613,-0.42589407067704715,-0.7122974423053594,-0.34649203129021994,-1.6325116659989423,4.276666119016055,8.329658067569396
Westfield State College,No,3100,2150,825,3,20,3234,941,5542,3788,500,1300,75.0,79,15.7,20,4222,65,0.5994305881144083,0.5945221339670388,0.626621220715478,-2.4887995845903816,0.5387467147877405,0.680712606364767,-1.333739193520609,-0.2291945977334828,0.15797762148941302,0.05052602522539324,-0.20978440474634713,0.45319423592896574,-0.07789767130558382,-2.19334665205313,0.6935483870967742,Low,0,0,0.599430588114409,0.5945221339670405,0.6266212207154773,-2.4887995845903816,0.538746714787741,0.6807126063647673,-1.3337391935206093,-0.22919459773348455,0.15797762148941336,0.05052602522539325,-0.2097844047463471,0.45319423592896557,-0.07789767130558381,-2.1933466520531706,-0.3631018333855022,-1.2845558233198398,-1.6325116659989423,3.044522437723423,8.239857411018601
Westminster College MO,Yes,662,553,184,20,43,665,37,10720,4050,600,1650,66.0,70,12.5,20,7925,62,-0.8622838786335933,-0.7935487516688936,-1.024643179885815,-0.2637884142137955,-1.1799357327066184,-1.2508324265266677,0.1959444457720112,0.44960144391101303,0.6571749644083246,-0.5272161250696584,-0.8104772611976783,-0.35536252142722496,-0.07789767130558382,-0.16034886977513937,0.8353474320241692,High,2,1,-0.8622838786335927,-0.7935487516688919,-1.0246431798858158,-0.26378841421379556,-1.1799357327066178,-1.2508324265266675,0.19594444577201092,0.4496014439110113,0.6571749644083249,-0.5272161250696584,-0.8104772611976783,-0.3553625214272253,-0.07789767130558381,-0.1603488697751796,0.6014569697444312,0.5915717607393999,0.6125530498969481,3.784189633918261,8.30671904320269
Westminster College,Yes,996,866,377,29,58,1411,72,12065,3615,430,685,62.0,78,12.5,41,8596,80,-0.4594309119739118,-0.3205512742025922,-0.18778117748487302,0.3133361961439693,-0.2882709563123119,-0.9022691057091238,0.5084675326989632,-0.7787983180350185,-1.140668583576659,-0.7613493814819632,-0.28237352323745246,-0.35536252142722496,1.3638859737288738,0.055000124897344696,0.8694779116465864,High,2,1,-0.45943091197391117,-0.32055127420259055,-0.18778117748487372,0.31333619614396924,-0.28827095631231137,-0.9022691057091236,0.5084675326989629,-0.7787983180350203,-1.1406685835766588,-0.7613493814819632,-0.2823735232374524,-0.3553625214272253,1.363885973728874,0.05500012489730449,0.8336225290520114,0.5915717607393999,0.6125530498969481,4.07753744390572,8.193123721512068
Westminster College of Salt Lake City,Yes,917,720,213,21,60,979,743,8820,4050,600,2025,68.0,83,10.5,34,7170,50,-0.5399686014731693,-0.5134828756653963,-0.846335178583432,-0.1910995085854955,-0.7032080691227859,0.517862761029771,-0.2929563256461898,0.44960144391101303,1.0930821131936548,-0.4049164499282882,0.09569733284866454,-0.9021518855480517,0.9383237733786066,-0.4390088877802553,0.7851690294438386,Medium,1,1,-0.5399686014731686,-0.5134828756653946,-0.8463351785834327,-0.19109950858549554,-0.7032080691227853,0.5178627610297712,-0.29295632564619006,0.4496014439110113,1.093082113193655,-0.4049164499282882,0.09569733284866458,-0.9021518855480521,0.9383237733786067,-0.4390088877802955,0.2601287191864829,-0.34649203129021994,0.6125530498969481,4.110873864173311,8.30671904320269
Westmont College,No,950,713,351,42,72,1276,9,14320,5304,490,1410,77.0,77,14.9,17,8837,87,-0.5054541115991723,-0.5237605425781815,-0.2670805907577139,0.9459121453121655,-0.399144241600918,-1.9191497251245841,0.9846306621540174,-0.303434571530726,0.3270621243998231,0.18846094051108306,-0.35347352257287784,0.2575933508983325,-0.33988160333066747,0.12612656938276154,0.7505263157894737,Very High,3,0,-0.5054541115991716,-0.5237605425781798,-0.2670805907577146,0.9459121453121654,-0.39914424160091744,-1.919149725124584,0.9846306621540172,-0.3034345715307277,0.3270621243998234,0.18846094051108306,-0.3534735225728778,0.2575933508983323,-0.3398816033306675,0.12612656938272132,0.024478793358445206,1.5296355527690197,-1.6325116659989423,4.290459441148391,8.576405051048084
Wheaton College IL,Yes,1432,920,548,56,84,2200,56,11480,4200,530,1400,81.0,83,12.7,40,11916,85,-0.11126875844418851,-0.2578779213528173,0.21339521088230512,1.4803479884652577,0.17322549729631329,-1.0365500942946195,0.37550535122871215,-0.013985653099363818,0.31220519593736024,0.474714832564546,0.09569733284866454,-0.3026284411960633,1.3055390298726273,0.8306806420581826,0.6424581005586593,High,2,1,-0.11126875844418789,-0.2578779213528156,0.21339521088230443,1.4803479884652577,0.17322549729631384,-1.0365500942946193,0.37550535122871187,-0.013985653099365565,0.31220519593736057,0.474714832564546,0.09569733284866458,-0.30262844119606364,1.3055390298726275,0.8306806420581424,-0.7106329867864442,0.5915717607393999,0.6125530498969481,4.442651256490317,8.343077871169383
Westminster College PA,Yes,1738,1373,417,21,55,1335,30,18460,5970,700,850,92.0,96,13.2,41,22704,71,0.07070951135356304,0.15041516620350853,-0.07734474211585456,-0.1910995085854955,-0.3490094388131012,-1.3559697713457746,1.7438698760769915,1.036080707406721,-0.7100928489390356,1.3330771206617404,1.2632379969775114,-0.17218743592901764,1.3638859737288738,2.0117510161231538,0.7899884925201381,Very High,3,1,0.07070951135356367,0.1504151662035102,-0.07734474211585525,-0.19109950858549554,-0.34900943881310065,-1.3559697713457743,1.7438698760769913,1.0360807074067193,-0.7100928489390352,1.3330771206617404,1.2632379969775114,-0.17218743592901792,1.363885973728874,2.0117510161231134,0.2929121243143851,1.5296355527690197,0.6125530498969481,4.02535169073515,8.694669696546992
Wheeling Jesuit College,Yes,903,755,213,15,49,971,305,10500,4545,600,600,66.0,71,14.1,27,7494,72,-0.5550157239465556,-0.4636475461191956,-0.846335178583432,-0.6744109272506593,-0.712908877390994,-0.06284045653180402,0.1424118724317926,0.44960144391101303,-1.4016057553649468,-0.5272161250696584,-0.7494672137091747,0.0578612960059782,0.4644668707230899,-0.3141256324189978,0.8361018826135105,Medium,1,1,-0.555015723946555,-0.46364754611919395,-0.8463351785834327,-0.6744109272506594,-0.7129088773909934,-0.06284045653180377,0.14241187243179232,0.4496014439110113,-1.4016057553649466,-0.5272161250696584,-0.7494672137091747,0.05786129600597796,0.46446687072308995,-0.314125632419038,0.6065889645180796,-0.34649203129021994,0.6125530498969481,3.912023005428146,8.422003004412488
Whitman College,Yes,1861,998,359,45,77,1220,46,16670,4900,750,800,80.0,83,10.5,51,13198,72,0.13435266957470726,-0.173971860329511,-0.2419778454276312,1.0705183742130722,-0.44941542364369746,-1.1393532694354782,1.43096131592973,1.302364971752549,-0.8317407991744724,0.4018546093085536,0.09569733284866454,-0.9021518855480517,1.9107499268195751,1.0464841311853101,0.5362708221386352,Very High,3,1,0.13435266957470787,-0.17397186032950934,-0.2419778454276319,1.0705183742130722,-0.4494154236436969,-1.139353269435478,1.4309613159297299,1.3023649717525472,-0.8317407991744721,0.4018546093085536,0.09569733284866458,-0.9021518855480521,1.9107499268195753,1.04648413118527,-1.4329500816081144,1.5296355527690197,0.6125530498969481,4.356708826689592,8.497194544909547
Whittier College,Yes,1681,1069,344,35,63,1235,30,16249,5699,500,1998,84.0,92,13.6,29,11778,52,0.039557771850669034,-0.10347952645274693,-0.28959295080793046,0.6270233788095004,-0.43567819961886056,-1.3559697713457746,1.354189599847541,-0.2291945977334828,1.0643080452858786,0.6984756672128422,0.8746535950171559,-0.06921363882471981,0.6057379786639013,0.8053115233502973,0.635930993456276,Very High,3,1,0.03955777185066966,-0.10347952645274526,-0.2895929508079312,0.6270233788095003,-0.43567819961886,-1.3559697713457743,1.3541895998475408,-0.22919459773348455,1.0643080452858789,0.6984756672128422,0.8746535950171559,-0.06921363882472008,0.6057379786639014,0.8053115233502571,-0.7550322887549397,1.5296355527690197,0.6125530498969481,4.1588830833596715,8.648221453822641
Whitworth College,Yes,1121,926,372,43,70,1270,160,12660,4500,678,2424,80.0,80,16.9,20,8328,80,-0.34504794513803205,-0.25115817502418236,-0.20253144463050615,0.9881629366230471,-0.404400602071556,-0.45279577970094953,0.6394261943177687,0.913630837481714,1.481387122561704,0.4018546093085536,-0.1356944211524122,0.7394742574402835,-0.07789767130558382,-0.02779684738002976,0.8260481712756468,High,2,1,-0.34504794513803144,-0.2511581750241807,-0.20253144463050685,0.988162936623047,-0.4044006020715554,-0.45279577970094925,0.6394261943177685,0.9136308374817123,1.4813871225617041,0.4018546093085536,-0.13569442115241218,0.7394742574402834,-0.07789767130558381,-0.027796847380069965,0.5382006634542115,0.5915717607393999,0.6125530498969481,4.2626798770413155,8.412054873292933
Widener University,Yes,2139,1492,502,24,64,2186,2171,12350,5370,500,1350,88.0,86,12.6,19,9603,63,0.2629600429408455,0.23376930673508498,0.12141192232450645,0.012544204192919739,0.16690519896417919,1.2884950889424895,0.5717126512542592,-0.2291945977334828,0.23641393758197868,1.0088928960519896,0.3410143789166372,-0.3289547743612044,-0.16286737272235163,0.3336478858396273,0.6975222066386162,High,2,1,0.26296004294084613,0.23376930673508664,0.12141192232450576,0.012544204192919675,0.16690519896417974,1.2884950889424898,0.571712651254259,-0.22919459773348455,0.236413937581979,1.0088928960519896,0.3410143789166373,-0.32895477436120474,-0.16286737272235163,0.3336478858395871,-0.33607074426148165,0.5915717607393999,0.6125530498969481,4.174387269895637,8.58876938990546
Wilkes University,Yes,1631,1431,434,15,36,1803,603,11150,5130,550,1260,78.0,92,13.3,24,8543,67,0.01128404974854003,0.1919673017626421,-0.03405472879350941,-0.6744109272506593,-0.028009453844680027,0.3770778172558809,0.298527976331629,0.12366360639712475,0.0931907951322703,0.25872716535248275,0.8746535950171559,-0.1463314798823474,0.2420706033059415,0.03894435293751086,0.8773758430410791,High,2,1,0.01128404974854065,0.19196730176264376,-0.034054728793510104,-0.6744109272506594,-0.028009453844679462,0.3770778172558812,0.2985279763316287,0.123663606397123,0.09319079513227063,0.25872716535248275,0.8746535950171559,-0.14633147988234768,0.24207060330594155,0.03894435293747066,0.8873465809803923,0.5915717607393999,0.6125530498969481,3.6109179126442243,8.543055850941965
Willamette University,Yes,1658,1327,395,49,80,1595,159,14800,4620,400,790,91.0,94,13.3,37,10779,68,0.026665510636091745,0.11610279780387989,-0.13649015717666843,1.2273850455284772,-0.15639585241063214,-0.4564648167414976,1.0795063249243446,-1.0385747647777013,-0.8569127060046952,1.2507419520369065,1.0656043502924986,-0.1463314798823474,1.1257980950091877,0.6069399664301681,0.8003618817852834,Very High,3,1,0.026665510636092366,0.11610279780388155,-0.13649015717666912,1.2273850455284772,-0.1563958524106316,-0.4564648167414973,1.0795063249243444,-1.038574764777703,-0.8569127060046948,1.2507419520369065,1.0656043502924986,-0.14633147988234768,1.125798095009188,0.6069399664301279,0.36347496864886336,1.5296355527690197,0.6125530498969481,4.394449154672439,8.438366410870266
William Jewell College,Yes,663,547,315,32,67,1279,75,10060,2970,500,2600,74.0,80,11.2,19,7885,59,-0.8607730933120695,-0.8052369112113205,-0.3888347495730524,0.4756588429698257,-0.39652734657810157,-0.8801407632332479,0.03309415651257141,-0.2291945977334828,1.6341274961503625,-0.01714162821819213,-0.1356944211524122,-0.7065095975671861,-0.16286737272235163,-0.17407282626408035,0.8250377073906485,Medium,1,1,-0.8607730933120689,-0.8052369112113188,-0.38883474957305314,0.47565884296982563,-0.396527346578101,-0.8801407632332476,0.03309415651257113,-0.22919459773348455,1.6341274961503627,-0.01714162821819212,-0.13569442115241218,-0.7065095975671865,-0.16286737272235163,-0.17407282626412057,0.5313271909564313,-0.34649203129021994,0.6125530498969481,4.219507705176107,7.9966538754626075
William Woods University,Yes,469,435,227,17,39,851,120,10535,4365,550,3700,39.0,66,12.9,16,7438,52,-1.2116366681447983,-1.0527470066028954,-0.7700207143202807,-0.4994689411839057,-0.8712846112880029,-0.6188310905150493,0.15097738811113046,0.12366360639712475,2.415134195833099,-1.8347499920542811,-1.0407110988557453,-0.2502164766951095,-0.43232901744623836,-0.3351092920324069,0.9275053304904051,High,2,1,-1.2116366681447976,-1.0527470066028939,-0.7700207143202814,-0.4994689411839058,-0.8712846112880024,-0.618831090515049,0.15097738811113018,0.123663606397123,2.4151341958330996,-1.8347499920542811,-1.0407110988557453,-0.2502164766951098,-0.4323290174462384,-0.3351092920324471,1.2283420964325373,0.5915717607393999,0.6125530498969481,3.6888794541139363,8.38160253710989
Williams College,Yes,4186,1245,526,81,96,1988,29,19629,5790,500,1200,94.0,99,9.0,64,22014,99,0.865199010283176,0.05165994339618912,0.17056176327416073,2.2262660691867504,0.07185772335243855,-1.3727617016546403,1.9375903262235872,-0.2291945977334828,-0.007652220075795025,1.5003231131674828,1.572409762644023,-1.3393806851395524,2.543495455222458,1.964120477023716,0.2974199713330148,Very High,3,1,0.8651990102831767,0.05165994339619079,0.17056176327416003,2.2262660691867504,0.07185772335243912,-1.37276170165464,1.937590326223587,-0.22919459773348455,-0.0076522200757946955,1.5003231131674828,1.572409762644023,-1.3393806851395529,2.5434954552224585,1.9641204770236758,-3.0576838088176275,1.5296355527690197,0.6125530498969481,4.574710978503383,8.66406026722579
Wilson College,Yes,167,130,46,16,50,199,676,11428,5084,450,475,67.0,76,8.3,43,10291,67,-2.3123109268991837,-2.4244647191983604,-2.9278471650404243,-0.5849046607537621,-2.9551199105494304,0.45377706875136087,0.36347294163275595,-0.6142542943018506,-1.8555147898002493,-0.46650187191478404,-0.4230962065588109,-1.5530655045239836,1.4783988287579515,0.4993904976493249,0.7784431137724551,High,2,1,-2.3123109268991833,-2.4244647191983586,-2.927847165040425,-0.5849046607537622,-2.95511991054943,0.45377706875136115,0.3634729416327557,-0.6142542943018524,-1.855514789800249,-0.46650187191478404,-0.42309620655881086,-1.5530655045239843,1.4783988287579517,0.4993904976492847,0.2143770628670464,0.5915717607393999,0.6125530498969481,3.9318256327243257,8.53405030848266
Wingate College,Yes,1239,1017,383,10,34,1207,157,7820,3400,550,1550,69.0,81,13.9,8,7264,91,-0.24898650530947308,-0.15459456657626816,-0.17037589417541857,-1.204141438433242,-0.46148860661455593,-0.4638657067274971,-0.5786103630272444,0.12366360639712475,0.5254123186482096,-0.34246044604151626,-0.060091883356808096,0.007245150469287423,-1.3104191724516414,-0.4018938516147492,0.8208232445520581,Medium,1,1,-0.24898650530947247,-0.1545945665762665,-0.17037589417541926,-1.204141438433242,-0.4614886066145554,-0.46386570672749683,-0.5786103630272447,0.123663606397123,0.5254123186482099,-0.34246044604151626,-0.06009188335680806,0.007245150469287173,-1.3104191724516416,-0.4018938516147894,0.5026591753607847,-0.34649203129021994,0.6125530498969481,3.5553480614894135,8.131824785007195
Winona State University,No,3325,2047,1301,20,45,5800,872,4200,2700,300,1200,53.0,60,20.2,18,5318,58,0.6619525445131571,0.5465759092735397,1.0572019046433572,-0.2637884142137955,1.037346431769823,0.6278025423878265,-1.8801988340946807,-2.0483080694901465,-0.007652220075795025,-1.236939816910309,-1.3460179845367914,1.4885635714817704,-0.2501326836602141,-1.3666160743901539,0.6156390977443609,Low,0,0,0.6619525445131578,0.5465759092735414,1.0572019046433565,-0.26378841421379556,1.0373464317698238,0.6278025423878267,-1.880198834094681,-2.0483080694901483,-0.0076522200757946955,-1.236939816910309,-1.3460179845367914,1.4885635714817704,-0.25013268366021413,-1.366616074390194,-0.8930637307237067,-1.2845558233198398,-1.6325116659989423,3.828641396489095,7.901377353792616
Winthrop University,No,2320,1805,769,24,61,3395,670,6400,3392,580,2150,71.0,80,12.8,26,6729,59,0.3373947588535709,0.42295312706955235,0.55745390543658,0.012544204192919739,0.5826904389217379,0.44776209048702337,-1.0288789635676352,0.32217443214477826,1.2218312966148086,-0.21493899577553588,-0.1356944211524122,-0.27638263282096814,0.3918121720690085,-0.6236948310044769,0.7780172413793104,Low,0,0,0.3373947588535715,0.422953127069554,0.5574539054365794,0.012544204192919675,0.5826904389217384,0.44776209048702365,-1.0288789635676354,0.32217443214477653,1.2218312966148088,-0.21493899577553588,-0.13569442115241218,-0.2763826328209685,0.39181217206900854,-0.6236948310045171,0.211480153610513,-1.2845558233198398,-1.6325116659989423,4.127134385045092,8.129469764784231
Wisconsin Lutheran College,Yes,152,128,75,17,41,282,22,9100,3700,500,1400,48.0,48,8.5,26,8960,50,-2.4168012216092647,-2.4428284729650045,-2.210077122313728,-0.4994689411839057,-2.3931913503392033,-1.5075173179698154,-0.21682050591119023,-0.2291945977334828,0.31220519593736024,-1.470371731296988,-1.8227310098814986,-1.491320429933632,0.3918121720690085,0.16128556010863068,0.8421052631578947,Medium,1,1,-2.4168012216092642,-2.4428284729650027,-2.210077122313729,-0.4994689411839058,-2.393191350339203,-1.5075173179698151,-0.2168205059111905,-0.22919459773348455,0.31220519593736057,-1.470371731296988,-1.8227310098814986,-1.4913204299336325,0.39181217206900854,0.16128556010859046,0.6474257244242533,-0.34649203129021994,0.6125530498969481,3.7376696182833684,8.216358332386156
Wittenberg University,Yes,1979,1739,575,42,68,1980,144,15948,4404,400,800,82.0,95,12.8,29,10414,78,0.19130281898053103,0.3861448610987053,0.2633301416186937,0.9459121453121655,0.06777717653348483,-0.5141529033467143,1.298495799095605,-1.0385747647777013,-0.8317407991744724,0.5484387369161905,1.1635803366973685,-0.27638263282096814,0.6057379786639013,0.527229690496521,0.8787266296109146,Very High,3,1,0.19130281898053164,0.386144861098707,0.263330141618693,0.9459121453121654,0.0677771765334854,-0.514152903346714,1.2984957990956048,-1.038574764777703,-0.8317407991744721,0.5484387369161905,1.1635803366973685,-0.2763826328209685,0.6057379786639014,0.5272296904964808,0.8965350284607806,1.5296355527690197,0.6125530498969481,4.23410650459726,8.39049553837028
Wofford College,Yes,1501,935,273,51,83,1059,34,12680,4150,605,1440,91.0,92,15.3,42,7875,75,-0.06681246631738083,-0.24116534685931115,-0.5529771240853327,1.3022664532279355,-0.611218195855224,-1.2934851488090777,0.6437572307305874,0.48087930836339204,0.37105468890854276,1.2507419520369065,0.8746535950171559,0.35589122960456665,1.4214972168606004,-0.17752060496306557,0.6229180546302465,High,2,1,-0.0668124663173802,-0.2411653468593095,-0.5529771240853334,1.3022664532279355,-0.6112181958552234,-1.2934851488090775,0.6437572307305872,0.4808793083633903,0.3710546889085431,1.2507419520369065,0.8746535950171559,0.35589122960456643,1.4214972168606006,-0.1775206049631058,-0.8435501254277106,0.5915717607393999,0.6125530498969481,4.430816798843313,8.33110454805304
Worcester Polytechnic Institute,Yes,2768,2314,682,49,86,2802,86,15884,5370,530,730,92.0,94,15.2,34,10774,82,0.4976756803184542,0.6660117543881114,0.437575387604558,1.2273850455284772,0.4062962085515197,-0.8052989747267912,1.2865650797263204,-0.013985653099363818,-1.0144444682719085,1.3330771206617404,1.0656043502924986,0.33141144615172624,0.9383237733786066,0.6058762532703789,0.8359826589595376,Very High,3,1,0.4976756803184548,0.6660117543881131,0.4375753876045573,1.2273850455284772,0.40629620855152027,-0.805298974726791,1.2865650797263202,-0.013985653099365565,-1.0144444682719083,1.3330771206617404,1.0656043502924986,0.331411446151726,0.9383237733786067,0.6058762532703387,0.6057779701630772,1.5296355527690197,0.6125530498969481,4.465908118654584,8.58876938990546
Worcester State College,No,2197,1515,543,4,26,3089,2029,6797,3900,500,1200,60.0,60,21.0,14,4469,40,0.28752525648337707,0.2490583059657858,0.20383666613898596,-2.216819485276005,0.496824431853147,1.237428064289725,-0.8968839680785266,-0.2291945977334828,-0.007652220075795025,-0.8731730296610826,-1.3460179845367914,1.6627856961005765,-0.6263490666426472,-1.9799723906934967,0.6895766954938553,Low,0,0,0.2875252564833777,0.24905830596578746,0.20383666613898527,-2.216819485276005,0.49682443185314756,1.2374280642897253,-0.8968839680785268,-0.22919459773348455,-0.0076522200757946955,-0.8731730296610826,-1.3460179845367914,1.6627856961005767,-0.6263490666426473,-1.979972390693537,-0.39011844764319553,-1.2845558233198398,-1.6325116659989423,3.295836866004329,8.268988209506656
Xavier University,Yes,1959,1805,695,24,47,2849,1107,11520,4960,600,1250,73.0,75,13.3,31,9189,83,0.18191090548427988,0.42295312706955235,0.45657546961931306,0.012544204192919739,0.42187618694992735,0.7949301623211533,0.38473670860264636,0.44960144391101303,0.07669669089682644,-0.08394204211030992,-0.4912534379026085,-0.1463314798823474,0.7420738904172537,0.22480100330433048,0.9213884635017866,High,2,1,0.1819109054842805,0.422953127069554,0.45657546961931234,0.012544204192919675,0.4218761869499279,0.7949301623211535,0.3847367086026461,0.4496014439110113,0.07669669089682678,-0.08394204211030991,-0.49125343790260845,-0.14633147988234768,0.7420738904172538,0.22480100330429026,1.1867333683591725,0.5915717607393999,0.6125530498969481,3.871201010907891,8.509362612301048
Xavier University of Louisiana,Yes,2097,1915,695,34,61,2793,166,6900,4200,617,781,67.0,75,14.4,20,8323,49,0.24472110475517508,0.4812135346990946,0.45657546961931306,0.5776799288914052,0.4032764610534908,-0.431205973875573,-0.8634700462138201,0.5550371375441432,-0.8798209512533461,-0.46650187191478404,-0.4912534379026085,0.1332649038957073,-0.07789767130558382,-0.029380542782094118,0.9132093466857415,Low,0,1,0.2447211047551757,0.4812135346990963,0.45657546961931234,0.5776799288914051,0.40327646105349135,-0.43120597387557275,-0.8634700462138203,0.5550371375441414,-0.8798209512533458,-0.46650187191478404,-0.49125343790260845,0.13326490389570708,-0.07789767130558381,-0.02938054278213432,1.1310966105038294,-1.2845558233198398,0.6125530498969481,4.127134385045092,8.343077871169383
Yale University,Yes,10705,2453,1317,95,99,5217,83,19840,6510,630,2115,96.0,96,5.8,49,40386,99,1.6595786935250623,0.7224846744180432,1.0683467989939706,2.5709000589305027,0.9515919364341746,-0.8248132324389376,1.9717424155825214,0.6339700115112425,1.18649514413898,1.6710005215479578,1.2632379969775114,-2.38168150553426,1.8061919062938572,2.7688087578850706,0.22914525922466136,Very High,3,1,1.659578693525063,0.7224846744180449,1.06834679899397,2.5709000589305027,0.9515919364341752,-0.8248132324389373,1.9717424155825212,0.6339700115112408,1.1864951441389802,1.6710005215479578,1.2632379969775114,-2.381681505534261,1.8061919062938574,2.7688087578850302,-3.5221084784548156,1.5296355527690197,0.6125530498969481,4.605170185988092,8.781248333236862
York College of Pennsylvania,Yes,2989,1855,691,28,63,2988,1726,4990,3560,500,1250,75.0,75,18.1,28,4509,99,0.5667677725691339,0.44989271511458745,0.4507732493389179,0.2564541555541443,0.46617965341957046,1.116703446445653,-1.5466554499900282,-0.2291945977334828,0.07669669089682644,0.05052602522539324,-0.4912534379026085,1.0179463813154224,0.5357515448375559,-1.947123625853556,0.6206088992974239,Low,0,1,0.5667677725691346,0.4498927151145891,0.45077324933891716,0.25645415555414425,0.466179653419571,1.1167034464456531,-1.5466554499900285,-0.22919459773348455,0.07669669089682678,0.05052602522539325,-0.49125343790260845,1.0179463813154224,0.535751544837556,-1.9471236258535962,-0.8592576790660932,-1.2845558233198398,0.6125530498969481,4.1588830833596715,8.177796683277778
